{
  "key_management_service_dashboard_title": "Dashboard page",
  "results": "résultats",
  "loading": "chargement",
  "error_service": "No services info",
  "general_informations": "Informations générales",
  "key_management_service_dashboard_field_label_name": "Nom du KMS",
  "key_management_service_dashboard_field_label_id": "ID",
  "key_management_service_dashboard_field_label_urn": "URN",
  "key_management_service_dashboard_field_label_region": "Région",
  "key_management_service_dashboard_field_label_restApi": "Rest API",
  "key_management_service_dashboard_field_label_kmip": "KMIP",
  "key_management_service_dashboard_field_label_swagger": "Swagger UI",
  "key_management_service_dashboard_modal_title": "Nom du KMS",
  "key_management_service_dashboard_modal_cta_cancel": "Annuler",
  "key_management_service_dashboard_modal_cta_edit": "Modifier",
  "key_management_service_dashboard_region_eu_west_par": "Europe (France - Paris)",
  "key_management_service_dashboard_region_eu_west_gra": "Europe (France - Gravelines)",
  "key_management_service_dashboard_region_eu_west_rbx": "Europe (France - Roubaix)",
  "key_management_service_dashboard_region_eu_west_sbg": "Europe (France - Strasbourg)",
  "key_management_service_dashboard_region_eu_west_lim": "Europe (Germany - Limburg)",
  "key_management_service_dashboard_region_eu_central_waw": "Europe (Poland - Warsaw)",
  "key_management_service_dashboard_region_eu_west_eri": "Europe (UK - Erith)",
  "key_management_service_dashboard_region_us_east_vin": "North America (US - East - Vinthill)",
  "key_management_service_dashboard_region_us_west_hil": "North America (US - West - Hillsboro)",
  "key_management_service_dashboard_region_ca_east_bhs": "North America (Canada - East - Beauharnois)",
  "key_management_service_dashboard_region_ap_southeast_sgp": "Asia Pacific (Singapore - Singapore)",
  "key_management_service_dashboard_region_ap_southeast_syd": "Asia Pacific (Australia - Sydney)",
  "key_management_service_dashboard_region_eu_west_rbx_snc": "Europe (France - Roubaix) (SNC)",
  "key_management_service_dashboard_region_eu_west_sbg_snc": "Europe (France - Strasbourg) (SNC)",
  "key_management_service_dashboard_region_ca_east_tor": "North America (Canada - East - Toronto)",
  "key_management_service_dashboard_region_ap_south_mum": "Asia Pacific (India - Mumbai)",
  "key_management_service_dashboard_region_labeu_west_1_preprod": "LABEU (France - Croix) (PREPROD)",
  "key_management_service_dashboard_region_labeu_west_1_dev_1": "LABEU (France - Croix) (DEV-1)",
  "key_management_service_dashboard_region_labeu_west_1_dev_2": "LABEU (France - Croix) (DEV-2)"
}
