{
  "region-selector-all-locations": "Alle Regionen",
  "region-selector-eu-filter": "Europa",
  "region-selector-ca-filter": "Kanada",
  "region-selector-us-filter": "USA",
  "region-selector-ap-filter": "Asiatisch-pazifischer Raum",
  "region-selector-city-name_eu-west-par": "Paris",
  "region-selector-city-name_eu-west-gra": "Gravelines",
  "region-selector-city-name_eu-west-gra1": "Gravelines (GRA1)",
  "region-selector-city-name_eu-west-sha": "Gravelines (SHADOW-EU-1)",
  "region-selector-city-name_eu-west-rbx": "Roubaix",
  "region-selector-city-name_eu-west-sbg": "Straßburg",
  "region-selector-city-name_eu-west-sbg1": "Straßburg (SBG1)",
  "region-selector-city-name_eu-west-lim": "Limburg",
  "region-selector-city-name_eu-west-dln": "Dublin",
  "region-selector-city-name_eu-west-vie": "Wien",
  "region-selector-city-name_eu-west-ams": "Amsterdam",
  "region-selector-city-name_eu-west-eri": "Erith",
  "region-selector-city-name_eu-west-mnc": "Manchester",
  "region-selector-city-name_eu-west-lux": "Luxemburg",
  "region-selector-city-name_eu-west-zrh": "Zürich",
  "region-selector-city-name_eu-west-lau": "Lausanne",
  "region-selector-city-name_eu-north-hel": "Helsinki",
  "region-selector-city-name_eu-central-waw": "Warschau",
  "region-selector-city-name_eu-central-pra": "Prag",
  "region-selector-city-name_eu-central-bug": "Bukarest",
  "region-selector-city-name_eu-west-lz-bru": "Brüssel (lz)",
  "region-selector-city-name_eu-west-lz-mad": "Madrid (lz)",
  "region-selector-city-name_eu-south-mil": "Mailand",
  "region-selector-city-name_eu-west-gra-snc": "Gravelines (snc)",
  "region-selector-city-name_eu-west-rbx-snc": "Roubaix (snc)",
  "region-selector-city-name_eu-west-sbg-snc": "Straßburg (snc)",
  "region-selector-city-name_eu-west-lz-mrs": "Marseille",
  "region-selector-city-name_labeu-west-1-preprod": "Croix (preprod)",
  "region-selector-city-name_labeu-west-1-dev-1": "Croix (dev-1)",
  "region-selector-city-name_labeu-west-1-dev-2": "Croix (dev-2)",
  "region-selector-city-name_us-east-vin": "Vint Hill",
  "region-selector-city-name_us-west-hil": "Hillsboro",
  "region-selector-city-name_us-east-lz-dal": "Dallas",
  "region-selector-city-name_us-east-lz-hou": "Houston",
  "region-selector-city-name_us-west-lz-lax": "Los Angeles",
  "region-selector-city-name_us-west-lz-slc": "Salt Lake City",
  "region-selector-city-name_us-east-lz-chi": "Chicago",
  "region-selector-city-name_us-east-lz-stl": "Saint-Louis",
  "region-selector-city-name_us-east-lz-ind": "Indianapolis",
  "region-selector-city-name_us-east-lz-nyc": "New York",
  "region-selector-city-name_us-east-lz-mia": "Miami",
  "region-selector-city-name_us-west-lz-pao": "Palo Alto",
  "region-selector-city-name_us-west-lz-den": "Denver",
  "region-selector-city-name_us-west-lz-sea": "Seattle",
  "region-selector-city-name_us-east-lz-atl": "Atlanta",
  "region-selector-city-name_us-east-lz-bna": "Nashville",
  "region-selector-city-name_us-east-lz-clt": "Charlotte",
  "region-selector-city-name_us-east-lz-bos": "Boston",
  "region-selector-city-name_us-east-lz-phd": "Philadelphia",
  "region-selector-city-name_ca-east-bhs": "Beauharnois",
  "region-selector-city-name_ca-east-van": "Vancouver",
  "region-selector-city-name_ca-east-bhs1": "Beauharnois (BHS1)",
  "region-selector-city-name_ca-east-tor": "Toronto",
  "region-selector-city-name_ap-southeast-sgp": "Singapur",
  "region-selector-city-name_ap-southeast-syd": "Sydney",
  "region-selector-city-name_ap-south-mum": "Mumbai",
  "region-selector-city-name_ap-south-blr": "Bangalore",
  "region-selector-city-name_ap-north-tyo": "Tokio",
  "region-selector-country-name_AC": "Ascension",
  "region-selector-country-name_AD": "Andorra",
  "region-selector-country-name_AE": "Vereinigte Arabische Emirate",
  "region-selector-country-name_AF": "Afghanistan",
  "region-selector-country-name_AG": "Antigua und Barbuda",
  "region-selector-country-name_AI": "Anguilla",
  "region-selector-country-name_AL": "Albanien",
  "region-selector-country-name_AM": "Armenien",
  "region-selector-country-name_AO": "Angola",
  "region-selector-country-name_AQ": "Antarktis",
  "region-selector-country-name_AR": "Argentinien",
  "region-selector-country-name_AS": "Amerikanisch-Samoa",
  "region-selector-country-name_AT": "Österreich",
  "region-selector-country-name_AU": "Australien",
  "region-selector-country-name_AW": "Aruba",
  "region-selector-country-name_AX": "Åland Inseln",
  "region-selector-country-name_AZ": "Aserbaidschan",
  "region-selector-country-name_BA": "Bosnien-Herzegowina",
  "region-selector-country-name_BB": "Barbados",
  "region-selector-country-name_BD": "Bangladesch",
  "region-selector-country-name_BE": "Belgien",
  "region-selector-country-name_BF": "Burkina Faso",
  "region-selector-country-name_BG": "Bulgarien",
  "region-selector-country-name_BH": "Bahrein",
  "region-selector-country-name_BI": "Burundi",
  "region-selector-country-name_BJ": "Benin",
  "region-selector-country-name_BL": "Saint Barthélemy",
  "region-selector-country-name_BM": "Bermuda",
  "region-selector-country-name_BN": "Brunei Darussalam",
  "region-selector-country-name_BO": "Bolivien",
  "region-selector-country-name_BQ": "Karibische Niederlande",
  "region-selector-country-name_BR": "Brasilien",
  "region-selector-country-name_BS": "Bahamas",
  "region-selector-country-name_BT": "Bhutan",
  "region-selector-country-name_BW": "Botswana",
  "region-selector-country-name_BY": "Weißrussland",
  "region-selector-country-name_BZ": "Belize",
  "region-selector-country-name_CA": "Kanada",
  "region-selector-country-name_CC": "Cocos (Keeling) Islands",
  "region-selector-country-name_CD": "Demokratische Republik Kongo",
  "region-selector-country-name_CF": "Zentralafrikanische Republik",
  "region-selector-country-name_CG": "Kongo",
  "region-selector-country-name_CH": "Schweiz",
  "region-selector-country-name_CI": "Elfenbeinküste",
  "region-selector-country-name_CK": "Cook Islands",
  "region-selector-country-name_CL": "Chile",
  "region-selector-country-name_CM": "Kamerun",
  "region-selector-country-name_CN": "China",
  "region-selector-country-name_CO": "Kolumbien",
  "region-selector-country-name_CR": "Costa Rica",
  "region-selector-country-name_CU": "Kuba",
  "region-selector-country-name_CV": "Kap Verde",
  "region-selector-country-name_CW": "Curaçao",
  "region-selector-country-name_CX": "Weihnachtsinsel",
  "region-selector-country-name_CY": "Zypern",
  "region-selector-country-name_CZ": "Tschechische Republik",
  "region-selector-country-name_DE": "Deutschland",
  "region-selector-country-name_DG": "Diego Garcia",
  "region-selector-country-name_DJ": "Dschibuti",
  "region-selector-country-name_DK": "Dänemark",
  "region-selector-country-name_DM": "Dominika",
  "region-selector-country-name_DO": "Dominikanische Republik",
  "region-selector-country-name_DZ": "Algerien",
  "region-selector-country-name_EA": "Ceuta, Melilla",
  "region-selector-country-name_EC": "Ecuador",
  "region-selector-country-name_EE": "Estland",
  "region-selector-country-name_EG": "Ägypten",
  "region-selector-country-name_EH": "Westsahara",
  "region-selector-country-name_ER": "Eritrea",
  "region-selector-country-name_ES": "Spanien",
  "region-selector-country-name_ET": "Äthiopien",
  "region-selector-country-name_FI": "Finnland",
  "region-selector-country-name_FJ": "Fidschi",
  "region-selector-country-name_FK": "Falkland-Inseln (Malvinas)",
  "region-selector-country-name_FM": "Mikronesien",
  "region-selector-country-name_FO": "Färöer-Inseln",
  "region-selector-country-name_FR": "Frankreich",
  "region-selector-country-name_GA": "Gabun",
  "region-selector-country-name_GB": "Vereinigtes Königreich",
  "region-selector-country-name_GD": "Grenada",
  "region-selector-country-name_GE": "Georgien",
  "region-selector-country-name_GF": "Französisch-Guayana",
  "region-selector-country-name_GG": "Guernesey",
  "region-selector-country-name_GH": "Ghana",
  "region-selector-country-name_GI": "Gibraltar",
  "region-selector-country-name_GL": "Grönland",
  "region-selector-country-name_GM": "Gambia",
  "region-selector-country-name_GN": "Guinea",
  "region-selector-country-name_GP": "Guadeloupe",
  "region-selector-country-name_GQ": "Äquatorial-Guinea",
  "region-selector-country-name_GR": "Griechenland",
  "region-selector-country-name_GS": "Südgeorgien und Südliche Sandwichinseln",
  "region-selector-country-name_GT": "Guatemala",
  "region-selector-country-name_GU": "Guam",
  "region-selector-country-name_GW": "Guinea-Bissau",
  "region-selector-country-name_GY": "Guyana",
  "region-selector-country-name_HK": "Hong-Kong",
  "region-selector-country-name_HN": "Honduras",
  "region-selector-country-name_HR": "Kroatien",
  "region-selector-country-name_HT": "Haiti",
  "region-selector-country-name_HU": "Ungarn",
  "region-selector-country-name_IC": "Kanarische Inseln",
  "region-selector-country-name_ID": "Indonesien",
  "region-selector-country-name_IE": "Irland",
  "region-selector-country-name_IL": "Israel",
  "region-selector-country-name_IM": "Isle of Man",
  "region-selector-country-name_IN": "Indien",
  "region-selector-country-name_IO": "Britisches Territorium im Indischen Ozean",
  "region-selector-country-name_IQ": "Irak",
  "region-selector-country-name_IR": "Iran",
  "region-selector-country-name_IS": "Island",
  "region-selector-country-name_IT": "Italien",
  "region-selector-country-name_JE": "Jersey",
  "region-selector-country-name_JM": "Jamaika",
  "region-selector-country-name_JO": "Jordanien",
  "region-selector-country-name_JP": "Japan",
  "region-selector-country-name_KE": "Kenia",
  "region-selector-country-name_KG": "Kirgisistan",
  "region-selector-country-name_KH": "Kambodscha",
  "region-selector-country-name_KI": "Kiribati",
  "region-selector-country-name_KM": "Komoren",
  "region-selector-country-name_KN": "St. Kitts und Nevis",
  "region-selector-country-name_KP": "Demokratische Volksrepublik Korea",
  "region-selector-country-name_KR": "Republik Korea",
  "region-selector-country-name_KW": "Kuwait",
  "region-selector-country-name_KY": "Cayman Islands",
  "region-selector-country-name_KZ": "Kasachstan",
  "region-selector-country-name_LA": "Laos, Demokratische Volksrepublik",
  "region-selector-country-name_LB": "Libanon",
  "region-selector-country-name_LC": "St. Lucia",
  "region-selector-country-name_LI": "Liechtenstein",
  "region-selector-country-name_LK": "Sri Lanka",
  "region-selector-country-name_LR": "Liberia",
  "region-selector-country-name_LS": "Lesotho",
  "region-selector-country-name_LT": "Litauen",
  "region-selector-country-name_LU": "Luxemburg",
  "region-selector-country-name_LV": "Lettland",
  "region-selector-country-name_LY": "Libyen",
  "region-selector-country-name_MA": "Marokko*",
  "region-selector-country-name_MC": "Monaco",
  "region-selector-country-name_MD": "Moldawien",
  "region-selector-country-name_ME": "Montenegro",
  "region-selector-country-name_MF": "Saint Martin (französischer Teil)",
  "region-selector-country-name_MG": "Madagaskar",
  "region-selector-country-name_MH": "Marshall-Inseln",
  "region-selector-country-name_MK": "Mazedonien",
  "region-selector-country-name_ML": "Mali",
  "region-selector-country-name_MM": "Myanmar",
  "region-selector-country-name_MN": "Mongolei",
  "region-selector-country-name_MO": "Macao",
  "region-selector-country-name_MP": "Nördliche Marianen",
  "region-selector-country-name_MQ": "Martinique",
  "region-selector-country-name_MR": "Mauretanien",
  "region-selector-country-name_MS": "Montserrat",
  "region-selector-country-name_MT": "Malta",
  "region-selector-country-name_MU": "Republik Mauritius",
  "region-selector-country-name_MV": "Malediven",
  "region-selector-country-name_MW": "Malawi",
  "region-selector-country-name_MX": "Mexiko",
  "region-selector-country-name_MY": "Malaysia",
  "region-selector-country-name_MZ": "Mosambik",
  "region-selector-country-name_NA": "Namibia",
  "region-selector-country-name_NC": "Neukaledonien",
  "region-selector-country-name_NE": "Niger",
  "region-selector-country-name_NF": "Norfolk-Insel",
  "region-selector-country-name_NG": "Nigeria",
  "region-selector-country-name_NI": "Nicaragua",
  "region-selector-country-name_NL": "Niederlande",
  "region-selector-country-name_NO": "Norwegen",
  "region-selector-country-name_NP": "Nepal",
  "region-selector-country-name_NR": "Nauru",
  "region-selector-country-name_NU": "Niue",
  "region-selector-country-name_NZ": "Neuseeland",
  "region-selector-country-name_OM": "Oman",
  "region-selector-country-name_PA": "Panama",
  "region-selector-country-name_PE": "Peru",
  "region-selector-country-name_PF": "Französisch-Polynesien",
  "region-selector-country-name_PG": "Papua-Neuguinea",
  "region-selector-country-name_PH": "Philippinen",
  "region-selector-country-name_PK": "Pakistan",
  "region-selector-country-name_PL": "Polen",
  "region-selector-country-name_PM": "Saint-Pierre und Miquelon",
  "region-selector-country-name_PN": "Pitcairn",
  "region-selector-country-name_PR": "Puerto Rico",
  "region-selector-country-name_PS": "Palästinensische Gebiete",
  "region-selector-country-name_PT": "Portugal",
  "region-selector-country-name_PW": "Palau",
  "region-selector-country-name_PY": "Paraguay",
  "region-selector-country-name_QA": "Katar",
  "region-selector-country-name_QC": "Quebec",
  "region-selector-country-name_RE": "La Réunion",
  "region-selector-country-name_RO": "Rumänien",
  "region-selector-country-name_RS": "Republik Serbien (vormals Serbien und Montenegro)",
  "region-selector-country-name_RU": "Russland",
  "region-selector-country-name_RW": "Ruanda",
  "region-selector-country-name_SA": "Saudi-Arabien",
  "region-selector-country-name_SB": "Salomon-Inseln",
  "region-selector-country-name_SC": "Seychellen",
  "region-selector-country-name_SD": "Sudan",
  "region-selector-country-name_SE": "Schweden",
  "region-selector-country-name_SG": "Singapur",
  "region-selector-country-name_SH": "Sankt Helena",
  "region-selector-country-name_SI": "Slowenien",
  "region-selector-country-name_SJ": "Svalbard und Jan Mayen Insel",
  "region-selector-country-name_SK": "Slowakei",
  "region-selector-country-name_SL": "Sierra Leone",
  "region-selector-country-name_SM": "San Marino",
  "region-selector-country-name_SN": "Senegal*",
  "region-selector-country-name_SO": "Somalia",
  "region-selector-country-name_SR": "Suriname",
  "region-selector-country-name_SS": "Süd-Sudan",
  "region-selector-country-name_ST": "Sao Tome und Principe",
  "region-selector-country-name_SV": "El Salvador",
  "region-selector-country-name_SX": "Saint-Martin (Königreich der Niederlande)",
  "region-selector-country-name_SY": "Syrien",
  "region-selector-country-name_SZ": "Swasiland",
  "region-selector-country-name_TA": "Tristan da Cunha",
  "region-selector-country-name_TC": "Turks- und Caicosinseln",
  "region-selector-country-name_TD": "Tschad",
  "region-selector-country-name_TF": "Südliche Französische Territorien",
  "region-selector-country-name_TG": "Togo",
  "region-selector-country-name_TH": "Thailand",
  "region-selector-country-name_TJ": "Tadschikistan",
  "region-selector-country-name_TK": "Tokelau",
  "region-selector-country-name_TL": "Timor-Leste",
  "region-selector-country-name_TM": "Turkmenistan",
  "region-selector-country-name_TN": "Tunesien*",
  "region-selector-country-name_TO": "Tonga",
  "region-selector-country-name_TR": "Türkei",
  "region-selector-country-name_TT": "Trinidad und Tobago",
  "region-selector-country-name_TV": "Tuvalu",
  "region-selector-country-name_TW": "Taiwan, Provinz von China",
  "region-selector-country-name_TZ": "Tansania",
  "region-selector-country-name_UA": "Ukraine",
  "region-selector-country-name_UG": "Uganda",
  "region-selector-country-name_UK": "Vereinigtes Königreich",
  "region-selector-country-name_UM": "Kleinere Inselbesitzungen der Vereinigten Staaten",
  "region-selector-country-name_US": "USA",
  "region-selector-country-name_UY": "Uruguay",
  "region-selector-country-name_UZ": "Usbekistan",
  "region-selector-country-name_VA": "Vatikan",
  "region-selector-country-name_VC": "St. Vincent und die Grenadinen",
  "region-selector-country-name_VE": "Venezuela",
  "region-selector-country-name_VG": "British Virgin Islands",
  "region-selector-country-name_VI": "US-Jungferninseln",
  "region-selector-country-name_VN": "Vietnam",
  "region-selector-country-name_VU": "Vanuatu",
  "region-selector-country-name_WF": "Wallis und Futuna",
  "region-selector-country-name_WS": "Samoa",
  "region-selector-country-name_XK": "Kosovo",
  "region-selector-country-name_YE": "Jemen",
  "region-selector-country-name_YT": "Mayotte",
  "region-selector-country-name_ZA": "Südafrika",
  "region-selector-country-name_ZM": "Sambia",
  "region-selector-country-name_ZW": "Simbabwe"
}
