{
  "region-selector-all-locations": "Wszystkie regiony",
  "region-selector-eu-filter": "Europa",
  "region-selector-ca-filter": "Kanada",
  "region-selector-us-filter": "USA",
  "region-selector-ap-filter": "Azja-Pacyfik",
  "region-selector-city-name_eu-west-par": "Paryż",
  "region-selector-city-name_eu-west-gra": "Gravelines",
  "region-selector-city-name_eu-west-gra1": "Gravelines (GRA1)",
  "region-selector-city-name_eu-west-sha": "Gravelines (SHADOW-EU-1)",
  "region-selector-city-name_eu-west-rbx": "Roubaix",
  "region-selector-city-name_eu-west-sbg": "Strasburg",
  "region-selector-city-name_eu-west-sbg1": "Strasburg (SBG1)",
  "region-selector-city-name_eu-west-lim": "Limburg",
  "region-selector-city-name_eu-west-dln": "Dublin",
  "region-selector-city-name_eu-west-vie": "Wiedeń",
  "region-selector-city-name_eu-west-ams": "Amsterdam",
  "region-selector-city-name_eu-west-eri": "Erith",
  "region-selector-city-name_eu-west-mnc": "Manchester",
  "region-selector-city-name_eu-west-lux": "Luksemburg",
  "region-selector-city-name_eu-west-zrh": "Zurych",
  "region-selector-city-name_eu-west-lau": "Lozanna",
  "region-selector-city-name_eu-north-hel": "Helsinki",
  "region-selector-city-name_eu-central-waw": "Warszawa",
  "region-selector-city-name_eu-central-pra": "Praga",
  "region-selector-city-name_eu-central-bug": "Bukareszt",
  "region-selector-city-name_eu-west-lz-bru": "Bruksela (lz)",
  "region-selector-city-name_eu-west-lz-mad": "Madryt (lz)",
  "region-selector-city-name_eu-south-mil": "Mediolan",
  "region-selector-city-name_eu-west-gra-snc": "Gravelines (snc)",
  "region-selector-city-name_eu-west-rbx-snc": "Roubaix (snc)",
  "region-selector-city-name_eu-west-sbg-snc": "Strasburg (snc)",
  "region-selector-city-name_eu-west-lz-mrs": "Marsylia",
  "region-selector-city-name_labeu-west-1-preprod": "Croix (preprod)",
  "region-selector-city-name_labeu-west-1-dev-1": "Croix (dev-1)",
  "region-selector-city-name_labeu-west-1-dev-2": "Croix (dev-2)",
  "region-selector-city-name_us-east-vin": "Vint Hill",
  "region-selector-city-name_us-west-hil": "Hillsboro",
  "region-selector-city-name_us-east-lz-dal": "Dallas",
  "region-selector-city-name_us-east-lz-hou": "Houston",
  "region-selector-city-name_us-west-lz-lax": "Los Angeles",
  "region-selector-city-name_us-west-lz-slc": "Salt Lake City",
  "region-selector-city-name_us-east-lz-chi": "Chicago",
  "region-selector-city-name_us-east-lz-stl": "St. Louis",
  "region-selector-city-name_us-east-lz-ind": "Indianapolis",
  "region-selector-city-name_us-east-lz-nyc": "Nowy Jork",
  "region-selector-city-name_us-east-lz-mia": "Miami",
  "region-selector-city-name_us-west-lz-pao": "Palo Alto",
  "region-selector-city-name_us-west-lz-den": "Denver",
  "region-selector-city-name_us-west-lz-sea": "Seattle",
  "region-selector-city-name_us-east-lz-atl": "Atlanta",
  "region-selector-city-name_us-east-lz-bna": "Nashville",
  "region-selector-city-name_us-east-lz-clt": "Charlotte",
  "region-selector-city-name_us-east-lz-bos": "Boston",
  "region-selector-city-name_us-east-lz-phd": "Filadelfia",
  "region-selector-city-name_ca-east-bhs": "Beauharnois",
  "region-selector-city-name_ca-east-van": "Vancouver",
  "region-selector-city-name_ca-east-bhs1": "Beauharnois (BHS1)",
  "region-selector-city-name_ca-east-tor": "Toronto",
  "region-selector-city-name_ap-southeast-sgp": "Singapur",
  "region-selector-city-name_ap-southeast-syd": "Sydney",
  "region-selector-city-name_ap-south-mum": "Mumbaj",
  "region-selector-city-name_ap-south-blr": "Bengaluru",
  "region-selector-city-name_ap-north-tyo": "Tokio",
  "region-selector-country-name_AC": "Wyspa Wniebowstąpienia",
  "region-selector-country-name_AD": "Andora",
  "region-selector-country-name_AE": "Zjednoczone Emiraty Arabskie",
  "region-selector-country-name_AF": "Afganistan",
  "region-selector-country-name_AG": "Antigua i Barbuda",
  "region-selector-country-name_AI": "Anguilla",
  "region-selector-country-name_AL": "Albania",
  "region-selector-country-name_AM": "Armenia",
  "region-selector-country-name_AO": "Angola",
  "region-selector-country-name_AQ": "Antarktyda",
  "region-selector-country-name_AR": "Argentyna",
  "region-selector-country-name_AS": "Samoa Amerykańskie",
  "region-selector-country-name_AT": "Austria",
  "region-selector-country-name_AU": "Australia",
  "region-selector-country-name_AW": "Aruba",
  "region-selector-country-name_AX": "Wyspy Alandzkie",
  "region-selector-country-name_AZ": "Azerbejdżan",
  "region-selector-country-name_BA": "Bośnia i Hercegowina",
  "region-selector-country-name_BB": "Barbados",
  "region-selector-country-name_BD": "Bangladesz",
  "region-selector-country-name_BE": "Belgia",
  "region-selector-country-name_BF": "Burkina Faso",
  "region-selector-country-name_BG": "Bułgaria",
  "region-selector-country-name_BH": "Bahrajn",
  "region-selector-country-name_BI": "Burundi",
  "region-selector-country-name_BJ": "Benin",
  "region-selector-country-name_BL": "Saint Barthelemy",
  "region-selector-country-name_BM": "Bermudy",
  "region-selector-country-name_BN": "Brunei Darussalam",
  "region-selector-country-name_BO": "Boliwia",
  "region-selector-country-name_BQ": "Karaiby",
  "region-selector-country-name_BR": "Brazylia",
  "region-selector-country-name_BS": "Bahamy",
  "region-selector-country-name_BT": "Bhoutan",
  "region-selector-country-name_BW": "Botswana",
  "region-selector-country-name_BY": "Białoruś",
  "region-selector-country-name_BZ": "Belize",
  "region-selector-country-name_CA": "Kanada",
  "region-selector-country-name_CC": "Wyspy Kokosowe",
  "region-selector-country-name_CD": "Demokratyczna Republika Kongo",
  "region-selector-country-name_CF": "Republika Środkowoafrykańska",
  "region-selector-country-name_CG": "Kongo",
  "region-selector-country-name_CH": "Szwajcaria",
  "region-selector-country-name_CI": "Wybrzeże Kości Słoniowej",
  "region-selector-country-name_CK": "Wyspy Cooka",
  "region-selector-country-name_CL": "Chile",
  "region-selector-country-name_CM": "Kamerun",
  "region-selector-country-name_CN": "Chiny",
  "region-selector-country-name_CO": "Kolumbia",
  "region-selector-country-name_CR": "Costa Rica",
  "region-selector-country-name_CU": "Kuba",
  "region-selector-country-name_CV": "Wyspy Zielonego Przylądka",
  "region-selector-country-name_CW": "Curaçao",
  "region-selector-country-name_CX": "Wyspa Bożego Narodzenia",
  "region-selector-country-name_CY": "Cypr",
  "region-selector-country-name_CZ": "Czechy",
  "region-selector-country-name_DE": "Niemcy",
  "region-selector-country-name_DG": "Diego Garcia",
  "region-selector-country-name_DJ": "Dżibuti",
  "region-selector-country-name_DK": "Dania",
  "region-selector-country-name_DM": "Dominika",
  "region-selector-country-name_DO": "Dominikana, Republika",
  "region-selector-country-name_DZ": "Algieria",
  "region-selector-country-name_EA": "Ceuta, Melilla",
  "region-selector-country-name_EC": "Ekwador",
  "region-selector-country-name_EE": "Estonia",
  "region-selector-country-name_EG": "Egipt",
  "region-selector-country-name_EH": "Sahara Zachodnia",
  "region-selector-country-name_ER": "Erytrea",
  "region-selector-country-name_ES": "Hiszpania",
  "region-selector-country-name_ET": "Etiopia",
  "region-selector-country-name_FI": "Finlandia",
  "region-selector-country-name_FJ": "Fidżi",
  "region-selector-country-name_FK": "Falklandy",
  "region-selector-country-name_FM": "Sfederowane Stany Mikronezji",
  "region-selector-country-name_FO": "Wyspy Owcze",
  "region-selector-country-name_FR": "Francja",
  "region-selector-country-name_GA": "Gabon",
  "region-selector-country-name_GB": "Wielka Brytania",
  "region-selector-country-name_GD": "Grenada",
  "region-selector-country-name_GE": "Gruzja",
  "region-selector-country-name_GF": "Gujana Francuska",
  "region-selector-country-name_GG": "Guernesey",
  "region-selector-country-name_GH": "Ghana",
  "region-selector-country-name_GI": "Gibraltar",
  "region-selector-country-name_GL": "Grenlandia",
  "region-selector-country-name_GM": "Gambia",
  "region-selector-country-name_GN": "Gwinea",
  "region-selector-country-name_GP": "Gwadelupa",
  "region-selector-country-name_GQ": "Gwinea Równikowa",
  "region-selector-country-name_GR": "Grecja",
  "region-selector-country-name_GS": "Georgia Południowa i Sandwich Południowy",
  "region-selector-country-name_GT": "Gwatemala",
  "region-selector-country-name_GU": "Guam",
  "region-selector-country-name_GW": "Gwinea Bissau",
  "region-selector-country-name_GY": "Gujana",
  "region-selector-country-name_HK": "Hong-Kong",
  "region-selector-country-name_HN": "Honduras",
  "region-selector-country-name_HR": "Chorwacja",
  "region-selector-country-name_HT": "Haiti",
  "region-selector-country-name_HU": "Węgry",
  "region-selector-country-name_IC": "Wyspy Kanaryjskie",
  "region-selector-country-name_ID": "Indonezja",
  "region-selector-country-name_IE": "Irlandia",
  "region-selector-country-name_IL": "Izrael",
  "region-selector-country-name_IM": "Wyspa Man",
  "region-selector-country-name_IN": "Indie",
  "region-selector-country-name_IO": "Ocean Indyjski, Terytorium Brytyjskie",
  "region-selector-country-name_IQ": "Irak",
  "region-selector-country-name_IR": "Islamska Republika Iranu",
  "region-selector-country-name_IS": "Islandia",
  "region-selector-country-name_IT": "Włochy",
  "region-selector-country-name_JE": "Jersey",
  "region-selector-country-name_JM": "Jamajka",
  "region-selector-country-name_JO": "Jordania",
  "region-selector-country-name_JP": "Japonia",
  "region-selector-country-name_KE": "Kenia",
  "region-selector-country-name_KG": "Kirgistan",
  "region-selector-country-name_KH": "Kambodża",
  "region-selector-country-name_KI": "Kiribati",
  "region-selector-country-name_KM": "Komory",
  "region-selector-country-name_KN": "Saint Kitts i Nevis",
  "region-selector-country-name_KP": "Korea, Demokratyczna Republika Ludowa",
  "region-selector-country-name_KR": "Korea Południowa",
  "region-selector-country-name_KW": "Kuwejt",
  "region-selector-country-name_KY": "Kajmany, Wyspy",
  "region-selector-country-name_KZ": "Kazachstan",
  "region-selector-country-name_LA": "Laos, Republika Ludowo-Demokratyczna",
  "region-selector-country-name_LB": "Liban",
  "region-selector-country-name_LC": "Sainte-Lucie",
  "region-selector-country-name_LI": "Liechtenstein",
  "region-selector-country-name_LK": "Sri Lanka",
  "region-selector-country-name_LR": "Liberia",
  "region-selector-country-name_LS": "Lesotho",
  "region-selector-country-name_LT": "Litwa",
  "region-selector-country-name_LU": "Luksemburg",
  "region-selector-country-name_LV": "Łotwa",
  "region-selector-country-name_LY": "Libia",
  "region-selector-country-name_MA": "Maroko",
  "region-selector-country-name_MC": "Monako",
  "region-selector-country-name_MD": "Mołdawia",
  "region-selector-country-name_ME": "Czarnogóra",
  "region-selector-country-name_MF": "Saint Martin (część Francuska)",
  "region-selector-country-name_MG": "Madagaskar",
  "region-selector-country-name_MH": "Wyspy Marshalla",
  "region-selector-country-name_MK": "Macedonia",
  "region-selector-country-name_ML": "Mali",
  "region-selector-country-name_MM": "Myanmar",
  "region-selector-country-name_MN": "Mongolia",
  "region-selector-country-name_MO": "Makao",
  "region-selector-country-name_MP": "Wyspy Mariany",
  "region-selector-country-name_MQ": "Martynika",
  "region-selector-country-name_MR": "Mauretania",
  "region-selector-country-name_MS": "Montserrat",
  "region-selector-country-name_MT": "Malta",
  "region-selector-country-name_MU": "Republika Mauritiusa",
  "region-selector-country-name_MV": "Malediwy",
  "region-selector-country-name_MW": "Malawi",
  "region-selector-country-name_MX": "Meksyk",
  "region-selector-country-name_MY": "Malezja",
  "region-selector-country-name_MZ": "Mozambik",
  "region-selector-country-name_NA": "Namibia",
  "region-selector-country-name_NC": "Nowa Kaledonia",
  "region-selector-country-name_NE": "Niger",
  "region-selector-country-name_NF": "Wyspa Norfolk",
  "region-selector-country-name_NG": "Nigeria",
  "region-selector-country-name_NI": "Nikaragua",
  "region-selector-country-name_NL": "Holandia",
  "region-selector-country-name_NO": "Norwegia",
  "region-selector-country-name_NP": "Nepal",
  "region-selector-country-name_NR": "Nauru",
  "region-selector-country-name_NU": "Niue",
  "region-selector-country-name_NZ": "Nowa Zelandia",
  "region-selector-country-name_OM": "Oman",
  "region-selector-country-name_PA": "Panama",
  "region-selector-country-name_PE": "Peru",
  "region-selector-country-name_PF": "Polinezja Francuska",
  "region-selector-country-name_PG": "Papua Nowa Gwinea",
  "region-selector-country-name_PH": "Filipiny",
  "region-selector-country-name_PK": "Pakistan",
  "region-selector-country-name_PL": "Polska",
  "region-selector-country-name_PM": "Saint-Pierre i Miquelon",
  "region-selector-country-name_PN": "Pitcairn",
  "region-selector-country-name_PR": "Portoryko",
  "region-selector-country-name_PS": "Okupowane Terytorium Palestyny",
  "region-selector-country-name_PT": "Portugalia",
  "region-selector-country-name_PW": "Palaos",
  "region-selector-country-name_PY": "Paragwaj",
  "region-selector-country-name_QA": "Katar",
  "region-selector-country-name_QC": "Quebec",
  "region-selector-country-name_RE": "Reunion",
  "region-selector-country-name_RO": "Rumunia",
  "region-selector-country-name_RS": "Republika Serbii (Dawniej Serbia i Czarnogóra). ",
  "region-selector-country-name_RU": "Rosja",
  "region-selector-country-name_RW": "Rwanda",
  "region-selector-country-name_SA": "Arabia Saudyjska",
  "region-selector-country-name_SB": "Wyspy Salomona",
  "region-selector-country-name_SC": "Seszele",
  "region-selector-country-name_SD": "Sudan",
  "region-selector-country-name_SE": "Szwecja",
  "region-selector-country-name_SG": "Singapur",
  "region-selector-country-name_SH": "Sainte-Hélène",
  "region-selector-country-name_SI": "Słowenia",
  "region-selector-country-name_SJ": "Svalbard i Wyspa Jan Mayen",
  "region-selector-country-name_SK": "Słowacja",
  "region-selector-country-name_SL": "Sierra Leone",
  "region-selector-country-name_SM": "San Marino",
  "region-selector-country-name_SN": "Senegal",
  "region-selector-country-name_SO": "Somalia",
  "region-selector-country-name_SR": "Surinam",
  "region-selector-country-name_SS": "Południowy Sudan",
  "region-selector-country-name_ST": "Wyspy Świętego Tomasza i Książęca",
  "region-selector-country-name_SV": "Salwador",
  "region-selector-country-name_SX": "Sint Maarten (Królestwo Holandii)",
  "region-selector-country-name_SY": "Syryjska Republika Arabska",
  "region-selector-country-name_SZ": "Suazi",
  "region-selector-country-name_TA": "Tristan da Cunha",
  "region-selector-country-name_TC": "Wyspy Turks i Caicos",
  "region-selector-country-name_TD": "Czad",
  "region-selector-country-name_TF": "Francuskie Terytoria Południowe",
  "region-selector-country-name_TG": "Togo",
  "region-selector-country-name_TH": "Tajlandia",
  "region-selector-country-name_TJ": "Tadżykistan",
  "region-selector-country-name_TK": "Tokelau",
  "region-selector-country-name_TL": "Timor-Leste",
  "region-selector-country-name_TM": "Turkmenistan",
  "region-selector-country-name_TN": "Tunezja",
  "region-selector-country-name_TO": "Tonga",
  "region-selector-country-name_TR": "Turcja",
  "region-selector-country-name_TT": "Trynidad i Tobago",
  "region-selector-country-name_TV": "Tuvalu",
  "region-selector-country-name_TW": "Tajwan, Prowincja Chin",
  "region-selector-country-name_TZ": "Tanzania",
  "region-selector-country-name_UA": "Ukraina",
  "region-selector-country-name_UG": "Uganda",
  "region-selector-country-name_UK": "Wielka Brytania",
  "region-selector-country-name_UM": "Dalekie Wyspy Mniejsze Stanów Zjednoczonych",
  "region-selector-country-name_US": "Stany Zjednoczone",
  "region-selector-country-name_UY": "Urugwaj",
  "region-selector-country-name_UZ": "Uzbekistan",
  "region-selector-country-name_VA": "Watykan",
  "region-selector-country-name_VC": "Saint-Vincent i Grenadyny",
  "region-selector-country-name_VE": "Wenezuela",
  "region-selector-country-name_VG": "Brytyjskie Wyspy Dziewicze",
  "region-selector-country-name_VI": "Wyspy Dziewicze Stanów Zjednoczonych",
  "region-selector-country-name_VN": "Wietnam",
  "region-selector-country-name_VU": "Vanuatu",
  "region-selector-country-name_WF": "Wallis i Futuna",
  "region-selector-country-name_WS": "Samoa",
  "region-selector-country-name_XK": "Kosowo",
  "region-selector-country-name_YE": "Jemen",
  "region-selector-country-name_YT": "Majotta",
  "region-selector-country-name_ZA": "Republika Południowej Afryki",
  "region-selector-country-name_ZM": "Zambia",
  "region-selector-country-name_ZW": "Zimbabwe"
}
