{
  "region-selector-all-locations": "All regions",
  "region-selector-eu-filter": "Europe",
  "region-selector-ca-filter": "Canada",
  "region-selector-us-filter": "USA",
  "region-selector-ap-filter": "Asia Pacific",
  "region-selector-city-name_eu-west-par": "Paris",
  "region-selector-city-name_eu-west-gra": "Gravelines",
  "region-selector-city-name_eu-west-gra1": "Gravelines (GRA1)",
  "region-selector-city-name_eu-west-sha": "Gravelines (SHADOW-EU-1)",
  "region-selector-city-name_eu-west-rbx": "Roubaix",
  "region-selector-city-name_eu-west-sbg": "Strasbourg",
  "region-selector-city-name_eu-west-sbg1": "Strasbourg (SBG1)",
  "region-selector-city-name_eu-west-lim": "Limburg",
  "region-selector-city-name_eu-west-dln": "Dublin",
  "region-selector-city-name_eu-west-vie": "Vienna",
  "region-selector-city-name_eu-west-ams": "Amsterdam",
  "region-selector-city-name_eu-west-eri": "Erith",
  "region-selector-city-name_eu-west-mnc": "Manchester",
  "region-selector-city-name_eu-west-lux": "Luxembourg",
  "region-selector-city-name_eu-west-zrh": "Zurich",
  "region-selector-city-name_eu-west-lau": "Lausanne",
  "region-selector-city-name_eu-north-hel": "Helsinki",
  "region-selector-city-name_eu-central-waw": "Warsaw",
  "region-selector-city-name_eu-central-pra": "Prague",
  "region-selector-city-name_eu-central-bug": "Bucharest",
  "region-selector-city-name_eu-west-lz-bru": "Brussels (lz)",
  "region-selector-city-name_eu-west-lz-mad": "Madrid (lz)",
  "region-selector-city-name_eu-south-mil": "Milan",
  "region-selector-city-name_eu-west-gra-snc": "Gravelines (snc)",
  "region-selector-city-name_eu-west-rbx-snc": "Roubaix (snc)",
  "region-selector-city-name_eu-west-sbg-snc": "Strasbourg (snc)",
  "region-selector-city-name_eu-west-lz-mrs": "Marseille",
  "region-selector-city-name_labeu-west-1-preprod": "Croix (preprod)",
  "region-selector-city-name_labeu-west-1-dev-1": "Croix (dev-1)",
  "region-selector-city-name_labeu-west-1-dev-2": "Croix (dev-2)",
  "region-selector-city-name_us-east-vin": "Vint Hill",
  "region-selector-city-name_us-west-hil": "Hillsboro",
  "region-selector-city-name_us-east-lz-dal": "Dallas",
  "region-selector-city-name_us-east-lz-hou": "Houston",
  "region-selector-city-name_us-west-lz-lax": "Los Angeles",
  "region-selector-city-name_us-west-lz-slc": "Salt Lake City",
  "region-selector-city-name_us-east-lz-chi": "Chicago",
  "region-selector-city-name_us-east-lz-stl": "Saint Louis",
  "region-selector-city-name_us-east-lz-ind": "Indianapolis",
  "region-selector-city-name_us-east-lz-nyc": "New York",
  "region-selector-city-name_us-east-lz-mia": "Miami",
  "region-selector-city-name_us-west-lz-pao": "Palo Alto",
  "region-selector-city-name_us-west-lz-den": "Denver",
  "region-selector-city-name_us-west-lz-sea": "Seattle",
  "region-selector-city-name_us-east-lz-atl": "Atlanta",
  "region-selector-city-name_us-east-lz-bna": "Nashville",
  "region-selector-city-name_us-east-lz-clt": "Charlotte",
  "region-selector-city-name_us-east-lz-bos": "Boston",
  "region-selector-city-name_us-east-lz-phd": "Philadelphia",
  "region-selector-city-name_ca-east-bhs": "Beauharnois",
  "region-selector-city-name_ca-east-van": "Vancouver",
  "region-selector-city-name_ca-east-bhs1": "Beauharnois (BHS1)",
  "region-selector-city-name_ca-east-tor": "Toronto",
  "region-selector-city-name_ap-southeast-sgp": "Singapore",
  "region-selector-city-name_ap-southeast-syd": "Sydney",
  "region-selector-city-name_ap-south-mum": "Mumbai",
  "region-selector-city-name_ap-south-blr": "Bangalore",
  "region-selector-city-name_ap-north-tyo": "Tokyo",
  "region-selector-country-name_AC": "Ascension Island",
  "region-selector-country-name_AD": "Andorra",
  "region-selector-country-name_AE": "United Arab Emirates",
  "region-selector-country-name_AF": "Afghanistan",
  "region-selector-country-name_AG": "Antigua-and-Barbuda",
  "region-selector-country-name_AI": "Anguilla",
  "region-selector-country-name_AL": "Albania",
  "region-selector-country-name_AM": "Armenia",
  "region-selector-country-name_AO": "Angola",
  "region-selector-country-name_AQ": "Antarctica",
  "region-selector-country-name_AR": "Argentina",
  "region-selector-country-name_AS": "American Samoa",
  "region-selector-country-name_AT": "Austria",
  "region-selector-country-name_AU": "Australia",
  "region-selector-country-name_AW": "Aruba",
  "region-selector-country-name_AX": "Åland Islands",
  "region-selector-country-name_AZ": "Azerbaijan",
  "region-selector-country-name_BA": "Bosnia-Herzegovina",
  "region-selector-country-name_BB": "Barbados",
  "region-selector-country-name_BD": "Bangladesh",
  "region-selector-country-name_BE": "Belgium",
  "region-selector-country-name_BF": "Burkina Faso",
  "region-selector-country-name_BG": "Bulgaria",
  "region-selector-country-name_BH": "Bahrain",
  "region-selector-country-name_BI": "Burundi",
  "region-selector-country-name_BJ": "Benin",
  "region-selector-country-name_BL": "Saint Barts",
  "region-selector-country-name_BM": "Bermuda",
  "region-selector-country-name_BN": "Brunei",
  "region-selector-country-name_BO": "Bolivia",
  "region-selector-country-name_BQ": "Caribbean Netherlands",
  "region-selector-country-name_BR": "Brazil",
  "region-selector-country-name_BS": "Bahamas",
  "region-selector-country-name_BT": "Bhutan",
  "region-selector-country-name_BW": "Botswana",
  "region-selector-country-name_BY": "Belarus",
  "region-selector-country-name_BZ": "Belize",
  "region-selector-country-name_CA": "Canada",
  "region-selector-country-name_CC": "Cocos (Keeling) Islands",
  "region-selector-country-name_CD": "Congo, Democratic Republic of ",
  "region-selector-country-name_CF": "Central African Republic",
  "region-selector-country-name_CG": "Congo",
  "region-selector-country-name_CH": "Switzerland",
  "region-selector-country-name_CI": "Ivory Coast",
  "region-selector-country-name_CK": "Cook Islands",
  "region-selector-country-name_CL": "Chile",
  "region-selector-country-name_CM": "Cameroon",
  "region-selector-country-name_CN": "China",
  "region-selector-country-name_CO": "Colombia",
  "region-selector-country-name_CR": "Costa Rica",
  "region-selector-country-name_CU": "Cuba",
  "region-selector-country-name_CV": "Cape Verde",
  "region-selector-country-name_CW": "Curaçao",
  "region-selector-country-name_CX": "Christmas Island",
  "region-selector-country-name_CY": "Cyprus",
  "region-selector-country-name_CZ": "Czech Republic",
  "region-selector-country-name_DE": "Germany",
  "region-selector-country-name_DG": "Diego Garcia",
  "region-selector-country-name_DJ": "Djibouti",
  "region-selector-country-name_DK": "Denmark",
  "region-selector-country-name_DM": "Dominica",
  "region-selector-country-name_DO": "Dominican Republic",
  "region-selector-country-name_DZ": "Algeria",
  "region-selector-country-name_EA": "Ceuta, Melilla",
  "region-selector-country-name_EC": "Ecuador",
  "region-selector-country-name_EE": "Estonia",
  "region-selector-country-name_EG": "Egypt",
  "region-selector-country-name_EH": "Western Sahara",
  "region-selector-country-name_ER": "Eritrea",
  "region-selector-country-name_ES": "Spain",
  "region-selector-country-name_ET": "Ethiopia",
  "region-selector-country-name_FI": "Finland",
  "region-selector-country-name_FJ": "Fiji",
  "region-selector-country-name_FK": "The Falkland Islands (Malvinas)",
  "region-selector-country-name_FM": "Micronesia, Federated States of",
  "region-selector-country-name_FO": "Faroe Islands",
  "region-selector-country-name_FR": "France",
  "region-selector-country-name_GA": "Gabon",
  "region-selector-country-name_GB": "United Kingdom",
  "region-selector-country-name_GD": "Grenada",
  "region-selector-country-name_GE": "Georgia",
  "region-selector-country-name_GF": "French Guiana",
  "region-selector-country-name_GG": "Guernsey",
  "region-selector-country-name_GH": "Ghana",
  "region-selector-country-name_GI": "Gibraltar",
  "region-selector-country-name_GL": "Greenland",
  "region-selector-country-name_GM": "Gambia",
  "region-selector-country-name_GN": "Guinea",
  "region-selector-country-name_GP": "Guadeloupe",
  "region-selector-country-name_GQ": "Equatorial Guinea",
  "region-selector-country-name_GR": "Greece",
  "region-selector-country-name_GS": "South Georgia and the South Sandwich Islands",
  "region-selector-country-name_GT": "Guatemala",
  "region-selector-country-name_GU": "Guam",
  "region-selector-country-name_GW": "Guinea-Bissau",
  "region-selector-country-name_GY": "Guyana",
  "region-selector-country-name_HK": "Hong Kong",
  "region-selector-country-name_HN": "Honduras",
  "region-selector-country-name_HR": "Croatia",
  "region-selector-country-name_HT": "Haiti",
  "region-selector-country-name_HU": "Hungary",
  "region-selector-country-name_IC": "Canary islands",
  "region-selector-country-name_ID": "Indonesia",
  "region-selector-country-name_IE": "Ireland",
  "region-selector-country-name_IL": "Israel",
  "region-selector-country-name_IM": "Isle of Man",
  "region-selector-country-name_IN": "India",
  "region-selector-country-name_IO": "British Indian Ocean Territory",
  "region-selector-country-name_IQ": "Iraq",
  "region-selector-country-name_IR": "Iran, Islamic Republic of ",
  "region-selector-country-name_IS": "Iceland",
  "region-selector-country-name_IT": "Italy",
  "region-selector-country-name_JE": "Jersey",
  "region-selector-country-name_JM": "Jamaica",
  "region-selector-country-name_JO": "Jordan",
  "region-selector-country-name_JP": "Japan",
  "region-selector-country-name_KE": "Kenya",
  "region-selector-country-name_KG": "Kyrgyzstan",
  "region-selector-country-name_KH": "Cambodia",
  "region-selector-country-name_KI": "Kiribati",
  "region-selector-country-name_KM": "Comoros",
  "region-selector-country-name_KN": "Saint Kitts and Nevis",
  "region-selector-country-name_KP": "Korea, Democratic People's Republic of ",
  "region-selector-country-name_KR": "Korea, Republic of ",
  "region-selector-country-name_KW": "Kuwait",
  "region-selector-country-name_KY": "Cayman Islands",
  "region-selector-country-name_KZ": "Kazakhstan",
  "region-selector-country-name_LA": "Lao People's Democratic Republic -",
  "region-selector-country-name_LB": "Lebanon",
  "region-selector-country-name_LC": "Saint-Lucia",
  "region-selector-country-name_LI": "Liechtenstein",
  "region-selector-country-name_LK": "Sri Lanka",
  "region-selector-country-name_LR": "Liberia",
  "region-selector-country-name_LS": "Lesotho",
  "region-selector-country-name_LT": "Lithuania",
  "region-selector-country-name_LU": "Luxembourg",
  "region-selector-country-name_LV": "Latvia",
  "region-selector-country-name_LY": "Libya",
  "region-selector-country-name_MA": "Morocco",
  "region-selector-country-name_MC": "Monaco",
  "region-selector-country-name_MD": "Moldova",
  "region-selector-country-name_ME": "Montenegro",
  "region-selector-country-name_MF": "Saint Martin (French part)",
  "region-selector-country-name_MG": "Madagascar",
  "region-selector-country-name_MH": "Marshall Islands",
  "region-selector-country-name_MK": "Macedonia",
  "region-selector-country-name_ML": "Mali",
  "region-selector-country-name_MM": "Myanmar",
  "region-selector-country-name_MN": "Mongolia",
  "region-selector-country-name_MO": "Macau",
  "region-selector-country-name_MP": "Northern Mariana Islands",
  "region-selector-country-name_MQ": "Martinique",
  "region-selector-country-name_MR": "Mauritania",
  "region-selector-country-name_MS": "Montserrat",
  "region-selector-country-name_MT": "Malta",
  "region-selector-country-name_MU": "Republic of Mauritius",
  "region-selector-country-name_MV": "Maldives",
  "region-selector-country-name_MW": "Malawi",
  "region-selector-country-name_MX": "Mexico",
  "region-selector-country-name_MY": "Malaysia",
  "region-selector-country-name_MZ": "Mozambique",
  "region-selector-country-name_NA": "Namibia",
  "region-selector-country-name_NC": "New Caledonia",
  "region-selector-country-name_NE": "Niger",
  "region-selector-country-name_NF": "Norfolk Island",
  "region-selector-country-name_NG": "Nigeria",
  "region-selector-country-name_NI": "Nicaragua",
  "region-selector-country-name_NL": "Netherlands",
  "region-selector-country-name_NO": "Norway",
  "region-selector-country-name_NP": "Nepal",
  "region-selector-country-name_NR": "Nauru",
  "region-selector-country-name_NU": "Niue",
  "region-selector-country-name_NZ": "New Zealand",
  "region-selector-country-name_OM": "Oman",
  "region-selector-country-name_PA": "Panama",
  "region-selector-country-name_PE": "Peru",
  "region-selector-country-name_PF": "French Polynesia",
  "region-selector-country-name_PG": "Papua New Guinea",
  "region-selector-country-name_PH": "Philippines",
  "region-selector-country-name_PK": "Pakistan",
  "region-selector-country-name_PL": "Poland",
  "region-selector-country-name_PM": "Saint Pierre and Miquelon",
  "region-selector-country-name_PN": "Pitcairn Islands",
  "region-selector-country-name_PR": "Puerto Rico",
  "region-selector-country-name_PS": "Palestinian Territories",
  "region-selector-country-name_PT": "Portugal",
  "region-selector-country-name_PW": "Palau",
  "region-selector-country-name_PY": "Paraguay",
  "region-selector-country-name_QA": "Qatar",
  "region-selector-country-name_QC": "Quebec",
  "region-selector-country-name_RE": "Réunion Island",
  "region-selector-country-name_RO": "Romania",
  "region-selector-country-name_RS": "Republic of Serbia (Formerly Serbia and Montenegro code CS)",
  "region-selector-country-name_RU": "Russia",
  "region-selector-country-name_RW": "Rwanda",
  "region-selector-country-name_SA": "Saudi Arabia",
  "region-selector-country-name_SB": "Salomon Islands",
  "region-selector-country-name_SC": "Seychelles",
  "region-selector-country-name_SD": "Sudan",
  "region-selector-country-name_SE": "Sweden",
  "region-selector-country-name_SG": "Singapore",
  "region-selector-country-name_SH": "Saint Helena",
  "region-selector-country-name_SI": "Slovenia",
  "region-selector-country-name_SJ": "Svalbard and Jan Mayen",
  "region-selector-country-name_SK": "Slovakia",
  "region-selector-country-name_SL": "Sierra Leone",
  "region-selector-country-name_SM": "Saint-Marin",
  "region-selector-country-name_SN": "Senegal",
  "region-selector-country-name_SO": "Somalia",
  "region-selector-country-name_SR": "Suriname",
  "region-selector-country-name_SS": "South Sudan",
  "region-selector-country-name_ST": "São Tomé and Príncipe",
  "region-selector-country-name_SV": "El Salvador",
  "region-selector-country-name_SX": "Sint-Maarten (Kingdom of the Netherlands)",
  "region-selector-country-name_SY": "Syria/Syrian Arab Republic",
  "region-selector-country-name_SZ": "Swaziland",
  "region-selector-country-name_TA": "Tristan da Cunha",
  "region-selector-country-name_TC": "Turks and Caicos Islands",
  "region-selector-country-name_TD": "Chad",
  "region-selector-country-name_TF": "French Southern and Antarctic Lands",
  "region-selector-country-name_TG": "Togo",
  "region-selector-country-name_TH": "Thailand",
  "region-selector-country-name_TJ": "Tajikistan",
  "region-selector-country-name_TK": "Tokelau",
  "region-selector-country-name_TL": "East Timor/Timor-Leste",
  "region-selector-country-name_TM": "Turkmenistan",
  "region-selector-country-name_TN": "Tunisia",
  "region-selector-country-name_TO": "Tonga",
  "region-selector-country-name_TR": "Turkey",
  "region-selector-country-name_TT": "Trinidad and Tobago",
  "region-selector-country-name_TV": "Tuvalu",
  "region-selector-country-name_TW": "Taiwan, Province of China",
  "region-selector-country-name_TZ": "Tanzania, United Republic of",
  "region-selector-country-name_UA": "Ukraine",
  "region-selector-country-name_UG": "Uganda",
  "region-selector-country-name_UK": "United Kingdom",
  "region-selector-country-name_UM": "United States Minor Outlying Islands",
  "region-selector-country-name_US": "United States of America",
  "region-selector-country-name_UY": "Uruguay",
  "region-selector-country-name_UZ": "Uzbekistan",
  "region-selector-country-name_VA": "Vatican",
  "region-selector-country-name_VC": "Saint Vincent and the Grenadines",
  "region-selector-country-name_VE": "Venezuela",
  "region-selector-country-name_VG": "British Virgin Islands",
  "region-selector-country-name_VI": "United States Virgin Islands",
  "region-selector-country-name_VN": "Vietnam",
  "region-selector-country-name_VU": "Vanuatu",
  "region-selector-country-name_WF": "Wallis and Futuna",
  "region-selector-country-name_WS": "Samoa",
  "region-selector-country-name_XK": "Kosovo",
  "region-selector-country-name_YE": "Yemen",
  "region-selector-country-name_YT": "Mayotte",
  "region-selector-country-name_ZA": "South Africa",
  "region-selector-country-name_ZM": "Zambia",
  "region-selector-country-name_ZW": "Zimbabwe"
}
