{
  "region-selector-all-locations": "Todas las regiones",
  "region-selector-eu-filter": "Europa",
  "region-selector-ca-filter": "Canadá",
  "region-selector-us-filter": "EE.UU.",
  "region-selector-ap-filter": "Asia-Pacífico",
  "region-selector-city-name_eu-west-par": "París",
  "region-selector-city-name_eu-west-gra": "Gravelines",
  "region-selector-city-name_eu-west-gra1": "Gravelines (GRA1)",
  "region-selector-city-name_eu-west-sha": "Gravelines (SHADOW-EU-1)",
  "region-selector-city-name_eu-west-rbx": "Roubaix",
  "region-selector-city-name_eu-west-sbg": "Estrasburgo",
  "region-selector-city-name_eu-west-sbg1": "Estrasburgo (SBG1)",
  "region-selector-city-name_eu-west-lim": "Limburgo",
  "region-selector-city-name_eu-west-dln": "Dublín",
  "region-selector-city-name_eu-west-vie": "Viena",
  "region-selector-city-name_eu-west-ams": "Ámsterdam",
  "region-selector-city-name_eu-west-eri": "Erith",
  "region-selector-city-name_eu-west-mnc": "Manchester",
  "region-selector-city-name_eu-west-lux": "Luxemburgo",
  "region-selector-city-name_eu-west-zrh": "Zúrich",
  "region-selector-city-name_eu-west-lau": "Lausanne",
  "region-selector-city-name_eu-north-hel": "Helsinki",
  "region-selector-city-name_eu-central-waw": "Varsovia",
  "region-selector-city-name_eu-central-pra": "Praga",
  "region-selector-city-name_eu-central-bug": "Bucarest",
  "region-selector-city-name_eu-west-lz-bru": "Bruselas (lz)",
  "region-selector-city-name_eu-west-lz-mad": "Madrid (lz)",
  "region-selector-city-name_eu-south-mil": "Milán",
  "region-selector-city-name_eu-west-gra-snc": "Gravelines (snc)",
  "region-selector-city-name_eu-west-rbx-snc": "Roubaix (snc)",
  "region-selector-city-name_eu-west-sbg-snc": "Estrasburgo (snc)",
  "region-selector-city-name_eu-west-lz-mrs": "Marsella",
  "region-selector-city-name_labeu-west-1-preprod": "Croix (preprod)",
  "region-selector-city-name_labeu-west-1-dev-1": "Croix (dev-1)",
  "region-selector-city-name_labeu-west-1-dev-2": "Croix (dev-2)",
  "region-selector-city-name_us-east-vin": "Vint Hill",
  "region-selector-city-name_us-west-hil": "Hillsboro",
  "region-selector-city-name_us-east-lz-dal": "Dallas",
  "region-selector-city-name_us-east-lz-hou": "Houston",
  "region-selector-city-name_us-west-lz-lax": "Los Ángeles",
  "region-selector-city-name_us-west-lz-slc": "Salt Lake City",
  "region-selector-city-name_us-east-lz-chi": "Chicago",
  "region-selector-city-name_us-east-lz-stl": "San Luis",
  "region-selector-city-name_us-east-lz-ind": "Indianápolis",
  "region-selector-city-name_us-east-lz-nyc": "Nueva York",
  "region-selector-city-name_us-east-lz-mia": "Miami",
  "region-selector-city-name_us-west-lz-pao": "Palo Alto",
  "region-selector-city-name_us-west-lz-den": "Denver",
  "region-selector-city-name_us-west-lz-sea": "Seattle",
  "region-selector-city-name_us-east-lz-atl": "Atlanta",
  "region-selector-city-name_us-east-lz-bna": "Nashville",
  "region-selector-city-name_us-east-lz-clt": "Charlotte",
  "region-selector-city-name_us-east-lz-bos": "Boston",
  "region-selector-city-name_us-east-lz-phd": "Filadelfia",
  "region-selector-city-name_ca-east-bhs": "Beauharnois",
  "region-selector-city-name_ca-east-van": "Vancouver",
  "region-selector-city-name_ca-east-bhs1": "Beauharnois (BHS1)",
  "region-selector-city-name_ca-east-tor": "Toronto",
  "region-selector-city-name_ap-southeast-sgp": "Singapur",
  "region-selector-city-name_ap-southeast-syd": "Sídney",
  "region-selector-city-name_ap-south-mum": "Mumbai",
  "region-selector-city-name_ap-south-blr": "Bangalore",
  "region-selector-city-name_ap-north-tyo": "Tokio",
  "region-selector-country-name_AC": "Isla Ascensión",
  "region-selector-country-name_AD": "Andorra",
  "region-selector-country-name_AE": "Emiratos Árabes Unidos",
  "region-selector-country-name_AF": "Afganistán",
  "region-selector-country-name_AG": "Antigua y Barbuda",
  "region-selector-country-name_AI": "Anguila",
  "region-selector-country-name_AL": "Albania",
  "region-selector-country-name_AM": "Armenia",
  "region-selector-country-name_AO": "Angola",
  "region-selector-country-name_AQ": "Antártida",
  "region-selector-country-name_AR": "Argentina",
  "region-selector-country-name_AS": "Samoa Americana",
  "region-selector-country-name_AT": "Austria",
  "region-selector-country-name_AU": "Australia",
  "region-selector-country-name_AW": "Aruba",
  "region-selector-country-name_AX": "Åland, Islas",
  "region-selector-country-name_AZ": "Azerbaiyán",
  "region-selector-country-name_BA": "Bosnia-Herzegovina",
  "region-selector-country-name_BB": "Barbados",
  "region-selector-country-name_BD": "Bangladés",
  "region-selector-country-name_BE": "Bélgica",
  "region-selector-country-name_BF": "Burkina Faso",
  "region-selector-country-name_BG": "Bulgaria",
  "region-selector-country-name_BH": "Baréin",
  "region-selector-country-name_BI": "Burundi",
  "region-selector-country-name_BJ": "Benín",
  "region-selector-country-name_BL": "San Bartolomé",
  "region-selector-country-name_BM": "Bermudas",
  "region-selector-country-name_BN": "Brunéi",
  "region-selector-country-name_BO": "Bolivia",
  "region-selector-country-name_BQ": "Caribe Neerlandés",
  "region-selector-country-name_BR": "Brasil",
  "region-selector-country-name_BS": "Bahamas",
  "region-selector-country-name_BT": "Bután",
  "region-selector-country-name_BW": "Botsuana",
  "region-selector-country-name_BY": "Bielorrusia",
  "region-selector-country-name_BZ": "Belice",
  "region-selector-country-name_CA": "Canadá",
  "region-selector-country-name_CC": "Cocos (Keeling), Islas",
  "region-selector-country-name_CD": "Congo, República Democrática del",
  "region-selector-country-name_CF": "Centroafricana, República",
  "region-selector-country-name_CG": "Congo",
  "region-selector-country-name_CH": "Suiza",
  "region-selector-country-name_CI": "Costa de Marfil",
  "region-selector-country-name_CK": "Cook, Islas",
  "region-selector-country-name_CL": "Chile",
  "region-selector-country-name_CM": "Camerún",
  "region-selector-country-name_CN": "China",
  "region-selector-country-name_CO": "Colombia",
  "region-selector-country-name_CR": "Costa Rica",
  "region-selector-country-name_CU": "Cuba",
  "region-selector-country-name_CV": "Cabo Verde",
  "region-selector-country-name_CW": "Curazao",
  "region-selector-country-name_CX": "Christmas, Isla",
  "region-selector-country-name_CY": "Chipre",
  "region-selector-country-name_CZ": "República Checa",
  "region-selector-country-name_DE": "Alemania",
  "region-selector-country-name_DG": "Diego García",
  "region-selector-country-name_DJ": "Yibuti",
  "region-selector-country-name_DK": "Dinamarca",
  "region-selector-country-name_DM": "Dominica",
  "region-selector-country-name_DO": "Dominicana, República",
  "region-selector-country-name_DZ": "Argelia",
  "region-selector-country-name_EA": "Ceuta, Melilla",
  "region-selector-country-name_EC": "Ecuador",
  "region-selector-country-name_EE": "Estonia ",
  "region-selector-country-name_EG": "Egipto",
  "region-selector-country-name_EH": "Sáhara Occidental",
  "region-selector-country-name_ER": "Eritrea",
  "region-selector-country-name_ES": "España",
  "region-selector-country-name_ET": "Etiopía",
  "region-selector-country-name_FI": "Finlandia",
  "region-selector-country-name_FJ": "Fiyi",
  "region-selector-country-name_FK": "Malvinas, Islas (Fakland)",
  "region-selector-country-name_FM": "Micronesia, Estados Federados de",
  "region-selector-country-name_FO": "Feroe, Islas",
  "region-selector-country-name_FR": "Francia",
  "region-selector-country-name_GA": "Gabón",
  "region-selector-country-name_GB": "Reino Unido",
  "region-selector-country-name_GD": "Granada",
  "region-selector-country-name_GE": "Georgia",
  "region-selector-country-name_GF": "Guayana Francesa",
  "region-selector-country-name_GG": "Guernesey",
  "region-selector-country-name_GH": "Ghana",
  "region-selector-country-name_GI": "Gibraltar",
  "region-selector-country-name_GL": "Groenlandia",
  "region-selector-country-name_GM": "Gambia",
  "region-selector-country-name_GN": "Guinea",
  "region-selector-country-name_GP": "Guadalupe",
  "region-selector-country-name_GQ": "Guinea Ecuatorial",
  "region-selector-country-name_GR": "Grecia",
  "region-selector-country-name_GS": "Georgia del Sur e Islas Sandwich del Sur",
  "region-selector-country-name_GT": "Guatemala",
  "region-selector-country-name_GU": "Guam",
  "region-selector-country-name_GW": "Guinea-Bisáu",
  "region-selector-country-name_GY": "Guyana",
  "region-selector-country-name_HK": "Hong Kong",
  "region-selector-country-name_HN": "Honduras",
  "region-selector-country-name_HR": "Croacia",
  "region-selector-country-name_HT": "Haití",
  "region-selector-country-name_HU": "Hungría",
  "region-selector-country-name_IC": "Islas Canarias",
  "region-selector-country-name_ID": "Indonesia",
  "region-selector-country-name_IE": "Irlanda",
  "region-selector-country-name_IL": "Israel",
  "region-selector-country-name_IM": "Isla de Man",
  "region-selector-country-name_IN": "India",
  "region-selector-country-name_IO": "Océano Índico, Territorio Británico del",
  "region-selector-country-name_IQ": "Irak",
  "region-selector-country-name_IR": "Irán, República Islámica de",
  "region-selector-country-name_IS": "Islandia",
  "region-selector-country-name_IT": "Italia",
  "region-selector-country-name_JE": "Jersey",
  "region-selector-country-name_JM": "Jamaica",
  "region-selector-country-name_JO": "Jordania",
  "region-selector-country-name_JP": "Japón",
  "region-selector-country-name_KE": "Kenia",
  "region-selector-country-name_KG": "Kirguistán",
  "region-selector-country-name_KH": "Camboya",
  "region-selector-country-name_KI": "Kiribati",
  "region-selector-country-name_KM": "Comoras",
  "region-selector-country-name_KN": "San Cristóbal y Nieves",
  "region-selector-country-name_KP": "Corea, República Popular Democrática de",
  "region-selector-country-name_KR": "Corea, República de",
  "region-selector-country-name_KW": "Kuwait",
  "region-selector-country-name_KY": "Caimán, Islas",
  "region-selector-country-name_KZ": "Kazajistán",
  "region-selector-country-name_LA": "Laos, República Democrática Popular de",
  "region-selector-country-name_LB": "Líbano",
  "region-selector-country-name_LC": "Santa Lucía",
  "region-selector-country-name_LI": "Liechtenstein",
  "region-selector-country-name_LK": "Sri Lanka",
  "region-selector-country-name_LR": "Liberia",
  "region-selector-country-name_LS": "Lesoto",
  "region-selector-country-name_LT": "Lituania",
  "region-selector-country-name_LU": "Luxemburgo",
  "region-selector-country-name_LV": "Letonia ",
  "region-selector-country-name_LY": "Libia",
  "region-selector-country-name_MA": "Marruecos",
  "region-selector-country-name_MC": "Mónaco",
  "region-selector-country-name_MD": "Moldavia",
  "region-selector-country-name_ME": "Montenegro",
  "region-selector-country-name_MF": "San Martín, Colectividad de",
  "region-selector-country-name_MG": "Madagascar",
  "region-selector-country-name_MH": "Marshall, Islas",
  "region-selector-country-name_MK": "Macedonia",
  "region-selector-country-name_ML": "Mali",
  "region-selector-country-name_MM": "Myanmar",
  "region-selector-country-name_MN": "Mongolia",
  "region-selector-country-name_MO": "Macao",
  "region-selector-country-name_MP": "Marianas del Norte, Islas",
  "region-selector-country-name_MQ": "Martinica",
  "region-selector-country-name_MR": "Mauritania",
  "region-selector-country-name_MS": "Montserrat",
  "region-selector-country-name_MT": "Malta",
  "region-selector-country-name_MU": "República de Mauricio",
  "region-selector-country-name_MV": "Maldivas",
  "region-selector-country-name_MW": "Malaui",
  "region-selector-country-name_MX": "México",
  "region-selector-country-name_MY": "Malasia",
  "region-selector-country-name_MZ": "Mozambique",
  "region-selector-country-name_NA": "Namibia",
  "region-selector-country-name_NC": "Nueva Caledonia",
  "region-selector-country-name_NE": "Níger",
  "region-selector-country-name_NF": "Norfolk, Isla",
  "region-selector-country-name_NG": "Nigeria",
  "region-selector-country-name_NI": "Nicaragua",
  "region-selector-country-name_NL": "Países Bajos",
  "region-selector-country-name_NO": "Noruega ",
  "region-selector-country-name_NP": "Nepal",
  "region-selector-country-name_NR": "Nauru",
  "region-selector-country-name_NU": "Niue",
  "region-selector-country-name_NZ": "Nueva Zelanda",
  "region-selector-country-name_OM": "Omán",
  "region-selector-country-name_PA": "Panamá",
  "region-selector-country-name_PE": "Perú",
  "region-selector-country-name_PF": "Polinesia Francesa",
  "region-selector-country-name_PG": "Papúa Nueva Guinea",
  "region-selector-country-name_PH": "Filipinas",
  "region-selector-country-name_PK": "Pakistán",
  "region-selector-country-name_PL": "Polonia ",
  "region-selector-country-name_PM": "San Pedro y Miquelón",
  "region-selector-country-name_PN": "Pitcairn, Islas",
  "region-selector-country-name_PR": "Puerto Rico",
  "region-selector-country-name_PS": "Palestinos, Territorios",
  "region-selector-country-name_PT": "Portugal",
  "region-selector-country-name_PW": "Palaos",
  "region-selector-country-name_PY": "Paraguay",
  "region-selector-country-name_QA": "Qatar",
  "region-selector-country-name_QC": "Quebec",
  "region-selector-country-name_RE": "Reunión",
  "region-selector-country-name_RO": "Rumanía",
  "region-selector-country-name_RS": "Serbia, República de (antigua Serbia y Montenegro)",
  "region-selector-country-name_RU": "Rusia ",
  "region-selector-country-name_RW": "Ruanda",
  "region-selector-country-name_SA": "Arabia Saudí",
  "region-selector-country-name_SB": "Salomón, Islas",
  "region-selector-country-name_SC": "Seychelles",
  "region-selector-country-name_SD": "Sudán",
  "region-selector-country-name_SE": "Suecia",
  "region-selector-country-name_SG": "Singapur",
  "region-selector-country-name_SH": "Santa Elena",
  "region-selector-country-name_SI": "Eslovenia",
  "region-selector-country-name_SJ": "Svalbard y Jan Mayen",
  "region-selector-country-name_SK": "Eslovaquia",
  "region-selector-country-name_SL": "Sierra Leona",
  "region-selector-country-name_SM": "San Marino ",
  "region-selector-country-name_SN": "Senegal",
  "region-selector-country-name_SO": "Somalia",
  "region-selector-country-name_SR": "Surinam",
  "region-selector-country-name_SS": "Sudán del Sur",
  "region-selector-country-name_ST": "Santo Tomé y Príncipe",
  "region-selector-country-name_SV": "El Salvador",
  "region-selector-country-name_SX": "San Martín (Reino de los Países Bajos)",
  "region-selector-country-name_SY": "Siria, República Árabe",
  "region-selector-country-name_SZ": "Suazilandia",
  "region-selector-country-name_TA": "Tristán de Acuña",
  "region-selector-country-name_TC": "Turcas y Caicos, Islas",
  "region-selector-country-name_TD": "Chad",
  "region-selector-country-name_TF": "Territorios Australes Franceses",
  "region-selector-country-name_TG": "Togo",
  "region-selector-country-name_TH": "Tailandia",
  "region-selector-country-name_TJ": "Tayikistán",
  "region-selector-country-name_TK": "Tokelau",
  "region-selector-country-name_TL": "Timor Oriental",
  "region-selector-country-name_TM": "Turkmenistán",
  "region-selector-country-name_TN": "Túnez",
  "region-selector-country-name_TO": "Tonga",
  "region-selector-country-name_TR": "Turquía",
  "region-selector-country-name_TT": "Trinidad y Tobago",
  "region-selector-country-name_TV": "Tuvalu",
  "region-selector-country-name_TW": "Taiwán, provincia de China",
  "region-selector-country-name_TZ": "Tanzania, República Unida de",
  "region-selector-country-name_UA": "Ucrania",
  "region-selector-country-name_UG": "Uganda",
  "region-selector-country-name_UK": "Reino Unido",
  "region-selector-country-name_UM": "Islas menores alejadas de los Estados Unidos",
  "region-selector-country-name_US": "Estados Unidos",
  "region-selector-country-name_UY": "Uruguay",
  "region-selector-country-name_UZ": "Uzbekistán",
  "region-selector-country-name_VA": "Vaticano",
  "region-selector-country-name_VC": "San Vicente y las Granadinas",
  "region-selector-country-name_VE": "Venezuela",
  "region-selector-country-name_VG": "Islas Vírgenes Británicas",
  "region-selector-country-name_VI": "Islas Vírgenes de los Estados Unidos",
  "region-selector-country-name_VN": "Vietnam",
  "region-selector-country-name_VU": "Vanuatu",
  "region-selector-country-name_WF": "Wallis y Futuna",
  "region-selector-country-name_WS": "Samoa",
  "region-selector-country-name_XK": "Kosovo",
  "region-selector-country-name_YE": "Yemen",
  "region-selector-country-name_YT": "Mayotte",
  "region-selector-country-name_ZA": "Sudáfrica",
  "region-selector-country-name_ZM": "Zambia",
  "region-selector-country-name_ZW": "Zimbabue"
}
