{
  "region-selector-all-locations": "Todas as regiões",
  "region-selector-eu-filter": "Europa",
  "region-selector-ca-filter": "Canadá",
  "region-selector-us-filter": "EUA",
  "region-selector-ap-filter": "Ásia-Pacífico",
  "region-selector-city-name_eu-west-par": "Paris",
  "region-selector-city-name_eu-west-gra": "Gravelines",
  "region-selector-city-name_eu-west-gra1": "Gravelines (GRA1)",
  "region-selector-city-name_eu-west-sha": "Gravelines (SHADOW-EU-1)",
  "region-selector-city-name_eu-west-rbx": "Roubaix",
  "region-selector-city-name_eu-west-sbg": "Estrasburgo",
  "region-selector-city-name_eu-west-sbg1": "Estrasburgo (SBG1)",
  "region-selector-city-name_eu-west-lim": "Limburgo",
  "region-selector-city-name_eu-west-dln": "Dublin",
  "region-selector-city-name_eu-west-vie": "Viena",
  "region-selector-city-name_eu-west-ams": "Amesterdão",
  "region-selector-city-name_eu-west-eri": "Erith",
  "region-selector-city-name_eu-west-mnc": "Manchester",
  "region-selector-city-name_eu-west-lux": "Luxemburgo",
  "region-selector-city-name_eu-west-zrh": "Zurique",
  "region-selector-city-name_eu-west-lau": "Lausanne",
  "region-selector-city-name_eu-north-hel": "Helsínquia",
  "region-selector-city-name_eu-central-waw": "Varsóvia",
  "region-selector-city-name_eu-central-pra": "Praga",
  "region-selector-city-name_eu-central-bug": "Bucareste",
  "region-selector-city-name_eu-west-lz-bru": "Bruxelas (lz)",
  "region-selector-city-name_eu-west-lz-mad": "Madrid (lz)",
  "region-selector-city-name_eu-south-mil": "Milão",
  "region-selector-city-name_eu-west-gra-snc": "Gravelines (snc)",
  "region-selector-city-name_eu-west-rbx-snc": "Roubaix (snc)",
  "region-selector-city-name_eu-west-sbg-snc": "Estrasburgo (snc)",
  "region-selector-city-name_eu-west-lz-mrs": "Marselha",
  "region-selector-city-name_labeu-west-1-preprod": "Croix (preprod)",
  "region-selector-city-name_labeu-west-1-dev-1": "Croix (dev-1)",
  "region-selector-city-name_labeu-west-1-dev-2": "Croix (dev-2)",
  "region-selector-city-name_us-east-vin": "Vint Hill",
  "region-selector-city-name_us-west-hil": "Hillsboro",
  "region-selector-city-name_us-east-lz-dal": "Dallas",
  "region-selector-city-name_us-east-lz-hou": "Houston",
  "region-selector-city-name_us-west-lz-lax": "Los Angeles",
  "region-selector-city-name_us-west-lz-slc": "Salt Lake City",
  "region-selector-city-name_us-east-lz-chi": "Chicago",
  "region-selector-city-name_us-east-lz-stl": "Saint-Louis",
  "region-selector-city-name_us-east-lz-ind": "Indianapolis",
  "region-selector-city-name_us-east-lz-nyc": "Nova Iorque ",
  "region-selector-city-name_us-east-lz-mia": "Miami",
  "region-selector-city-name_us-west-lz-pao": "Palo Alto",
  "region-selector-city-name_us-west-lz-den": "Denver",
  "region-selector-city-name_us-west-lz-sea": "Seattle",
  "region-selector-city-name_us-east-lz-atl": "Atlanta",
  "region-selector-city-name_us-east-lz-bna": "Nashville",
  "region-selector-city-name_us-east-lz-clt": "Charlotte",
  "region-selector-city-name_us-east-lz-bos": "Boston",
  "region-selector-city-name_us-east-lz-phd": "Filadélfia",
  "region-selector-city-name_ca-east-bhs": "Beauharnois",
  "region-selector-city-name_ca-east-van": "Vancouver",
  "region-selector-city-name_ca-east-bhs1": "Beauharnois (BHS1)",
  "region-selector-city-name_ca-east-tor": "Toronto",
  "region-selector-city-name_ap-southeast-sgp": "Singapura",
  "region-selector-city-name_ap-southeast-syd": "Sydney",
  "region-selector-city-name_ap-south-mum": "Mumbai",
  "region-selector-city-name_ap-south-blr": "Bangalore",
  "region-selector-city-name_ap-north-tyo": "Tóquio",
  "region-selector-country-name_AC": "Ilha de Ascensão",
  "region-selector-country-name_AD": "Andorra",
  "region-selector-country-name_AE": "Emirados Árabes Unidos",
  "region-selector-country-name_AF": "Afeganistão",
  "region-selector-country-name_AG": "Antígua e Barbuda",
  "region-selector-country-name_AI": "Anguila",
  "region-selector-country-name_AL": "Albânia",
  "region-selector-country-name_AM": "Arménia",
  "region-selector-country-name_AO": "Angola",
  "region-selector-country-name_AQ": "Antártica",
  "region-selector-country-name_AR": "Argentina",
  "region-selector-country-name_AS": "Samoa Americana",
  "region-selector-country-name_AT": "Áustria",
  "region-selector-country-name_AU": "Austrália",
  "region-selector-country-name_AW": "Aruba",
  "region-selector-country-name_AX": "Alanda, Ilhas",
  "region-selector-country-name_AZ": "Azerbaijão",
  "region-selector-country-name_BA": "Bósnia-Herzegovina",
  "region-selector-country-name_BB": "Barbados",
  "region-selector-country-name_BD": "Bangladeche",
  "region-selector-country-name_BE": "Bélgica",
  "region-selector-country-name_BF": "Burquina Faso",
  "region-selector-country-name_BG": "Bulgária",
  "region-selector-country-name_BH": "Bahrein",
  "region-selector-country-name_BI": "Burundi",
  "region-selector-country-name_BJ": "Benim",
  "region-selector-country-name_BL": "São Bartolomeu",
  "region-selector-country-name_BM": "Bermudas",
  "region-selector-country-name_BN": "Brunei",
  "region-selector-country-name_BO": "Bolívia",
  "region-selector-country-name_BQ": "Países Baixos Caribenhos",
  "region-selector-country-name_BR": "Brasil",
  "region-selector-country-name_BS": "Baamas",
  "region-selector-country-name_BT": "Butão",
  "region-selector-country-name_BW": "Botsuana",
  "region-selector-country-name_BY": "Bielorrússia",
  "region-selector-country-name_BZ": "Belize",
  "region-selector-country-name_CA": "Canadá",
  "region-selector-country-name_CC": "Cocos (Keeling)",
  "region-selector-country-name_CD": "República Democrática do Congo",
  "region-selector-country-name_CF": "República Centro-Africana",
  "region-selector-country-name_CG": "Congo",
  "region-selector-country-name_CH": "Suíça",
  "region-selector-country-name_CI": "Costa do Marfim",
  "region-selector-country-name_CK": "Cook, Ilhas",
  "region-selector-country-name_CL": "Chile",
  "region-selector-country-name_CM": "Camarões",
  "region-selector-country-name_CN": "China",
  "region-selector-country-name_CO": "Colômbia",
  "region-selector-country-name_CR": "Costa Rica",
  "region-selector-country-name_CU": "Cuba",
  "region-selector-country-name_CV": "Cabo Verde",
  "region-selector-country-name_CW": "Curaçau",
  "region-selector-country-name_CX": "Christmas, Ilha",
  "region-selector-country-name_CY": "Chipre",
  "region-selector-country-name_CZ": "República Checa",
  "region-selector-country-name_DE": "Alemanha",
  "region-selector-country-name_DG": "Diego Garcia",
  "region-selector-country-name_DJ": "Jibuti",
  "region-selector-country-name_DK": "Dinamarca",
  "region-selector-country-name_DM": "Dominicana",
  "region-selector-country-name_DO": "República dominicana",
  "region-selector-country-name_DZ": "Argélia",
  "region-selector-country-name_EA": "Ceuta, Melilha",
  "region-selector-country-name_EC": "Equador",
  "region-selector-country-name_EE": "Estónia",
  "region-selector-country-name_EG": "Egipto",
  "region-selector-country-name_EH": "Saara Ocidental",
  "region-selector-country-name_ER": "Eritreia",
  "region-selector-country-name_ES": "Espanha",
  "region-selector-country-name_ET": "Etiópia",
  "region-selector-country-name_FI": "Finlândia",
  "region-selector-country-name_FJ": "Fiji",
  "region-selector-country-name_FK": "Malvinas, Ilhas",
  "region-selector-country-name_FM": "Micronésia, Estados Federados da",
  "region-selector-country-name_FO": "Ilhas Faroé",
  "region-selector-country-name_FR": "França",
  "region-selector-country-name_GA": "Gabão",
  "region-selector-country-name_GB": "Reino Unido",
  "region-selector-country-name_GD": "Granada",
  "region-selector-country-name_GE": "Geórgia",
  "region-selector-country-name_GF": "Guiana Francesa",
  "region-selector-country-name_GG": "Guernsey",
  "region-selector-country-name_GH": "Gana",
  "region-selector-country-name_GI": "Gibraltar",
  "region-selector-country-name_GL": "Gronelândia",
  "region-selector-country-name_GM": "Gâmbia",
  "region-selector-country-name_GN": "Guiné",
  "region-selector-country-name_GP": "Guadalupe",
  "region-selector-country-name_GQ": "Guine Equatorial",
  "region-selector-country-name_GR": "Grécia",
  "region-selector-country-name_GS": "Geórgia do Sul e Sandwich do Sul, Ilhas",
  "region-selector-country-name_GT": "Guatemala",
  "region-selector-country-name_GU": "Guam",
  "region-selector-country-name_GW": "Guiné-Bissau",
  "region-selector-country-name_GY": "Guiana",
  "region-selector-country-name_HK": "Hong-Kong",
  "region-selector-country-name_HN": "Honduras",
  "region-selector-country-name_HR": "Croácia",
  "region-selector-country-name_HT": "Haiti",
  "region-selector-country-name_HU": "Hungria",
  "region-selector-country-name_IC": "Ilhas Canárias",
  "region-selector-country-name_ID": "Indonésia",
  "region-selector-country-name_IE": "Irlanda",
  "region-selector-country-name_IL": "Israel",
  "region-selector-country-name_IM": "Ilha de Man",
  "region-selector-country-name_IN": "Índia",
  "region-selector-country-name_IO": "Oceano Indico, Território Britânico do",
  "region-selector-country-name_IQ": "Iraque",
  "region-selector-country-name_IR": "Irão, República Islâmica do",
  "region-selector-country-name_IS": "Islândia",
  "region-selector-country-name_IT": "Itália",
  "region-selector-country-name_JE": "Jersey",
  "region-selector-country-name_JM": "Jamaica",
  "region-selector-country-name_JO": "Jordânia",
  "region-selector-country-name_JP": "Japão",
  "region-selector-country-name_KE": "Quénia",
  "region-selector-country-name_KG": "Quirguistão",
  "region-selector-country-name_KH": "Camboja",
  "region-selector-country-name_KI": "Quiribáti",
  "region-selector-country-name_KM": "Comores",
  "region-selector-country-name_KN": "São Cristóvão e Nevis",
  "region-selector-country-name_KP": "Coreia, República Popular Democrática Da",
  "region-selector-country-name_KR": "Coreia, República da",
  "region-selector-country-name_KW": "Kuwait",
  "region-selector-country-name_KY": "Caimão, Ilhas",
  "region-selector-country-name_KZ": "Cazaquistão",
  "region-selector-country-name_LA": "Laos, República Democrática Popular",
  "region-selector-country-name_LB": "Líbano",
  "region-selector-country-name_LC": "Santa Lúcia",
  "region-selector-country-name_LI": "Listenstaine",
  "region-selector-country-name_LK": "Sri Lanka",
  "region-selector-country-name_LR": "Libéria",
  "region-selector-country-name_LS": "Lesoto",
  "region-selector-country-name_LT": "Lituânia",
  "region-selector-country-name_LU": "Luxemburgo",
  "region-selector-country-name_LV": "Letónia",
  "region-selector-country-name_LY": "Líbia",
  "region-selector-country-name_MA": "Marrocos*",
  "region-selector-country-name_MC": "Mónaco",
  "region-selector-country-name_MD": "Moldávia",
  "region-selector-country-name_ME": "Montenegro",
  "region-selector-country-name_MF": "Ilha de São Martinho",
  "region-selector-country-name_MG": "Madagáscar",
  "region-selector-country-name_MH": "Ilhas Marshall",
  "region-selector-country-name_MK": "Macedónia",
  "region-selector-country-name_ML": "Mali",
  "region-selector-country-name_MM": "Birmânia",
  "region-selector-country-name_MN": "Mongólia",
  "region-selector-country-name_MO": "Macau",
  "region-selector-country-name_MP": "Marianas Setentrionais",
  "region-selector-country-name_MQ": "Martinica",
  "region-selector-country-name_MR": "Mauritânia",
  "region-selector-country-name_MS": "Monserrate",
  "region-selector-country-name_MT": "Malta ",
  "region-selector-country-name_MU": "República da Maurícia",
  "region-selector-country-name_MV": "Maldivas",
  "region-selector-country-name_MW": "Maláui",
  "region-selector-country-name_MX": "México",
  "region-selector-country-name_MY": "Malásia",
  "region-selector-country-name_MZ": "Moçambique",
  "region-selector-country-name_NA": "Namíbia",
  "region-selector-country-name_NC": "Nova Caledónia",
  "region-selector-country-name_NE": "Níger",
  "region-selector-country-name_NF": "Ilha Norfolk",
  "region-selector-country-name_NG": "Nigéria",
  "region-selector-country-name_NI": "Nicarágua",
  "region-selector-country-name_NL": "Países Baixos",
  "region-selector-country-name_NO": "Noruega",
  "region-selector-country-name_NP": "Nepal",
  "region-selector-country-name_NR": "Nauru",
  "region-selector-country-name_NU": "Niue",
  "region-selector-country-name_NZ": "Nova Zelândia",
  "region-selector-country-name_OM": "Omã",
  "region-selector-country-name_PA": "Panamá",
  "region-selector-country-name_PE": "Peru",
  "region-selector-country-name_PF": "Polinésia Francesa",
  "region-selector-country-name_PG": "Papua-Nova Guiné",
  "region-selector-country-name_PH": "Filipinas",
  "region-selector-country-name_PK": "Paquistão",
  "region-selector-country-name_PL": "Polónia",
  "region-selector-country-name_PM": "Saint-Pierre e Miquelon",
  "region-selector-country-name_PN": "Ilhas Pitcairn",
  "region-selector-country-name_PR": "Porto Rico",
  "region-selector-country-name_PS": "Territórios palestinianos",
  "region-selector-country-name_PT": "Portugal",
  "region-selector-country-name_PW": "Palau",
  "region-selector-country-name_PY": "Paraguai",
  "region-selector-country-name_QA": "Catar",
  "region-selector-country-name_QC": "Quebeque",
  "region-selector-country-name_RE": "Ilha da Reunião",
  "region-selector-country-name_RO": "Roménia",
  "region-selector-country-name_RS": "República da Servia (Antiga Sérvia e Montenegro código cs)",
  "region-selector-country-name_RU": "Rússia",
  "region-selector-country-name_RW": "Ruanda",
  "region-selector-country-name_SA": "Arábia Saudita",
  "region-selector-country-name_SB": "Ilhas Salomão",
  "region-selector-country-name_SC": "Seicheles",
  "region-selector-country-name_SD": "Sudão",
  "region-selector-country-name_SE": "Suécia",
  "region-selector-country-name_SG": "Singapura",
  "region-selector-country-name_SH": "Santa Helena",
  "region-selector-country-name_SI": "Eslovénia",
  "region-selector-country-name_SJ": "Svalbard e Jan Mayen",
  "region-selector-country-name_SK": "Eslováquia",
  "region-selector-country-name_SL": "Serra Leoa",
  "region-selector-country-name_SM": "São Marino",
  "region-selector-country-name_SN": "Senegal*",
  "region-selector-country-name_SO": "Somália",
  "region-selector-country-name_SR": "Suriname",
  "region-selector-country-name_SS": "Sudão do Sul",
  "region-selector-country-name_ST": "São Tomé e Príncipe",
  "region-selector-country-name_SV": "Salvador",
  "region-selector-country-name_SX": "Saint-Martin (Reino Unido dos países baixos)",
  "region-selector-country-name_SY": "Síria",
  "region-selector-country-name_SZ": "Suazilândia",
  "region-selector-country-name_TA": "Tristão da Cunha",
  "region-selector-country-name_TC": "Ilhas Turcas e Caicos",
  "region-selector-country-name_TD": "Chade",
  "region-selector-country-name_TF": "Terras Austrais e Antárticas Francesas",
  "region-selector-country-name_TG": "Togo",
  "region-selector-country-name_TH": "Tailândia",
  "region-selector-country-name_TJ": "Tajiquistão",
  "region-selector-country-name_TK": "Toquelau",
  "region-selector-country-name_TL": "Timor-Leste",
  "region-selector-country-name_TM": "Turquemenistão",
  "region-selector-country-name_TN": "Tunísia*",
  "region-selector-country-name_TO": "Tonga",
  "region-selector-country-name_TR": "Turquia",
  "region-selector-country-name_TT": "Trinidad e Tobago",
  "region-selector-country-name_TV": "Tuvalu",
  "region-selector-country-name_TW": "Taiwan, província da China",
  "region-selector-country-name_TZ": "República Unida da Tanzânia",
  "region-selector-country-name_UA": "Ucrânia",
  "region-selector-country-name_UG": "Uganda",
  "region-selector-country-name_UK": "Reino Unido",
  "region-selector-country-name_UM": "Ilhas Menores Distantes dos Estados Unidos",
  "region-selector-country-name_US": "Estados Unidos",
  "region-selector-country-name_UY": "Uruguai",
  "region-selector-country-name_UZ": "Uzbequistão",
  "region-selector-country-name_VA": "Vaticano",
  "region-selector-country-name_VC": "São Vicente e Granadinas",
  "region-selector-country-name_VE": "Venezuela",
  "region-selector-country-name_VG": "Ilhas Virgens Britânicas",
  "region-selector-country-name_VI": "Ilhas Virgens Americanas",
  "region-selector-country-name_VN": "Vietname",
  "region-selector-country-name_VU": "Vanuatu",
  "region-selector-country-name_WF": "Wallis e Futuna",
  "region-selector-country-name_WS": "Samoa",
  "region-selector-country-name_XK": "Kosovo",
  "region-selector-country-name_YE": "Iémen",
  "region-selector-country-name_YT": "Maiote",
  "region-selector-country-name_ZA": "África do Sul",
  "region-selector-country-name_ZM": "Zâmbia",
  "region-selector-country-name_ZW": "Zimbabué"
}
