{
  "manager_components_region_SBG1": "Straßburg (SBG1)",
  "manager_components_region_BHS1": "Beauharnois (BHS1)",
  "manager_components_region_GRA1": "Gravelines (GRA1)",
  "manager_components_region_SBG": "Straßburg",
  "manager_components_region_SBG_micro": "Straßburg ({{ micro }})",
  "manager_components_region_MRS": "Marseille",
  "manager_components_region_MRS_micro": "Marseille ({{ micro }})",
  "manager_components_region_BHS": "Beauharnois",
  "manager_components_region_BHS_micro": "Beauharnois ({{ micro }})",
  "manager_components_region_ERI": "London",
  "manager_components_region_ERI_micro": "London ({{ micro }})",
  "manager_components_region_GRA": "Gravelines",
  "manager_components_region_GRA_micro": "Gravelines ({{ micro }})",
  "manager_components_region_LIM": "Limburg",
  "manager_components_region_LIM_micro": "Limburg ({{ micro }})",
  "manager_components_region_RBX": "Roubaix",
  "manager_components_region_RBX_micro": "Roubaix ({{ micro }})",
  "manager_components_region_WAW": "Warschau",
  "manager_components_region_WAW_micro": "Warschau ({{ micro }})",
  "manager_components_region_DE": "Frankfurt",
  "manager_components_region_DE_micro": "Frankfurt ({{ micro }})",
  "manager_components_region_UK": "London",
  "manager_components_region_UK_micro": "London ({{ micro }})",
  "manager_components_region_SGP": "Singapur",
  "manager_components_region_SGP_micro": "Singapur ({{ micro }})",
  "manager_components_region_VIN": "Vint Hill",
  "manager_components_region_VIN_micro": "Vint Hill ({{ micro }})",
  "manager_components_region_continent_VIN": "Nordamerika",
  "manager_components_region_HIL": "Hillsboro",
  "manager_components_region_HIL_micro": "Hillsboro ({{ micro }})",
  "manager_components_region_continent_HIL": "Nordamerika",
  "manager_components_region_OR": "Oregon",
  "manager_components_region_continent_OR": "Nordamerika",
  "manager_components_region_OR_micro": "Oregon ({{ micro }})",
  "manager_components_region_VA": "Virginia",
  "manager_components_region_VA_micro": "Virginia ({{ micro }})",
  "manager_components_region_continent_VA": "Nordamerika",
  "manager_components_region_SYD": "Sydney",
  "manager_components_region_SYD_micro": "Sydney ({{ micro }})",
  "manager_components_region_TOR": "Toronto",
  "manager_components_region_TOR_micro": "Toronto ({{ micro }})",
  "manager_components_region_continent_TOR": "Nordamerika",
  "manager_components_region_US": "USA",
  "manager_components_region_US_micro": "Vereinigte Staaten ({{ micro }})",
  "manager_components_region_GS": "GS",
  "manager_components_region_MAD": "Madrid",
  "manager_components_region_BRU": "Brüssel",
  "manager_components_region_DAL": "Dallas",
  "manager_components_region_continent_DAL": "Nordamerika",
  "manager_components_region_SHA_micro": "Gravelines (SHADOW-EU-1)",
  "manager_components_region_GS_micro": "Gridscale ({{ micro }})",
  "manager_components_region_MAD_micro": "Madrid ({{ micro }})",
  "manager_components_region_BRU_micro": "Brüssel ({{ micro }})",
  "manager_components_region_DAL_micro": "Dallas ({{ micro }})",
  "manager_components_region_PRG": "Prag",
  "manager_components_region_PRG_micro": "Prag ({{ micro }})",
  "manager_components_region_continent_PRG": "Mitteleuropa",
  "manager_components_region_AMS": "Amsterdam",
  "manager_components_region_AMS_micro": "Amsterdam ({{ micro }})",
  "manager_components_region_continent_AMS": "Westeuropa",
  "manager_components_region_MIL": "Mailand",
  "manager_components_region_MIL_micro": "Mailand ({{ micro }})",
  "manager_components_region_continent_MIL": "Südeuropa",
  "manager_components_region_ZRH": "Zürich",
  "manager_components_region_ZRH_micro": "Zürich ({{ micro }})",
  "manager_components_region_continent_ZRH": "Westeuropa",
  "manager_components_region_LAX": "Los Angeles",
  "manager_components_region_LAX_micro": "Los Angeles ({{ micro }})",
  "manager_components_region_continent_LAX": "Nordamerika",
  "manager_components_region_CHI": "Chicago",
  "manager_components_region_CHI_micro": "Chicago ({{ micro }})",
  "manager_components_region_continent_CHI": "Nordamerika",
  "manager_components_region_NYC": "New York",
  "manager_components_region_NYC_micro": "New York ({{ micro }})",
  "manager_components_region_continent_NYC": "Nordamerika",
  "manager_components_region_MIA": "Miami",
  "manager_components_region_MIA_micro": "Miami ({{ micro }})",
  "manager_components_region_continent_MIA": "Nordamerika",
  "manager_components_region_PAO": "Palo Alto",
  "manager_components_region_PAO_micro": "Palo Alto ({{ micro }})",
  "manager_components_region_continent_PAO": "Nordamerika",
  "manager_components_region_DEN": "Denver",
  "manager_components_region_DEN_micro": "Denver ({{ micro }})",
  "manager_components_region_continent_DEN": "Nordamerika",
  "manager_components_region_ATL": "Atlanta",
  "manager_components_region_ATL_micro": "Atlanta ({{ micro }})",
  "manager_components_region_continent_ATL": "Nordamerika",
  "manager_components_region_RBA": "Rabat",
  "manager_components_region_RBA_micro": "Rabat ({{ micro }})",
  "manager_components_region_continent_RBA": "Nordafrika",
  "manager_components_region_TYO": "Tokio",
  "manager_components_region_TYO_micro": "Tokio ({{ micro }})",
  "manager_components_region_continent_TYO": "APAC",
  "manager_components_region_BLR": "Bangalore",
  "manager_components_region_BLR_micro": "Bangalore ({{ micro }})",
  "manager_components_region_continent_BLR": "APAC",
  "manager_components_region_DXB": "Dubai",
  "manager_components_region_DXB_micro": "Dubai ({{ micro }})",
  "manager_components_region_continent_DXB": "Naher Osten",
  "manager_components_region_JKT": "Jakarta",
  "manager_components_region_JKT_micro": "Jakarta ({{ micro }})",
  "manager_components_region_continent_JKT": "APAC",
  "manager_components_region_LUX": "Luxemburg",
  "manager_components_region_LUX_micro": "Luxemburg ({{ micro }})",
  "manager_components_region_continent_LUX": "Westeuropa",
  "manager_components_region_MEX": "Mexiko",
  "manager_components_region_MEX_micro": "Mexiko ({{ micro }})",
  "manager_components_region_continent_MEX": "Mittelamerika",
  "manager_components_region_SAO": "São Paulo",
  "manager_components_region_SAO_micro": "São Paulo ({{ micro }})",
  "manager_components_region_continent_SAO": "Südamerika",
  "manager_components_region_TUN": "Tunis",
  "manager_components_region_TUN_micro": "Tunis ({{ micro }})",
  "manager_components_region_continent_TUN": "Nordafrika",
  "manager_components_region_AUS": "Austin",
  "manager_components_region_AUS_micro": "Austin ({{ micro }})",
  "manager_components_region_continent_AUS": "Nordamerika",
  "manager_components_region_BOS": "Boston",
  "manager_components_region_BOS_micro": "Boston ({{ micro }})",
  "manager_components_region_continent_BOS": "Nordamerika",
  "manager_components_region_SEA": "Seattle",
  "manager_components_region_SEA_micro": "Seattle ({{ micro }})",
  "manager_components_region_continent_SEA": "Nordamerika",
  "manager_components_region_BUH": "Bukarest",
  "manager_components_region_BUH_micro": "Bukarest ({{ micro }})",
  "manager_components_region_continent_BUH": "Mitteleuropa",
  "manager_components_region_PHD": "Philadelphia",
  "manager_components_region_PHD_micro": "Philadelphia ({{ micro }})",
  "manager_components_region_continent_PHD": "Nordamerika",
  "manager_components_region_BKK": "Bangkok",
  "manager_components_region_BKK_micro": "Bangkok ({{ micro }})",
  "manager_components_region_continent_BKK": "APAC",
  "manager_components_region_BUE": "Buenos Aires",
  "manager_components_region_BUE_micro": "Buenos Aires ({{ micro }})",
  "manager_components_region_continent_BUE": "Südamerika",
  "manager_components_region_AKL": "Auckland",
  "manager_components_region_AKL_micro": "Auckland ({{ micro }})",
  "manager_components_region_continent_AKL": "APAC",
  "manager_components_region_HEL": "Helsinki",
  "manager_components_region_HEL_micro": "Helsinki ({{ micro }})",
  "manager_components_region_continent_HEL": "Nordeuropa",
  "manager_components_region_HOU": "Houston",
  "manager_components_region_HOU_micro": "Houston ({{ micro }})",
  "manager_components_region_continent_HOU": "Nordamerika",
  "manager_components_region_SOF": "Sofia",
  "manager_components_region_SOF_micro": "Sofia ({{ micro }})",
  "manager_components_region_continent_SOF": "Mitteleuropa",
  "manager_components_region_OSL": "Oslo",
  "manager_components_region_OSL_micro": "Oslo ({{ micro }})",
  "manager_components_region_continent_OSL": "Nordeuropa",
  "manager_components_region_SMP": "Stockholm",
  "manager_components_region_SMP_micro": "Stockholm ({{ micro }})",
  "manager_components_region_continent_SMP": "Nordeuropa",
  "manager_components_region_TPE": "Taipeh",
  "manager_components_region_TPE_micro": "Taipeh ({{ micro }})",
  "manager_components_region_continent_TPE": "APAC",
  "manager_components_region_SCL": "Santiago",
  "manager_components_region_SCL_micro": "Santiago ({{ micro }})",
  "manager_components_region_continent_SCL": "Südamerika",
  "manager_components_region_SEL": "Seoul",
  "manager_components_region_SEL_micro": "Seoul ({{ micro }})",
  "manager_components_region_continent_SEL": "APAC",
  "manager_components_region_BOG": "Bogotá",
  "manager_components_region_BOG_micro": "Bogotá ({{ micro }})",
  "manager_components_region_continent_BOG": "Südamerika",
  "manager_components_region_LAG": "Lagos",
  "manager_components_region_LAG_micro": "Lagos ({{ micro }})",
  "manager_components_region_continent_LAG": "Afrika",
  "manager_components_region_CPT": "Kapstadt",
  "manager_components_region_CPT_micro": "Kapstadt ({{ micro }})",
  "manager_components_region_continent_CPT": "Afrika",
  "manager_components_region_NBO": "Nairobi",
  "manager_components_region_NBO_micro": "Nairobi ({{ micro }})",
  "manager_components_region_continent_NBO": "Afrika",
  "manager_components_region_ABJ": "Abidjan",
  "manager_components_region_ABJ_micro": "Abidjan ({{ micro }})",
  "manager_components_region_continent_ABJ": "Afrika",
  "manager_components_region_CAI": "Kairo",
  "manager_components_region_CAI_micro": "Kairo ({{ micro }})",
  "manager_components_region_continent_CAI": "Afrika",
  "manager_components_region_DOH": "Doha",
  "manager_components_region_DOH_micro": "Doha ({{ micro }})",
  "manager_components_region_continent_DOH": "Naher Osten",
  "manager_components_region_LAU": "Lausanne",
  "manager_components_region_LAU_micro": "Lausanne ({{ micro }})",
  "manager_components_region_continent_LAU": "Westeuropa",
  "manager_components_region_KOG": "Kopenhagen",
  "manager_components_region_KOG_micro": "Kopenhagen ({{ micro }})",
  "manager_components_region_continent_KOG": "Nordeuropa",
  "manager_components_region_LIS": "Lissabon",
  "manager_components_region_LIS_micro": "Lissabon ({{ micro }})",
  "manager_components_region_continent_LIS": "Südeuropa",
  "manager_components_region_MEL": "Melbourne",
  "manager_components_region_MEL_micro": "Melbourne ({{ micro }})",
  "manager_components_region_continent_MEL": "APAC",
  "manager_components_region_ICD": "Neu-Delhi",
  "manager_components_region_ICD_micro": "Neu-Delhi ({{ micro }})",
  "manager_components_region_continent_ICD": "APAC",
  "manager_components_region_OSA": "Osaka",
  "manager_components_region_OSA_micro": "Osaka ({{ micro }})",
  "manager_components_region_continent_OSA": "APAC",
  "manager_components_region_KUL": "Kuala Lumpur",
  "manager_components_region_KUL_micro": "Kuala Lumpur ({{ micro }})",
  "manager_components_region_continent_KUL": "APAC",
  "manager_components_region_MNL": "Manila",
  "manager_components_region_MNL_micro": "Manila ({{ micro }})",
  "manager_components_region_continent_MNL": "APAC",
  "manager_components_region_SGN": "Ho-Chi-Minh-Stadt",
  "manager_components_region_SGN_micro": "Ho-Chi-Minh-Stadt ({{ micro }})",
  "manager_components_region_continent_SGN": "APAC",
  "manager_components_region_VIE": "Wien",
  "manager_components_region_VIE_micro": "Wien ({{ micro }})",
  "manager_components_region_continent_VIE": "Westeuropa",
  "manager_components_region_DLN": "Dublin",
  "manager_components_region_DLN_micro": "Dublin ({{ micro }})",
  "manager_components_region_continent_DLN": "Westeuropa",
  "manager_components_region_VAN": "Vancouver",
  "manager_components_region_VAN_micro": "Vancouver ({{ micro }})",
  "manager_components_region_continent_VAN": "Nordamerika",
  "manager_components_region_TLV": "Tel Aviv-Jaffa",
  "manager_components_region_TLV_micro": "Tel Aviv-Jaffa ({{ micro }})",
  "manager_components_region_continent_TLV": "Naher Osten",
  "manager_components_region_MNC": "Manchester",
  "manager_components_region_MNC_micro": "Manchester ({{ micro }})",
  "manager_components_region_continent_MNC": "Westeuropa",
  "manager_components_region_CLT": "Charlotte",
  "manager_components_region_CLT_micro": "Charlotte ({{ micro }})",
  "manager_components_region_continent_CLT": "Nordamerika",
  "manager_components_region_BNA": "Nashville",
  "manager_components_region_BNA_micro": "Nashville ({{ micro }})",
  "manager_components_region_continent_BNA": "Nordamerika",
  "manager_components_region_SLC": "Salt Lake City",
  "manager_components_region_SLC_micro": "Salt Lake City ({{ micro }})",
  "manager_components_region_continent_SLC": "Nordamerika",
  "manager_components_region_STL": "Saint-Louis",
  "manager_components_region_STL_micro": "Saint-Louis ({{ micro }})",
  "manager_components_region_continent_STL": "Nordamerika",
  "manager_components_region_IND": "Indianapolis",
  "manager_components_region_IND_micro": "Indianapolis ({{ micro }})",
  "manager_components_region_continent_IND": "Nordamerika",
  "manager_components_region_IST": "Istanbul",
  "manager_components_region_IST_micro": "Istanbul ({{ micro }})",
  "manager_components_region_continent_IST": "Naher Osten",
  "manager_components_region_localize": "Lokalisieren",
  "manager_components_region_location_SBG": "Mitteleuropa (Frankreich)",
  "manager_components_region_location_WAW": "Mitteleuropa (Polen)",
  "manager_components_region_location_BHS": "Nordamerika (Kanada)",
  "manager_components_region_location_ERI": "Westeuropa (Vereinigtes Königreich)",
  "manager_components_region_location_GRA": "Westeuropa (Frankreich)",
  "manager_components_region_location_GS": "Westeuropa",
  "manager_components_region_location_MAD": "Westeuropa",
  "manager_components_region_location_BRU": "Westeuropa",
  "manager_components_region_location_LIM": "Mitteleuropa (Deutschland)",
  "manager_components_region_location_RBX": "Westeuropa (Frankreich)",
  "manager_components_region_location_DE": "Mitteleuropa (Deutschland)",
  "manager_components_region_location_UK": "Westeuropa (Vereinigtes Königreich)",
  "manager_components_region_location_SGP": "Asiatisch-pazifischer Raum (Singapur)",
  "manager_components_region_location_SYD": "Ozeanien (Australien)",
  "manager_components_region_location_US": "USA",
  "manager_components_region_location_DAL": "USA",
  "manager_components_region_continent_SBG": "Mitteleuropa",
  "manager_components_region_continent_WAW": "Mitteleuropa",
  "manager_components_region_continent_BHS": "Nordamerika",
  "manager_components_region_continent_GRA": "Westeuropa",
  "manager_components_region_continent_RBX": "Westeuropa",
  "manager_components_region_continent_GS": "Westeuropa",
  "manager_components_region_continent_MAD": "Westeuropa",
  "manager_components_region_continent_BRU": "Westeuropa",
  "manager_components_region_continent_DE": "Mitteleuropa",
  "manager_components_region_continent_UK": "Westeuropa",
  "manager_components_region_continent_SGP": "Asiatisch-pazifischer Raum",
  "manager_components_region_continent_SYD": "Ozeanien",
  "manager_components_region_continent_SHA": "Westeuropa",
  "manager_components_region_continent_CA": "Nordamerika",
  "manager_components_region_continent_MRS": "Westeuropa",
  "manager_components_region_MUM": "Mumbai",
  "manager_components_region_MUM_micro": "Mumbai ({{ micro }})",
  "manager_components_region_location_MUM": "Asiatisch-pazifischer Raum (Mumbai)",
  "manager_components_region_continent_MUM": "Asiatisch-pazifischer Raum"
}
