{
  "manager_components_region_SBG1": "Strasburgo (SBG1)",
  "manager_components_region_BHS1": "Beauharnois (BHS1)",
  "manager_components_region_GRA1": "Gravelines (GRA1)",
  "manager_components_region_SBG": "Strasburgo",
  "manager_components_region_SBG_micro": "Strasburgo ({{ micro }})",
  "manager_components_region_MRS": "Marsiglia",
  "manager_components_region_MRS_micro": "Marsiglia ({{ micro }})",
  "manager_components_region_BHS": "Beauharnois",
  "manager_components_region_BHS_micro": "Beauharnois ({{ micro }})",
  "manager_components_region_ERI": "Londra",
  "manager_components_region_ERI_micro": "Londra ({{ micro }})",
  "manager_components_region_GRA": "Gravelines",
  "manager_components_region_GRA_micro": "Gravelines ({{ micro }})",
  "manager_components_region_LIM": "Limburgo",
  "manager_components_region_LIM_micro": "Limburgo ({{ micro }})",
  "manager_components_region_RBX": "Roubaix",
  "manager_components_region_RBX_micro": "Roubaix ({{ micro }})",
  "manager_components_region_WAW": "Varsavia",
  "manager_components_region_WAW_micro": "Varsavia ({{ micro }})",
  "manager_components_region_DE": "Francoforte",
  "manager_components_region_DE_micro": "Francoforte ({{ micro }})",
  "manager_components_region_UK": "Londra",
  "manager_components_region_UK_micro": "Londra ({{ micro }})",
  "manager_components_region_SGP": "Singapore",
  "manager_components_region_SGP_micro": "Singapore ({{ micro }})",
  "manager_components_region_VIN": "Vint Hill",
  "manager_components_region_VIN_micro": "Vint Hill ({{ micro }})",
  "manager_components_region_continent_VIN": "Nord America ",
  "manager_components_region_HIL": "Hillsboro",
  "manager_components_region_HIL_micro": "Hillsboro ({{ micro }})",
  "manager_components_region_continent_HIL": "Nord America ",
  "manager_components_region_OR": "Oregon",
  "manager_components_region_continent_OR": "Nord America ",
  "manager_components_region_OR_micro": "Oregon ({{ micro }})",
  "manager_components_region_VA": "Virginia",
  "manager_components_region_VA_micro": "Virginia ({{ micro }})",
  "manager_components_region_continent_VA": "Nord America ",
  "manager_components_region_SYD": "Sydney",
  "manager_components_region_SYD_micro": "Sydney ({{ micro }})",
  "manager_components_region_TOR": "Toronto",
  "manager_components_region_TOR_micro": "Toronto ({{ micro }})",
  "manager_components_region_continent_TOR": "Nord America ",
  "manager_components_region_US": "Stati Uniti",
  "manager_components_region_US_micro": "Stati Uniti ({{ micro }})",
  "manager_components_region_GS": "GS",
  "manager_components_region_MAD": "Madrid",
  "manager_components_region_BRU": "Bruxelles",
  "manager_components_region_DAL": "Dallas",
  "manager_components_region_continent_DAL": "Nord America ",
  "manager_components_region_SHA_micro": "Gravelines (SHADOW-EU-1)",
  "manager_components_region_GS_micro": "Gridscale ({{ micro }})",
  "manager_components_region_MAD_micro": "Madrid ({{ micro }})",
  "manager_components_region_BRU_micro": "Bruxelles ({{ micro }})",
  "manager_components_region_DAL_micro": "Dallas ({{ micro }})",
  "manager_components_region_PRG": "Praga",
  "manager_components_region_PRG_micro": "Praga ({{ micro }})",
  "manager_components_region_continent_PRG": "Europa centrale",
  "manager_components_region_AMS": "Amsterdam",
  "manager_components_region_AMS_micro": "Amsterdam ({{ micro }})",
  "manager_components_region_continent_AMS": "Europa Occidentale",
  "manager_components_region_MIL": "Milano",
  "manager_components_region_MIL_micro": "Milano ({{ micro }})",
  "manager_components_region_continent_MIL": "Sud Europa",
  "manager_components_region_ZRH": "Zurigo",
  "manager_components_region_ZRH_micro": "Zurigo ({{ micro }})",
  "manager_components_region_continent_ZRH": "Europa Occidentale",
  "manager_components_region_LAX": "Los Angeles",
  "manager_components_region_LAX_micro": "Los Angeles ({{ micro }})",
  "manager_components_region_continent_LAX": "Nord America ",
  "manager_components_region_CHI": "Chicago",
  "manager_components_region_CHI_micro": "Chicago ({{ micro }})",
  "manager_components_region_continent_CHI": "Nord America ",
  "manager_components_region_NYC": "New York",
  "manager_components_region_NYC_micro": "New York ({{ micro }})",
  "manager_components_region_continent_NYC": "Nord America ",
  "manager_components_region_MIA": "Miami",
  "manager_components_region_MIA_micro": "Miami ({{ micro }})",
  "manager_components_region_continent_MIA": "Nord America ",
  "manager_components_region_PAO": "Palo Alto",
  "manager_components_region_PAO_micro": "Palo Alto ({{ micro }})",
  "manager_components_region_continent_PAO": "Nord America ",
  "manager_components_region_DEN": "Denver",
  "manager_components_region_DEN_micro": "Denver ({{ micro }})",
  "manager_components_region_continent_DEN": "Nord America ",
  "manager_components_region_ATL": "Atlanta",
  "manager_components_region_ATL_micro": "Atlanta ({{ micro }})",
  "manager_components_region_continent_ATL": "Nord America ",
  "manager_components_region_RBA": "Rabat",
  "manager_components_region_RBA_micro": "Rabat ({{ micro }})",
  "manager_components_region_continent_RBA": "Nord Africa",
  "manager_components_region_TYO": "Tokyo",
  "manager_components_region_TYO_micro": "Tokyo ({{ micro }})",
  "manager_components_region_continent_TYO": "APAC",
  "manager_components_region_BLR": "Bangalore",
  "manager_components_region_BLR_micro": "Bangalore ({{ micro }})",
  "manager_components_region_continent_BLR": "APAC",
  "manager_components_region_DXB": "Dubai",
  "manager_components_region_DXB_micro": "Dubai ({{ micro }})",
  "manager_components_region_continent_DXB": "Medio Oriente",
  "manager_components_region_JKT": "Giacarta",
  "manager_components_region_JKT_micro": "Giacarta ({{ micro }})",
  "manager_components_region_continent_JKT": "APAC",
  "manager_components_region_LUX": "Lussemburgo",
  "manager_components_region_LUX_micro": "Lussemburgo ({{ micro }})",
  "manager_components_region_continent_LUX": "Europa Occidentale",
  "manager_components_region_MEX": "Messico",
  "manager_components_region_MEX_micro": "Messico ({{ micro }})",
  "manager_components_region_continent_MEX": "Centro America ",
  "manager_components_region_SAO": "San Paolo",
  "manager_components_region_SAO_micro": "San Paolo ({{ micro }})",
  "manager_components_region_continent_SAO": "Sud America",
  "manager_components_region_TUN": "Tunisi",
  "manager_components_region_TUN_micro": "Tunisi ({{ micro }})",
  "manager_components_region_continent_TUN": "Nord Africa",
  "manager_components_region_AUS": "Austin",
  "manager_components_region_AUS_micro": "Austin ({{ micro }})",
  "manager_components_region_continent_AUS": "Nord America ",
  "manager_components_region_BOS": "Boston",
  "manager_components_region_BOS_micro": "Boston ({{ micro }})",
  "manager_components_region_continent_BOS": "Nord America ",
  "manager_components_region_SEA": "Seattle",
  "manager_components_region_SEA_micro": "Seattle ({{ micro }})",
  "manager_components_region_continent_SEA": "Nord America ",
  "manager_components_region_BUH": "Bucarest",
  "manager_components_region_BUH_micro": "Bucarest ({{ micro }})",
  "manager_components_region_continent_BUH": "Europa centrale",
  "manager_components_region_PHD": "Filadelfia",
  "manager_components_region_PHD_micro": "Filadelfia ({{ micro }})",
  "manager_components_region_continent_PHD": "Nord America ",
  "manager_components_region_BKK": "Bangkok",
  "manager_components_region_BKK_micro": "Bangkok ({{ micro }})",
  "manager_components_region_continent_BKK": "APAC",
  "manager_components_region_BUE": "Buenos Aires",
  "manager_components_region_BUE_micro": "Buenos Aires ({{ micro }})",
  "manager_components_region_continent_BUE": "Sud America",
  "manager_components_region_AKL": "Auckland",
  "manager_components_region_AKL_micro": "Auckland ({{ micro }})",
  "manager_components_region_continent_AKL": "APAC",
  "manager_components_region_HEL": "Helsinki",
  "manager_components_region_HEL_micro": "Helsinki ({{ micro }})",
  "manager_components_region_continent_HEL": "Nord Europa",
  "manager_components_region_HOU": "Houston",
  "manager_components_region_HOU_micro": "Houston ({{ micro }})",
  "manager_components_region_continent_HOU": "Nord America ",
  "manager_components_region_SOF": "Sofia",
  "manager_components_region_SOF_micro": "Sofia ({{ micro }})",
  "manager_components_region_continent_SOF": "Europa centrale",
  "manager_components_region_OSL": "Oslo",
  "manager_components_region_OSL_micro": "Oslo ({{ micro }})",
  "manager_components_region_continent_OSL": "Nord Europa",
  "manager_components_region_SMP": "Stoccolma",
  "manager_components_region_SMP_micro": "Stoccolma ({{ micro }})",
  "manager_components_region_continent_SMP": "Nord Europa",
  "manager_components_region_TPE": "Taipei",
  "manager_components_region_TPE_micro": "Taipei ({{ micro }})",
  "manager_components_region_continent_TPE": "APAC",
  "manager_components_region_SCL": "Santiago",
  "manager_components_region_SCL_micro": "Santiago ({{ micro }})",
  "manager_components_region_continent_SCL": "Sud America",
  "manager_components_region_SEL": "Seul",
  "manager_components_region_SEL_micro": "Seul ({{ micro }})",
  "manager_components_region_continent_SEL": "APAC",
  "manager_components_region_BOG": "Bogotà",
  "manager_components_region_BOG_micro": "Bogotà ({{ micro }})",
  "manager_components_region_continent_BOG": "Sud America",
  "manager_components_region_LAG": "Lagos",
  "manager_components_region_LAG_micro": "Lagos ({{ micro }})",
  "manager_components_region_continent_LAG": "Africa",
  "manager_components_region_CPT": "Città del Capo",
  "manager_components_region_CPT_micro": "Città del Capo ({{ micro }})",
  "manager_components_region_continent_CPT": "Africa",
  "manager_components_region_NBO": "Nairobi",
  "manager_components_region_NBO_micro": "Nairobi ({{ micro }})",
  "manager_components_region_continent_NBO": "Africa",
  "manager_components_region_ABJ": "Abidjan",
  "manager_components_region_ABJ_micro": "Abidjan ({{ micro }})",
  "manager_components_region_continent_ABJ": "Africa",
  "manager_components_region_CAI": "Il Cairo",
  "manager_components_region_CAI_micro": "Il Cairo ({{ micro }})",
  "manager_components_region_continent_CAI": "Africa",
  "manager_components_region_DOH": "Doha",
  "manager_components_region_DOH_micro": "Doha ({{ micro }})",
  "manager_components_region_continent_DOH": "Medio Oriente",
  "manager_components_region_LAU": "Losanna",
  "manager_components_region_LAU_micro": "Losanna ({{ micro }})",
  "manager_components_region_continent_LAU": "Europa Occidentale",
  "manager_components_region_KOG": "Copenaghen",
  "manager_components_region_KOG_micro": "Copenaghen ({{ micro }})",
  "manager_components_region_continent_KOG": "Nord Europa",
  "manager_components_region_LIS": "Lisbona",
  "manager_components_region_LIS_micro": "Lisbona ({{ micro }})",
  "manager_components_region_continent_LIS": "Sud Europa",
  "manager_components_region_MEL": "Melbourne",
  "manager_components_region_MEL_micro": "Melbourne ({{ micro }})",
  "manager_components_region_continent_MEL": "APAC",
  "manager_components_region_ICD": "Nuova Delhi",
  "manager_components_region_ICD_micro": "Nuova Delhi ({{ micro }})",
  "manager_components_region_continent_ICD": "APAC",
  "manager_components_region_OSA": "Osaka",
  "manager_components_region_OSA_micro": "Osaka ({{ micro }})",
  "manager_components_region_continent_OSA": "APAC",
  "manager_components_region_KUL": "Kuala Lumpur",
  "manager_components_region_KUL_micro": "Kuala Lumpur ({{ micro }})",
  "manager_components_region_continent_KUL": "APAC",
  "manager_components_region_MNL": "Manila",
  "manager_components_region_MNL_micro": "Manila ({{ micro }})",
  "manager_components_region_continent_MNL": "APAC",
  "manager_components_region_SGN": "Ho Chi Minh",
  "manager_components_region_SGN_micro": "Ho Chi Minh ({{ micro }})",
  "manager_components_region_continent_SGN": "APAC",
  "manager_components_region_VIE": "Vienna",
  "manager_components_region_VIE_micro": "Vienna ({{ micro }})",
  "manager_components_region_continent_VIE": "Europa Occidentale",
  "manager_components_region_DLN": "Dublino",
  "manager_components_region_DLN_micro": "Dublino ({{ micro }})",
  "manager_components_region_continent_DLN": "Europa Occidentale",
  "manager_components_region_VAN": "Vancouver",
  "manager_components_region_VAN_micro": "Vancouver ({{ micro }})",
  "manager_components_region_continent_VAN": "Nord America ",
  "manager_components_region_TLV": "Tel Aviv",
  "manager_components_region_TLV_micro": "Tel Aviv ({{ micro }})",
  "manager_components_region_continent_TLV": "Medio Oriente",
  "manager_components_region_MNC": "Manchester",
  "manager_components_region_MNC_micro": "Manchester ({{ micro }})",
  "manager_components_region_continent_MNC": "Europa Occidentale",
  "manager_components_region_CLT": "Charlotte",
  "manager_components_region_CLT_micro": "Charlotte ({{ micro }})",
  "manager_components_region_continent_CLT": "Nord America ",
  "manager_components_region_BNA": "Nashville",
  "manager_components_region_BNA_micro": "Nashville ({{ micro }})",
  "manager_components_region_continent_BNA": "Nord America ",
  "manager_components_region_SLC": "Salt Lake City",
  "manager_components_region_SLC_micro": "Salt Lake City ({{ micro }})",
  "manager_components_region_continent_SLC": "Nord America ",
  "manager_components_region_STL": "Saint Louis",
  "manager_components_region_STL_micro": "Saint Louis ({{ micro }})",
  "manager_components_region_continent_STL": "Nord America ",
  "manager_components_region_IND": "Indianapolis",
  "manager_components_region_IND_micro": "Indianapolis ({{ micro }})",
  "manager_components_region_continent_IND": "Nord America ",
  "manager_components_region_IST": "Istanbul",
  "manager_components_region_IST_micro": "Istanbul ({{ micro }})",
  "manager_components_region_continent_IST": "Medio Oriente",
  "manager_components_region_localize": "Localizza",
  "manager_components_region_location_SBG": "Europa centrale (Francia)",
  "manager_components_region_location_WAW": "Europa centrale (Polonia)",
  "manager_components_region_location_BHS": "Nord America (Canada)",
  "manager_components_region_location_ERI": "Europa Occidentale (Gran Bretagna)",
  "manager_components_region_location_GRA": "Europa Occidentale (Francia)",
  "manager_components_region_location_GS": "Europa Occidentale",
  "manager_components_region_location_MAD": "Southern Europe",
  "manager_components_region_location_BRU": "Europa Occidentale",
  "manager_components_region_location_LIM": "Europa centrale (Germania)",
  "manager_components_region_location_RBX": "Europa Occidentale (Francia)",
  "manager_components_region_location_DE": "Europa centrale (Germania)",
  "manager_components_region_location_UK": "Europa Occidentale (Gran Bretagna)",
  "manager_components_region_location_SGP": "Asia Pacifica (Singapore)",
  "manager_components_region_location_SYD": "Oceania (Australia)",
  "manager_components_region_location_US": "Stati Uniti",
  "manager_components_region_location_DAL": "Stati Uniti",
  "manager_components_region_continent_SBG": "Europa centrale",
  "manager_components_region_continent_WAW": "Europa centrale",
  "manager_components_region_continent_BHS": "Nord America ",
  "manager_components_region_continent_GRA": "Europa Occidentale",
  "manager_components_region_continent_RBX": "Europa Occidentale",
  "manager_components_region_continent_GS": "Europa Occidentale",
  "manager_components_region_continent_MAD": "Europa meridionale",
  "manager_components_region_continent_BRU": "Europa Occidentale",
  "manager_components_region_continent_DE": "Europa centrale",
  "manager_components_region_continent_UK": "Europa Occidentale",
  "manager_components_region_continent_SGP": "Asia Pacifica",
  "manager_components_region_continent_SYD": "Oceania",
  "manager_components_region_continent_SHA": "Europa Occidentale",
  "manager_components_region_continent_CA": "Nord America ",
  "manager_components_region_continent_MRS": "Europa Occidentale",
  "manager_components_region_MUM": "Mumbai",
  "manager_components_region_MUM_micro": "Mumbai ({{ micro }})",
  "manager_components_region_location_MUM": "Asia Pacifica (Mumbai)",
  "manager_components_region_continent_MUM": "Asia Pacifica",
  "manager_components_region_PAR": "Parigi",
  "manager_components_region_PAR_micro": "Parigi ({{ micro }})",
  "manager_components_region_location_PAR": "Europa occidentale (Francia)",
  "manager_components_region_continent_PAR": "Europa occidentale"
}
