{
  "manager_components_region_SBG1": "Strasbourg (SBG1)",
  "manager_components_region_BHS1": "Beauharnois (BHS1)",
  "manager_components_region_GRA1": "Gravelines (GRA1)",
  "manager_components_region_SBG": "Strasbourg",
  "manager_components_region_SBG_micro": "Strasbourg ({{ micro }})",
  "manager_components_region_MRS": "Marseille",
  "manager_components_region_MRS_micro": "Marseille ({{ micro }})",
  "manager_components_region_BHS": "Beauharnois",
  "manager_components_region_BHS_micro": "Beauharnois ({{ micro }})",
  "manager_components_region_ERI": "London",
  "manager_components_region_ERI_micro": "London ({{ micro }})",
  "manager_components_region_GRA": "Gravelines",
  "manager_components_region_GRA_micro": "Gravelines ({{ micro }})",
  "manager_components_region_LIM": "Limburg",
  "manager_components_region_LIM_micro": "Limburg ({{ micro }})",
  "manager_components_region_RBX": "Roubaix",
  "manager_components_region_RBX_micro": "Roubaix ({{ micro }})",
  "manager_components_region_WAW": "Warsaw",
  "manager_components_region_WAW_micro": "Warsaw ({{ micro }})",
  "manager_components_region_DE": "Frankfurt",
  "manager_components_region_DE_micro": "Frankfurt ({{ micro }})",
  "manager_components_region_UK": "London",
  "manager_components_region_UK_micro": "London ({{ micro }})",
  "manager_components_region_SGP": "Singapore",
  "manager_components_region_SGP_micro": "Singapore ({{ micro }})",
  "manager_components_region_VIN": "Vint Hill",
  "manager_components_region_VIN_micro": "Vint Hill ({{ micro }})",
  "manager_components_region_continent_VIN": "North America",
  "manager_components_region_HIL": "Hillsboro",
  "manager_components_region_HIL_micro": "Hillsboro ({{ micro }})",
  "manager_components_region_continent_HIL": "North America",
  "manager_components_region_OR": "Oregon",
  "manager_components_region_continent_OR": "North America",
  "manager_components_region_OR_micro": "Oregon ({{ micro }})",
  "manager_components_region_VA": "Virginia",
  "manager_components_region_VA_micro": "Virginia ({{ micro }})",
  "manager_components_region_continent_VA": "North America",
  "manager_components_region_SYD": "Sydney",
  "manager_components_region_SYD_micro": "Sydney ({{ micro }})",
  "manager_components_region_TOR": "Toronto",
  "manager_components_region_TOR_micro": "Toronto ({{ micro }})",
  "manager_components_region_continent_TOR": "North America",
  "manager_components_region_US": "United States of America",
  "manager_components_region_US_micro": "United States ({{ micro }})",
  "manager_components_region_GS": "GS",
  "manager_components_region_MAD": "Madrid",
  "manager_components_region_BRU": "Brussels",
  "manager_components_region_DAL": "Dallas",
  "manager_components_region_continent_DAL": "North America",
  "manager_components_region_SHA_micro": "Gravelines (SHADOW-EU-1)",
  "manager_components_region_GS_micro": "Gridscale ({{ micro }})",
  "manager_components_region_MAD_micro": "Madrid ({{ micro }})",
  "manager_components_region_BRU_micro": "Brussels ({{ micro }})",
  "manager_components_region_DAL_micro": "Dallas ({{ micro }})",
  "manager_components_region_PRG": "Prague",
  "manager_components_region_PRG_micro": "Prague ({{ micro }})",
  "manager_components_region_continent_PRG": "Central Europe",
  "manager_components_region_AMS": "Amsterdam",
  "manager_components_region_AMS_micro": "Amsterdam ({{ micro }})",
  "manager_components_region_continent_AMS": "Western Europe",
  "manager_components_region_MIL": "Milan",
  "manager_components_region_MIL_micro": "Milan ({{ micro }})",
  "manager_components_region_continent_MIL": "Southern Europe",
  "manager_components_region_ZRH": "Zurich",
  "manager_components_region_ZRH_micro": "Zurich ({{ micro }})",
  "manager_components_region_continent_ZRH": "Western Europe",
  "manager_components_region_LAX": "Los Angeles",
  "manager_components_region_LAX_micro": "Los Angeles ({{ micro }})",
  "manager_components_region_continent_LAX": "North America",
  "manager_components_region_CHI": "Chicago",
  "manager_components_region_CHI_micro": "Chicago ({{ micro }})",
  "manager_components_region_continent_CHI": "North America",
  "manager_components_region_NYC": "New York",
  "manager_components_region_NYC_micro": "New York ({{ micro }})",
  "manager_components_region_continent_NYC": "North America",
  "manager_components_region_MIA": "Miami",
  "manager_components_region_MIA_micro": "Miami ({{ micro }})",
  "manager_components_region_continent_MIA": "North America",
  "manager_components_region_PAO": "Palo Alto",
  "manager_components_region_PAO_micro": "Palo Alto ({{ micro }})",
  "manager_components_region_continent_PAO": "North America",
  "manager_components_region_DEN": "Denver",
  "manager_components_region_DEN_micro": "Denver ({{ micro }})",
  "manager_components_region_continent_DEN": "North America",
  "manager_components_region_ATL": "Atlanta",
  "manager_components_region_ATL_micro": "Atlanta ({{ micro }})",
  "manager_components_region_continent_ATL": "North America",
  "manager_components_region_RBA": "Rabat",
  "manager_components_region_RBA_micro": "Rabat ({{ micro }})",
  "manager_components_region_continent_RBA": "North Africa",
  "manager_components_region_TYO": "Tokyo",
  "manager_components_region_TYO_micro": "Tokyo ({{ micro }})",
  "manager_components_region_continent_TYO": "APAC",
  "manager_components_region_BLR": "Bangalore",
  "manager_components_region_BLR_micro": "Bangalore ({{ micro }})",
  "manager_components_region_continent_BLR": "APAC",
  "manager_components_region_DXB": "Dubai",
  "manager_components_region_DXB_micro": "Dubai ({{ micro }})",
  "manager_components_region_continent_DXB": "Middle East",
  "manager_components_region_JKT": "Jakarta",
  "manager_components_region_JKT_micro": "Jakarta ({{ micro }})",
  "manager_components_region_continent_JKT": "APAC",
  "manager_components_region_LUX": "Luxembourg",
  "manager_components_region_LUX_micro": "Luxembourg ({{ micro }})",
  "manager_components_region_continent_LUX": "Western Europe",
  "manager_components_region_MEX": "Mexico",
  "manager_components_region_MEX_micro": "Mexico City ({{ micro }})",
  "manager_components_region_continent_MEX": "Central America",
  "manager_components_region_SAO": "São Paulo",
  "manager_components_region_SAO_micro": "São Paulo ({{ micro }})",
  "manager_components_region_continent_SAO": "South America",
  "manager_components_region_TUN": "Tunis",
  "manager_components_region_TUN_micro": "Tunis ({{ micro }})",
  "manager_components_region_continent_TUN": "North Africa",
  "manager_components_region_AUS": "Austin",
  "manager_components_region_AUS_micro": "Austin ({{ micro }})",
  "manager_components_region_continent_AUS": "North America",
  "manager_components_region_BOS": "Boston",
  "manager_components_region_BOS_micro": "Boston ({{ micro }})",
  "manager_components_region_continent_BOS": "North America",
  "manager_components_region_SEA": "Seattle",
  "manager_components_region_SEA_micro": "Seattle ({{ micro }})",
  "manager_components_region_continent_SEA": "North America",
  "manager_components_region_BUH": "Bucharest",
  "manager_components_region_BUH_micro": "Bucharest ({{ micro }})",
  "manager_components_region_continent_BUH": "Central Europe",
  "manager_components_region_PHD": "Philadelphia",
  "manager_components_region_PHD_micro": "Philadelphia ({{ micro }})",
  "manager_components_region_continent_PHD": "North America",
  "manager_components_region_BKK": "Bangkok",
  "manager_components_region_BKK_micro": "Bangkok ({{ micro }})",
  "manager_components_region_continent_BKK": "APAC",
  "manager_components_region_BUE": "Buenos Aires",
  "manager_components_region_BUE_micro": "Buenos Aires ({{ micro }})",
  "manager_components_region_continent_BUE": "South America",
  "manager_components_region_AKL": "Auckland",
  "manager_components_region_AKL_micro": "Auckland ({{ micro }})",
  "manager_components_region_continent_AKL": "APAC",
  "manager_components_region_HEL": "Helsinki",
  "manager_components_region_HEL_micro": "Helsinki ({{ micro }})",
  "manager_components_region_continent_HEL": "Northern Europe",
  "manager_components_region_HOU": "Houston",
  "manager_components_region_HOU_micro": "Houston ({{ micro }})",
  "manager_components_region_continent_HOU": "North America",
  "manager_components_region_SOF": "Sofia",
  "manager_components_region_SOF_micro": "Sofia ({{ micro }})",
  "manager_components_region_continent_SOF": "Central Europe",
  "manager_components_region_OSL": "Oslo",
  "manager_components_region_OSL_micro": "Oslo ({{ micro }})",
  "manager_components_region_continent_OSL": "Northern Europe",
  "manager_components_region_SMP": "Stockholm",
  "manager_components_region_SMP_micro": "Stockholm ({{ micro }})",
  "manager_components_region_continent_SMP": "Northern Europe",
  "manager_components_region_TPE": "Taipei",
  "manager_components_region_TPE_micro": "Taipei ({{ micro }})",
  "manager_components_region_continent_TPE": "APAC",
  "manager_components_region_SCL": "Santiago",
  "manager_components_region_SCL_micro": "Santiago ({{ micro }})",
  "manager_components_region_continent_SCL": "South America",
  "manager_components_region_SEL": "Seoul",
  "manager_components_region_SEL_micro": "Seoul ({{ micro }})",
  "manager_components_region_continent_SEL": "APAC",
  "manager_components_region_BOG": "Bogota",
  "manager_components_region_BOG_micro": "Bogota ({{ micro }})",
  "manager_components_region_continent_BOG": "South America",
  "manager_components_region_LAG": "Lagos",
  "manager_components_region_LAG_micro": "Lagos ({{ micro }})",
  "manager_components_region_continent_LAG": "Africa",
  "manager_components_region_CPT": "Cape Town",
  "manager_components_region_CPT_micro": "Cape Town ({{ micro }})",
  "manager_components_region_continent_CPT": "Africa",
  "manager_components_region_NBO": "Nairobi",
  "manager_components_region_NBO_micro": "Nairobi ({{ micro }})",
  "manager_components_region_continent_NBO": "Africa",
  "manager_components_region_ABJ": "Abidjan",
  "manager_components_region_ABJ_micro": "Abidjan ({{ micro }})",
  "manager_components_region_continent_ABJ": "Africa",
  "manager_components_region_CAI": "Cairo",
  "manager_components_region_CAI_micro": "Cairo ({{ micro }})",
  "manager_components_region_continent_CAI": "Africa",
  "manager_components_region_DOH": "Doha",
  "manager_components_region_DOH_micro": "Doha ({{ micro }})",
  "manager_components_region_continent_DOH": "Middle East",
  "manager_components_region_LAU": "Lausanne",
  "manager_components_region_LAU_micro": "Lausanne ({{ micro }})",
  "manager_components_region_continent_LAU": "Western Europe",
  "manager_components_region_KOG": "Copenhagen",
  "manager_components_region_KOG_micro": "Copenhagen ({{ micro }})",
  "manager_components_region_continent_KOG": "Northern Europe",
  "manager_components_region_LIS": "Lisbon",
  "manager_components_region_LIS_micro": "Lisbon ({{ micro }})",
  "manager_components_region_continent_LIS": "Southern Europe",
  "manager_components_region_MEL": "Melbourne",
  "manager_components_region_MEL_micro": "Melbourne ({{ micro }})",
  "manager_components_region_continent_MEL": "APAC",
  "manager_components_region_ICD": "New Delhi",
  "manager_components_region_ICD_micro": "New Delhi ({{ micro }})",
  "manager_components_region_continent_ICD": "APAC",
  "manager_components_region_OSA": "Osaka",
  "manager_components_region_OSA_micro": "Osaka ({{ micro }})",
  "manager_components_region_continent_OSA": "APAC",
  "manager_components_region_KUL": "Kuala Lumpur",
  "manager_components_region_KUL_micro": "Kuala Lumpur ({{ micro }})",
  "manager_components_region_continent_KUL": "APAC",
  "manager_components_region_MNL": "Manila",
  "manager_components_region_MNL_micro": "Manila ({{ micro }})",
  "manager_components_region_continent_MNL": "APAC",
  "manager_components_region_SGN": "Ho Chi Minh",
  "manager_components_region_SGN_micro": "Ho Chi Minh ({{ micro }})",
  "manager_components_region_continent_SGN": "APAC",
  "manager_components_region_VIE": "Vienna",
  "manager_components_region_VIE_micro": "Vienna ({{ micro }})",
  "manager_components_region_continent_VIE": "Western Europe",
  "manager_components_region_DLN": "Dublin",
  "manager_components_region_DLN_micro": "Dublin ({{ micro }})",
  "manager_components_region_continent_DLN": "Western Europe",
  "manager_components_region_VAN": "Vancouver",
  "manager_components_region_VAN_micro": "Vancouver ({{ micro }})",
  "manager_components_region_continent_VAN": "North America",
  "manager_components_region_TLV": "Tel Aviv-Yafo",
  "manager_components_region_TLV_micro": "Tel Aviv-yafo ({{ micro }})",
  "manager_components_region_continent_TLV": "Middle East",
  "manager_components_region_MNC": "Manchester",
  "manager_components_region_MNC_micro": "Manchester ({{ micro }})",
  "manager_components_region_continent_MNC": "Western Europe",
  "manager_components_region_CLT": "Charlotte",
  "manager_components_region_CLT_micro": "Charlotte ({{ micro }})",
  "manager_components_region_continent_CLT": "North America",
  "manager_components_region_BNA": "Nashville",
  "manager_components_region_BNA_micro": "Nashville ({{ micro }})",
  "manager_components_region_continent_BNA": "North America",
  "manager_components_region_SLC": "Salt Lake City",
  "manager_components_region_SLC_micro": "Salt Lake City ({{ micro }})",
  "manager_components_region_continent_SLC": "North America",
  "manager_components_region_STL": "Saint Louis",
  "manager_components_region_STL_micro": "Saint Louis ({{ micro }})",
  "manager_components_region_continent_STL": "North America",
  "manager_components_region_IND": "Indianapolis",
  "manager_components_region_IND_micro": "Indianapolis ({{ micro }})",
  "manager_components_region_continent_IND": "North America",
  "manager_components_region_IST": "Istanbul",
  "manager_components_region_IST_micro": "Istanbul ({{ micro }})",
  "manager_components_region_continent_IST": "Middle East",
  "manager_components_region_localize": "Locate",
  "manager_components_region_location_SBG": "Central Europe (France)",
  "manager_components_region_location_WAW": "Central Europe (Poland)",
  "manager_components_region_location_BHS": "North America (Canada)",
  "manager_components_region_location_ERI": "Western Europe (United Kingdom)",
  "manager_components_region_location_GRA": "Western Europe (France)",
  "manager_components_region_location_GS": "Western Europe",
  "manager_components_region_location_MAD": "Western Europe",
  "manager_components_region_location_BRU": "Western Europe",
  "manager_components_region_location_LIM": "Central Europe (Germany)",
  "manager_components_region_location_RBX": "Western Europe (France)",
  "manager_components_region_location_DE": "Central Europe (Germany)",
  "manager_components_region_location_UK": "Western Europe (United Kingdom)",
  "manager_components_region_location_SGP": "Asia Pacific (Singapore)",
  "manager_components_region_location_SYD": "Oceania (Australia)",
  "manager_components_region_location_US": "United States of America",
  "manager_components_region_location_DAL": "United States of America",
  "manager_components_region_continent_SBG": "Central Europe",
  "manager_components_region_continent_WAW": "Central Europe",
  "manager_components_region_continent_BHS": "North America",
  "manager_components_region_continent_GRA": "Western Europe",
  "manager_components_region_continent_RBX": "Western Europe",
  "manager_components_region_continent_GS": "Western Europe",
  "manager_components_region_continent_MAD": "Southern Europe",
  "manager_components_region_continent_BRU": "Western Europe",
  "manager_components_region_continent_DE": "Central Europe",
  "manager_components_region_continent_UK": "Western Europe",
  "manager_components_region_continent_SGP": "Asia Pacific",
  "manager_components_region_continent_SYD": "Oceania",
  "manager_components_region_continent_SHA": "Western Europe",
  "manager_components_region_continent_CA": "North America",
  "manager_components_region_continent_MRS": "Western Europe",
  "manager_components_region_MUM": "Mumbai",
  "manager_components_region_MUM_micro": "Mumbai ({{ micro }})",
  "manager_components_region_location_MUM": "Asia Pacific (Mumbai)",
  "manager_components_region_continent_MUM": "Asia Pacific",
  "manager_components_region_PAR": "Paris",
  "manager_components_region_PAR_micro": "Paris ({{ micro }})",
  "manager_components_region_location_PAR": "Western Europe (France)",
  "manager_components_region_continent_PAR": "Western Europe"
}
