{
  "manager_components_region_SBG1": "Strasburg (SBG1)",
  "manager_components_region_BHS1": "Beauharnois (BHS1)",
  "manager_components_region_GRA1": "Gravelines (GRA1)",
  "manager_components_region_SBG": "Strasburg",
  "manager_components_region_SBG_micro": "Strasburg ({{ micro }})",
  "manager_components_region_BHS": "Beauharnois",
  "manager_components_region_BHS_micro": "Beauharnois ({{ micro }})",
  "manager_components_region_ERI": "Londyn",
  "manager_components_region_ERI_micro": "Londyn ({{ micro }})",
  "manager_components_region_GRA": "Gravelines",
  "manager_components_region_GRA_micro": "Gravelines ({{ micro }})",
  "manager_components_region_LIM": "Limburg",
  "manager_components_region_LIM_micro": "Limburg ({{ micro }})",
  "manager_components_region_RBX": "Roubaix",
  "manager_components_region_RBX_micro": "Roubaix ({{ micro }})",
  "manager_components_region_WAW": "Warszawa",
  "manager_components_region_WAW_micro": "Warszawa ({{ micro }})",
  "manager_components_region_DE": "Frankfurt",
  "manager_components_region_DE_micro": "Frankfurt ({{ micro }})",
  "manager_components_region_UK": "Londyn",
  "manager_components_region_UK_micro": "Londyn ({{ micro }})",
  "manager_components_region_SGP": "Singapur",
  "manager_components_region_SGP_micro": "Singapur ({{ micro }})",
  "manager_components_region_SYD": "Sydney",
  "manager_components_region_SYD_micro": "Sydney ({{ micro }})",
  "manager_components_region_US": "Stany Zjednoczone",
  "manager_components_region_US_micro": "Stany Zjednoczone ({{ micro }})",
  "manager_components_region_localize": "Lokalizacja",
  "manager_components_region_location_SBG": "Europa Środkowa (Francja)",
  "manager_components_region_location_WAW": "Europa Środkowa (Polska)",
  "manager_components_region_location_BHS": "Ameryka Północna (Kanada)",
  "manager_components_region_location_ERI": "Europa Zachodnia (Wielka Brytania)",
  "manager_components_region_location_GRA": "Europa Zachodnia (Francja)",
  "manager_components_region_location_LIM": "Europa Środkowa (Niemcy)",
  "manager_components_region_location_RBX": "Europa Zachodnia (Francja)",
  "manager_components_region_location_DE": "Europa Środkowa (Niemcy)",
  "manager_components_region_location_UK": "Europa Zachodnia (Wielka Brytania)",
  "manager_components_region_location_SGP": "Azja-Pacyfik (Singapur)",
  "manager_components_region_location_SYD": "Oceania (Australia)",
  "manager_components_region_location_US": "Stany Zjednoczone",
  "manager_components_region_continent_SBG": "Europa Środkowa",
  "manager_components_region_continent_WAW": "Europa Środkowa",
  "manager_components_region_continent_BHS": "Ameryka Północna",
  "manager_components_region_continent_GRA": "Europa Zachodnia",
  "manager_components_region_continent_RBX": "Europa Zachodnia",
  "manager_components_region_continent_DE": "Europa Środkowa",
  "manager_components_region_continent_UK": "Europa Zachodnia",
  "manager_components_region_continent_SGP": "Azja-Pacyfik",
  "manager_components_region_continent_SYD": "Oceania",
  "manager_components_region_continent_US": "Stany Zjednoczone",
  "manager_components_region_SHA_micro": "Gravelines (SHADOW-EU-1)",
  "manager_components_region_continent_SHA": "Europa Zachodnia",
  "manager_components_region_GS": "GS",
  "manager_components_region_MAD": "Madryt",
  "manager_components_region_BRU": "Bruksela",
  "manager_components_region_GS_micro": "Gridscale ({{micro}})",
  "manager_components_region_MAD_micro": "Madryt ({{micro}})",
  "manager_components_region_BRU_micro": "Bruksela ({{micro}})",
  "manager_components_region_location_GS": "Europa Zachodnia",
  "manager_components_region_location_MAD": "Europa Zachodnia",
  "manager_components_region_location_BRU": "Europa Zachodnia",
  "manager_components_region_continent_GS": "Europa Zachodnia",
  "manager_components_region_continent_MAD": "Europa Zachodnia",
  "manager_components_region_continent_BRU": "Europa Zachodnia",
  "manager_components_region_MRS": "Marsylia",
  "manager_components_region_MRS_micro": "Marsylia ({{ micro }})",
  "manager_components_region_continent_MRS": "Europa Zachodnia",
  "manager_components_region_PRG": "Praga",
  "manager_components_region_PRG_micro": "Praga ({{ micro }})",
  "manager_components_region_continent_PRG": "Europa Środkowa",
  "manager_components_region_AMS": "Amsterdam",
  "manager_components_region_AMS_micro": "Amsterdam ({{ micro }})",
  "manager_components_region_continent_AMS": "Europa Zachodnia",
  "manager_components_region_MIL": "Mediolan",
  "manager_components_region_MIL_micro": "Mediolan ({{ micro }})",
  "manager_components_region_continent_MIL": "Europa Południowa",
  "manager_components_region_ZRH": "Zurych",
  "manager_components_region_ZRH_micro": "Zurych ({{ micro }})",
  "manager_components_region_continent_ZRH": "Europa Zachodnia",
  "manager_components_region_LAX": "Los Angeles",
  "manager_components_region_LAX_micro": "Los Angeles ({{ micro }})",
  "manager_components_region_continent_LAX": "Ameryka Północna",
  "manager_components_region_CHI": "Chicago",
  "manager_components_region_CHI_micro": "Chicago ({{ micro }})",
  "manager_components_region_continent_CHI": "Ameryka Północna",
  "manager_components_region_NYC": "Nowy York",
  "manager_components_region_NYC_micro": "Nowy Jork ({{ micro }})",
  "manager_components_region_continent_NYC": "Ameryka Północna",
  "manager_components_region_MIA": "Miami",
  "manager_components_region_MIA_micro": "Miami ({{ micro }})",
  "manager_components_region_continent_MIA": "Ameryka Północna",
  "manager_components_region_PAO": "Palo Alto",
  "manager_components_region_PAO_micro": "Palo Alto ({{ micro }})",
  "manager_components_region_continent_PAO": "Ameryka Północna",
  "manager_components_region_DEN": "Denver",
  "manager_components_region_DEN_micro": "Denver ({{ micro }})",
  "manager_components_region_continent_DEN": "Ameryka Północna",
  "manager_components_region_ATL": "Atlanta",
  "manager_components_region_ATL_micro": "Atlanta ({{ micro }})",
  "manager_components_region_continent_ATL": "Ameryka Północna",
  "manager_components_region_RBA": "Rabat",
  "manager_components_region_RBA_micro": "Rabat ({{ micro }})",
  "manager_components_region_continent_RBA": "Afryka",
  "manager_components_region_TYO": "Tokio",
  "manager_components_region_TYO_micro": "Tokio ({{ micro }})",
  "manager_components_region_continent_TYO": "APAC",
  "manager_components_region_BLR": "Bengaluru",
  "manager_components_region_BLR_micro": "Bengaluru ({{ micro }})",
  "manager_components_region_continent_BLR": "APAC",
  "manager_components_region_DXB": "Dubaj",
  "manager_components_region_DXB_micro": "Dubaj ({{ micro }})",
  "manager_components_region_continent_DXB": "Bliski Wschód",
  "manager_components_region_JKT": "Dżakarta",
  "manager_components_region_JKT_micro": "Dżakarta ({{ micro }})",
  "manager_components_region_continent_JKT": "APAC",
  "manager_components_region_LUX": "Luksemburg",
  "manager_components_region_LUX_micro": "Luksemburg ({{ micro }})",
  "manager_components_region_continent_LUX": "Europa Zachodnia",
  "manager_components_region_MEX": "Meksyk",
  "manager_components_region_MEX_micro": "Meksyk ({{ micro }})",
  "manager_components_region_continent_MEX": "Ameryka Środkowa",
  "manager_components_region_SAO": "São Paulo",
  "manager_components_region_SAO_micro": "São Paulo ({{ micro }})",
  "manager_components_region_continent_SAO": "Ameryka Południowa",
  "manager_components_region_TUN": "Tunis",
  "manager_components_region_TUN_micro": "Tunis ({{ micro }})",
  "manager_components_region_continent_TUN": "Afryka Północna",
  "manager_components_region_AUS": "Austin",
  "manager_components_region_AUS_micro": "Austin ({{ micro }})",
  "manager_components_region_continent_AUS": "Ameryka Północna",
  "manager_components_region_BOS": "Boston",
  "manager_components_region_BOS_micro": "Boston ({{ micro }})",
  "manager_components_region_continent_BOS": "Ameryka Północna",
  "manager_components_region_SEA": "Seattle",
  "manager_components_region_SEA_micro": "Seattle ({{ micro }})",
  "manager_components_region_continent_SEA": "Ameryka Północna",
  "manager_components_region_BUH": "Bukareszt",
  "manager_components_region_BUH_micro": "Bukareszt ({{ micro }})",
  "manager_components_region_continent_BUH": "Europa Środkowa",
  "manager_components_region_PHD": "Filadelfia",
  "manager_components_region_PHD_micro": "Filadelfia ({{ micro }})",
  "manager_components_region_continent_PHD": "Ameryka Północna",
  "manager_components_region_BKK": "Bangkok",
  "manager_components_region_BKK_micro": "Bangkok ({{ micro }})",
  "manager_components_region_continent_BKK": "APAC",
  "manager_components_region_BUE": "Buenos Aires",
  "manager_components_region_BUE_micro": "Buenos Aires ({{ micro }})",
  "manager_components_region_continent_BUE": "Ameryka Południowa",
  "manager_components_region_AKL": "Auckland",
  "manager_components_region_AKL_micro": "Auckland ({{ micro }})",
  "manager_components_region_continent_AKL": "APAC",
  "manager_components_region_HEL": "Helsinki",
  "manager_components_region_HEL_micro": "Helsinki ({{ micro }})",
  "manager_components_region_continent_HEL": "Europa Północna",
  "manager_components_region_HOU": "Houston",
  "manager_components_region_HOU_micro": "Houston ({{ micro }})",
  "manager_components_region_continent_HOU": "Ameryka Północna",
  "manager_components_region_SOF": "Sofia",
  "manager_components_region_SOF_micro": "Sofia ({{ micro }})",
  "manager_components_region_continent_SOF": "Europa Środkowa",
  "manager_components_region_OSL": "Oslo",
  "manager_components_region_OSL_micro": "Oslo ({{ micro }})",
  "manager_components_region_continent_OSL": "Europa Północna",
  "manager_components_region_SMP": "Sztokholm",
  "manager_components_region_SMP_micro": "Sztokholm ({{ micro }})",
  "manager_components_region_continent_SMP": "Europa Północna",
  "manager_components_region_TPE": "Tajpej",
  "manager_components_region_TPE_micro": "Tajpej ({{ micro }})",
  "manager_components_region_continent_TPE": "APAC",
  "manager_components_region_SCL": "Santiago",
  "manager_components_region_SCL_micro": "Santiago ({{ micro }})",
  "manager_components_region_continent_SCL": "Ameryka Południowa",
  "manager_components_region_SEL": "Seul",
  "manager_components_region_SEL_micro": "Seul ({{ micro }})",
  "manager_components_region_continent_SEL": "APAC",
  "manager_components_region_BOG": "Bogota",
  "manager_components_region_BOG_micro": "Bogota ({{ micro }})",
  "manager_components_region_continent_BOG": "Ameryka Południowa",
  "manager_components_region_LAG": "Lagos",
  "manager_components_region_LAG_micro": "Lagos ({{ micro }})",
  "manager_components_region_continent_LAG": "Afryka",
  "manager_components_region_CPT": "Kapsztad",
  "manager_components_region_CPT_micro": "Kapsztad ({{ micro }})",
  "manager_components_region_continent_CPT": "Afryka",
  "manager_components_region_NBO": "Nairobi",
  "manager_components_region_NBO_micro": "Nairobi ({{ micro }})",
  "manager_components_region_continent_NBO": "Afryka",
  "manager_components_region_ABJ": "Abidżan",
  "manager_components_region_ABJ_micro": "Abidżan ({{ micro }})",
  "manager_components_region_continent_ABJ": "Afryka",
  "manager_components_region_CAI": "Kair",
  "manager_components_region_CAI_micro": "Kair ({{ micro }})",
  "manager_components_region_continent_CAI": "Afryka",
  "manager_components_region_DOH": "Ad-Dauha",
  "manager_components_region_DOH_micro": "Ad-Dauha ({{ micro }})",
  "manager_components_region_continent_DOH": "Bliski Wschód",
  "manager_components_region_LAU": "Lozanna",
  "manager_components_region_LAU_micro": "Lozanna ({{ micro }})",
  "manager_components_region_continent_LAU": "Europa Zachodnia",
  "manager_components_region_KOG": "Kopenhaga",
  "manager_components_region_KOG_micro": "Kopenhaga ({{ micro }})",
  "manager_components_region_continent_KOG": "Europa Północna",
  "manager_components_region_LIS": "Lizbona",
  "manager_components_region_LIS_micro": "Lizbona ({{ micro }})",
  "manager_components_region_continent_LIS": "Europa Południowa",
  "manager_components_region_MEL": "Melbourne",
  "manager_components_region_MEL_micro": "Melbourne ({{ micro }})",
  "manager_components_region_continent_MEL": "APAC",
  "manager_components_region_ICD": "New Delhi",
  "manager_components_region_ICD_micro": "New Delhi ({{ micro }})",
  "manager_components_region_continent_ICD": "APAC",
  "manager_components_region_OSA": "Osaka",
  "manager_components_region_OSA_micro": "Osaka ({{ micro }})",
  "manager_components_region_continent_OSA": "APAC",
  "manager_components_region_KUL": "Kuala Lumpur",
  "manager_components_region_KUL_micro": "Kuala Lumpur ({{ micro }})",
  "manager_components_region_continent_KUL": "APAC",
  "manager_components_region_MNL": "Manila",
  "manager_components_region_MNL_micro": "Manila ({{ micro }})",
  "manager_components_region_continent_MNL": "APAC",
  "manager_components_region_SGN": "Ho Chi Minh",
  "manager_components_region_SGN_micro": "Ho Chi Minh ({{ micro }})",
  "manager_components_region_continent_SGN": "APAC",
  "manager_components_region_VIE": "Wiedeń",
  "manager_components_region_VIE_micro": "Wiedeń ({{ micro }})",
  "manager_components_region_continent_VIE": "Europa Zachodnia",
  "manager_components_region_DLN": "Dublin",
  "manager_components_region_DLN_micro": "Dublin ({{ micro }})",
  "manager_components_region_continent_DLN": "Europa Zachodnia",
  "manager_components_region_VAN": "Vancouver",
  "manager_components_region_VAN_micro": "Vancouver ({{ micro }})",
  "manager_components_region_continent_VAN": "Ameryka Północna",
  "manager_components_region_TLV": "Tel Awiw",
  "manager_components_region_TLV_micro": "Tel Awiw ({{ micro }})",
  "manager_components_region_continent_TLV": "Bliski Wschód",
  "manager_components_region_MNC": "Manchester",
  "manager_components_region_MNC_micro": "Manchester ({{ micro }})",
  "manager_components_region_continent_MNC": "Europa Zachodnia",
  "manager_components_region_CLT": "Charlotte",
  "manager_components_region_CLT_micro": "Charlotte ({{ micro }})",
  "manager_components_region_continent_CLT": "Ameryka Północna",
  "manager_components_region_BNA": "Nashville",
  "manager_components_region_BNA_micro": "Nashville ({{ micro }})",
  "manager_components_region_continent_BNA": "Ameryka Północna",
  "manager_components_region_SLC": "Salt Lake City",
  "manager_components_region_SLC_micro": "Salt Lake City ({{ micro }})",
  "manager_components_region_continent_SLC": "Ameryka Północna",
  "manager_components_region_STL": "St. Louis",
  "manager_components_region_STL_micro": "St. Louis ({{ micro }})",
  "manager_components_region_continent_STL": "Ameryka Północna",
  "manager_components_region_IND": "Indianapolis",
  "manager_components_region_IND_micro": "Indianapolis ({{ micro }})",
  "manager_components_region_continent_IND": "Ameryka Północna",
  "manager_components_region_IST": "Stambuł",
  "manager_components_region_IST_micro": "Stambuł ({{ micro }})",
  "manager_components_region_continent_IST": "Bliski Wschód",
  "manager_components_region_TOR": "Toronto",
  "manager_components_region_TOR_micro": "Toronto ({{ micro }})",
  "manager_components_region_continent_TOR": "Ameryka Północna",
  "manager_components_region_DAL": "Dallas",
  "manager_components_region_DAL_micro": "Dallas ({{micro}})",
  "manager_components_region_continent_DAL": "Ameryka Północna",
  "manager_components_region_MUM": "Mumbaj",
  "manager_components_region_MUM_micro": "Mumbaj ({{micro}})",
  "manager_components_region_location_MUM": "Azja-Pacyfik (Mumbaj)",
  "manager_components_region_continent_MUM": "Azja-Pacyfik",
  "manager_components_region_PAR": "Paryż",
  "manager_components_region_PAR_micro": "Paryż ({{micro}})",
  "manager_components_region_location_PAR": "Europa Zachodnia (Francja)",
  "manager_components_region_continent_PAR": "Europa Zachodnia"
}
