{
  "region-selector-all-locations": "All regions",
  "region-selector-eu-filter": "Europe",
  "region-selector-ca-filter": "Canada",
  "region-selector-us-filter": "USA",
  "region-selector-ap-filter": "Asia Pacific",
  "region-selector-country-name_fr": "France",
  "region-selector-country-name_de": "Germany",
  "region-selector-country-name_gb": "United Kingdom",
  "region-selector-country-name_uk": "United Kingdom",
  "region-selector-country-name_lt": "Lithuania",
  "region-selector-country-name_pt": "Portugal",
  "region-selector-country-name_pl": "Poland",
  "region-selector-country-name_cz": "Czech Republic",
  "region-selector-country-name_be": "Belgium",
  "region-selector-country-name_ie": "Ireland",
  "region-selector-country-name_nl": "Netherlands",
  "region-selector-country-name_ch": "Switzerland",
  "region-selector-country-name_at": "Austria",
  "region-selector-country-name_it": "Italy",
  "region-selector-country-name_es": "Spain",
  "region-selector-country-name_us": "USA",
  "region-selector-country-name_ca": "Canada",
  "region-selector-country-name_sg": "Singapore",
  "region-selector-country-name_au": "Australia",
  "region-selector-country-name_in": "India",
  "region-selector-country-name_jp": "Japan",
  "region-selector-country-name_id": "Indonesia",
  "region-selector-country-name_lu": "Luxembourg",
  "region-selector-country-name_ro": "Romania",
  "region-selector-country-name_fi": "Finland",
  "region-selector-city-name_eu-west-par": "Paris",
  "region-selector-city-name_eu-west-gra": "Gravelines",
  "region-selector-city-name_eu-west-gra1": "Gravelines (GRA1)",
  "region-selector-city-name_eu-west-sha": "Gravelines (SHADOW-EU-1)",
  "region-selector-city-name_eu-west-rbx": "Roubaix",
  "region-selector-city-name_eu-west-sbg": "Strasbourg",
  "region-selector-city-name_eu-west-sbg1": "Strasbourg (SBG1)",
  "region-selector-city-name_eu-west-lim": "Limburg",
  "region-selector-city-name_eu-west-dln": "Dublin",
  "region-selector-city-name_eu-west-vie": "Vienna",
  "region-selector-city-name_eu-west-ams": "Amsterdam",
  "region-selector-city-name_eu-west-eri": "Erith",
  "region-selector-city-name_eu-west-mnc": "Manchester",
  "region-selector-city-name_eu-west-lux": "Luxembourg",
  "region-selector-city-name_eu-west-zrh": "Zurich",
  "region-selector-city-name_eu-west-lau": "Lausanne",
  "region-selector-city-name_eu-north-hel": "Helsinki",
  "region-selector-city-name_eu-central-waw": "Warsaw",
  "region-selector-city-name_eu-central-pra": "Prague",
  "region-selector-city-name_eu-central-bug": "Bucharest",
  "region-selector-city-name_eu-west-lz-bru": "Brussels (lz)",
  "region-selector-city-name_eu-west-lz-mad": "Madrid (lz)",
  "region-selector-city-name_eu-west-mil": "Milan",
  "region-selector-city-name_eu-west-gra-snc": "Gravelines (snc)",
  "region-selector-city-name_eu-west-rbx-snc": "Roubaix (snc)",
  "region-selector-city-name_eu-west-sbg-snc": "Strasbourg (snc)",
  "region-selector-city-name_eu-west-lz-mrs": "Marseille",
  "region-selector-city-name_labeu-west-1-preprod": "Croix (preprod)",
  "region-selector-city-name_labeu-west-1-dev-1": "Croix (dev-1)",
  "region-selector-city-name_labeu-west-1-dev-2": "Croix (dev-2)",
  "region-selector-city-name_us-east-vin": "Vint Hill",
  "region-selector-city-name_us-west-hil": "Hillsboro",
  "region-selector-city-name_us-east-lz-dal": "Dallas",
  "region-selector-city-name_us-east-lz-hou": "Houston",
  "region-selector-city-name_us-west-lz-lax": "Los Angeles",
  "region-selector-city-name_us-west-lz-slc": "Salt Lake City",
  "region-selector-city-name_us-east-lz-chi": "Chicago",
  "region-selector-city-name_us-east-lz-stl": "Saint Louis",
  "region-selector-city-name_us-east-lz-ind": "Indianapolis",
  "region-selector-city-name_us-east-lz-nyc": "New York",
  "region-selector-city-name_us-east-lz-mia": "Miami",
  "region-selector-city-name_us-west-lz-pao": "Palo Alto",
  "region-selector-city-name_us-west-lz-den": "Denver",
  "region-selector-city-name_us-west-lz-sea": "Seattle",
  "region-selector-city-name_us-east-lz-atl": "Atlanta",
  "region-selector-city-name_us-east-lz-bna": "Nashville",
  "region-selector-city-name_us-east-lz-clt": "Charlotte",
  "region-selector-city-name_us-east-lz-bos": "Boston",
  "region-selector-city-name_us-east-lz-phd": "Philadelphia",
  "region-selector-city-name_ca-east-bhs": "Beauharnois",
  "region-selector-city-name_ca-east-van": "Vancouver",
  "region-selector-city-name_ca-east-bhs1": "Beauharnois (BHS1)",
  "region-selector-city-name_ca-east-tor": "Toronto",
  "region-selector-city-name_ap-southeast-sgp": "Singapore",
  "region-selector-city-name_ap-southeast-syd": "Sydney",
  "region-selector-city-name_ap-south-mum": "Mumbai",
  "region-selector-city-name_ap-south-blr": "Bangalore",
  "region-selector-city-name_ap-north-tyo": "Tokyo"
}
