{
  "nasha_acl_type_readonly": "Read",
  "nasha_acl_type_readwrite": "Read write",
  "nasha_datacenter_bhs": "Beauharnois",
  "nasha_datacenter_gra": "Gravelines",
  "nasha_datacenter_rbx": "Roubaix",
  "nasha_datacenter_sbg": "Strasbourg",
  "nasha_error": "An error occurred: {{message}}",
  "nasha_snapshot_type_day-1": "Every day",
  "nasha_snapshot_type_day-2": "Every 2 days",
  "nasha_snapshot_type_day-3": "Every 3 days",
  "nasha_snapshot_type_day-7": "Weekly",
  "nasha_snapshot_type_hour-1": "Hourly",
  "nasha_snapshot_type_hour-6": "Every 6 hours",
  "nasha_use_type_used": "Storage",
  "nasha_use_type_usedbysnapshots": "Backups",
  "nasha_use_unit_B": "B",
  "nasha_use_unit_EB": "EB",
  "nasha_use_unit_EiB": "EiB",
  "nasha_use_unit_GB": "GB",
  "nasha_use_unit_GiB": "GiB",
  "nasha_use_unit_KB": "KB",
  "nasha_use_unit_KiB": "KiB",
  "nasha_use_unit_MB": "MB",
  "nasha_use_unit_MiB": "MiB",
  "nasha_use_unit_PB": "PB",
  "nasha_use_unit_PiB": "PiB",
  "nasha_use_unit_TB": "TB",
  "nasha_use_unit_TiB": "TiB",
  "nasha_use_unit_YB": "YB",
  "nasha_use_unit_YiB": "YiB",
  "nasha_use_unit_ZB": "ZB",
  "nasha_use_unit_ZiB": "ZiB",
  "nasha_datacenter_mrs": "Marseille",
  "nasha_datacenter_prg": "Prague",
  "nasha_datacenter_ams": "Amsterdam",
  "nasha_datacenter_mil": "Milan",
  "nasha_datacenter_zrh": "Zurich",
  "nasha_datacenter_lax": "Los Angeles",
  "nasha_datacenter_chi": "Chicago",
  "nasha_datacenter_nyc": "New York City",
  "nasha_datacenter_mia": "Miami",
  "nasha_datacenter_pao": "Palo Alto",
  "nasha_datacenter_den": "Denver",
  "nasha_datacenter_atl": "Atlanta",
  "nasha_datacenter_rba": "Rabat",
  "nasha_datacenter_tyo": "Tokyo",
  "nasha_datacenter_blr": "Bangalore",
  "nasha_datacenter_dxb": "Dubai",
  "nasha_datacenter_jkt": "Jakarta",
  "nasha_datacenter_lux": "Luxembourg",
  "nasha_datacenter_mex": "Mexico",
  "nasha_datacenter_sao": "São Paulo",
  "nasha_datacenter_tun": "Tunis",
  "nasha_datacenter_aus": "Austin",
  "nasha_datacenter_bos": "Boston",
  "nasha_datacenter_sea": "Seattle",
  "nasha_datacenter_buh": "Bucharest",
  "nasha_datacenter_phd": "Philadelphia",
  "nasha_datacenter_bkk": "Bangkok",
  "nasha_datacenter_bue": "Buenos Aires",
  "nasha_datacenter_akl": "Auckland",
  "nasha_datacenter_hel": "Helsinki",
  "nasha_datacenter_hou": "Houston",
  "nasha_datacenter_sof": "Sofia",
  "nasha_datacenter_osl": "Oslo",
  "nasha_datacenter_smp": "Stockholm",
  "nasha_datacenter_tpe": "Taipei",
  "nasha_datacenter_scl": "Santiago",
  "nasha_datacenter_sel": "Seoul",
  "nasha_datacenter_bog": "Bogota",
  "nasha_datacenter_lag": "Lagos",
  "nasha_datacenter_cpt": "Cape Town",
  "nasha_datacenter_nbo": "Nairobi",
  "nasha_datacenter_abj": "Abidjan",
  "nasha_datacenter_cai": "Cairo",
  "nasha_datacenter_doh": "Doha",
  "nasha_datacenter_lau": "Lausanne",
  "nasha_datacenter_kog": "Copenhagen",
  "nasha_datacenter_lis": "Lisbon",
  "nasha_datacenter_mel": "Melbourne",
  "nasha_datacenter_icd": "New Delhi",
  "nasha_datacenter_osa": "Osaka",
  "nasha_datacenter_kul": "Kuala Lumpur",
  "nasha_datacenter_mnl": "Manila",
  "nasha_datacenter_sgn": "Ho Chi Minh",
  "nasha_datacenter_vie": "Vienna",
  "nasha_datacenter_dln": "Dublin",
  "nasha_datacenter_van": "Vancouver",
  "nasha_datacenter_tlv": "Tel Aviv-Yafo",
  "nasha_datacenter_mnc": "Manchester",
  "nasha_datacenter_clt": "Charlotte",
  "nasha_datacenter_bna": "Nashville",
  "nasha_datacenter_slc": "Salt Lake City",
  "nasha_datacenter_stl": "Saint Louis",
  "nasha_datacenter_ind": "Indianapolis",
  "nasha_datacenter_ist": "Istanbul"
}
