{
  "nasha_acl_type_readonly": "Leitura",
  "nasha_acl_type_readwrite": "Leitura e escrita",
  "nasha_datacenter_bhs": "Beauharnois",
  "nasha_datacenter_gra": "Gravelines",
  "nasha_datacenter_rbx": "Roubaix",
  "nasha_datacenter_sbg": "Estrasburgo",
  "nasha_error": "Ocorreu um erro: {{ message }}",
  "nasha_snapshot_type_day-1": "Diária",
  "nasha_snapshot_type_day-2": "A cada 2 dias",
  "nasha_snapshot_type_day-3": "A cada 3 dias",
  "nasha_snapshot_type_day-7": "Semanal",
  "nasha_snapshot_type_hour-1": "De hora em hora",
  "nasha_snapshot_type_hour-6": "A cada 6 horas",
  "nasha_use_type_used": "Armazenamento",
  "nasha_use_type_usedbysnapshots": "Snapshots",
  "nasha_use_unit_B": "B",
  "nasha_use_unit_EB": "EB",
  "nasha_use_unit_EiB": "EiB",
  "nasha_use_unit_GB": "GB",
  "nasha_use_unit_GiB": "GiB",
  "nasha_use_unit_KB": "KB",
  "nasha_use_unit_KiB": "KiB",
  "nasha_use_unit_MB": "MB",
  "nasha_use_unit_MiB": "MiB",
  "nasha_use_unit_PB": "PB",
  "nasha_use_unit_PiB": "PiB",
  "nasha_use_unit_TB": "TB",
  "nasha_use_unit_TiB": "TiB",
  "nasha_use_unit_YB": "YB",
  "nasha_use_unit_YiB": "YiB",
  "nasha_use_unit_ZB": "ZB",
  "nasha_use_unit_ZiB": "ZiB",
  "nasha_datacenter_mrs": "Marselha",
  "nasha_datacenter_prg": "Praga",
  "nasha_datacenter_ams": "Amesterdão",
  "nasha_datacenter_mil": "Milão",
  "nasha_datacenter_zrh": "Zurique",
  "nasha_datacenter_lax": "Los Angeles",
  "nasha_datacenter_chi": "Chicago",
  "nasha_datacenter_nyc": "Nova Iorque ",
  "nasha_datacenter_mia": "Miami",
  "nasha_datacenter_pao": "Palo Alto",
  "nasha_datacenter_den": "Denver",
  "nasha_datacenter_atl": "Atlanta",
  "nasha_datacenter_rba": "Rabat",
  "nasha_datacenter_tyo": "Tóquio",
  "nasha_datacenter_blr": "Bangalore",
  "nasha_datacenter_dxb": "Dubai",
  "nasha_datacenter_jkt": "Jacarta",
  "nasha_datacenter_lux": "Luxemburgo",
  "nasha_datacenter_mex": "México",
  "nasha_datacenter_sao": "São Paulo",
  "nasha_datacenter_tun": "Tunis",
  "nasha_datacenter_aus": "Austin",
  "nasha_datacenter_bos": "Boston",
  "nasha_datacenter_sea": "Seattle",
  "nasha_datacenter_buh": "Bucareste",
  "nasha_datacenter_phd": "Filadélfia",
  "nasha_datacenter_bkk": "Bangkok",
  "nasha_datacenter_bue": "Buenos Aires",
  "nasha_datacenter_akl": "Auckland",
  "nasha_datacenter_hel": "Helsínquia",
  "nasha_datacenter_hou": "Houston",
  "nasha_datacenter_sof": "Sófia",
  "nasha_datacenter_osl": "Oslo",
  "nasha_datacenter_smp": "Estocolmo",
  "nasha_datacenter_tpe": "Taipé",
  "nasha_datacenter_scl": "Santiago",
  "nasha_datacenter_sel": "Seul",
  "nasha_datacenter_bog": "Bogotá",
  "nasha_datacenter_lag": "Lagos",
  "nasha_datacenter_cpt": "Cidade do Cabo",
  "nasha_datacenter_nbo": "Nairobi",
  "nasha_datacenter_abj": "Abidjan",
  "nasha_datacenter_cai": "Cairo",
  "nasha_datacenter_doh": "Doha",
  "nasha_datacenter_lau": "Lausanne",
  "nasha_datacenter_kog": "Copenhaga",
  "nasha_datacenter_lis": "Lisboa",
  "nasha_datacenter_mel": "Melbourne",
  "nasha_datacenter_icd": "Nova Deli",
  "nasha_datacenter_osa": "Osaka",
  "nasha_datacenter_kul": "Kuala Lumpur",
  "nasha_datacenter_mnl": "Manila",
  "nasha_datacenter_sgn": "Ho Chi Minh",
  "nasha_datacenter_vie": "Viena",
  "nasha_datacenter_dln": "Dublin",
  "nasha_datacenter_van": "Vancouver",
  "nasha_datacenter_tlv": "Telavive-Yafo",
  "nasha_datacenter_mnc": "Manchester",
  "nasha_datacenter_clt": "Charlotte",
  "nasha_datacenter_bna": "Nashville",
  "nasha_datacenter_slc": "Salt Lake City",
  "nasha_datacenter_stl": "Saint-Louis",
  "nasha_datacenter_ind": "Indianapolis",
  "nasha_datacenter_ist": "Istambul"
}
