{
  "nasha_acl_type_readonly": "Lectura",
  "nasha_acl_type_readwrite": "Lectura-escritura",
  "nasha_datacenter_bhs": "Beauharnois",
  "nasha_datacenter_gra": "Gravelines",
  "nasha_datacenter_rbx": "Roubaix",
  "nasha_datacenter_sbg": "Estrasburgo",
  "nasha_error": "Se ha producido un error: {{ message }}",
  "nasha_snapshot_type_day-1": "Todos los días",
  "nasha_snapshot_type_day-2": "Cada 2 días",
  "nasha_snapshot_type_day-3": "Cada 3 días",
  "nasha_snapshot_type_day-7": "Semanalmente",
  "nasha_snapshot_type_hour-1": "Cada hora",
  "nasha_snapshot_type_hour-6": "Cada 6 horas",
  "nasha_use_type_used": "Almacenamiento",
  "nasha_use_type_usedbysnapshots": "Snapshots",
  "nasha_use_unit_B": "B",
  "nasha_use_unit_EB": "EB",
  "nasha_use_unit_EiB": "EiB",
  "nasha_use_unit_GB": "GB",
  "nasha_use_unit_GiB": "GiB",
  "nasha_use_unit_KB": "kB",
  "nasha_use_unit_KiB": "KiB",
  "nasha_use_unit_MB": "MB",
  "nasha_use_unit_MiB": "MiB",
  "nasha_use_unit_PB": "PB",
  "nasha_use_unit_PiB": "PiB",
  "nasha_use_unit_TB": "TB",
  "nasha_use_unit_TiB": "TiB",
  "nasha_use_unit_YB": "YB",
  "nasha_use_unit_YiB": "YiB",
  "nasha_use_unit_ZB": "ZB",
  "nasha_use_unit_ZiB": "ZiB",
  "nasha_datacenter_mrs": "Marsella",
  "nasha_datacenter_prg": "Praga",
  "nasha_datacenter_ams": "Ámsterdam",
  "nasha_datacenter_mil": "Milán",
  "nasha_datacenter_zrh": "Zúrich",
  "nasha_datacenter_lax": "Los Ángeles",
  "nasha_datacenter_chi": "Chicago",
  "nasha_datacenter_nyc": "Nueva York",
  "nasha_datacenter_mia": "Miami",
  "nasha_datacenter_pao": "Palo Alto",
  "nasha_datacenter_den": "Denver",
  "nasha_datacenter_atl": "Atlanta",
  "nasha_datacenter_rba": "Rabat",
  "nasha_datacenter_tyo": "Tokio",
  "nasha_datacenter_blr": "Bangalore",
  "nasha_datacenter_dxb": "Dubái",
  "nasha_datacenter_jkt": "Yakarta",
  "nasha_datacenter_lux": "Luxemburgo",
  "nasha_datacenter_mex": "México",
  "nasha_datacenter_sao": "São Paulo",
  "nasha_datacenter_tun": "Túnez",
  "nasha_datacenter_aus": "Austin",
  "nasha_datacenter_bos": "Boston",
  "nasha_datacenter_sea": "Seattle",
  "nasha_datacenter_buh": "Bucarest",
  "nasha_datacenter_phd": "Filadelfia",
  "nasha_datacenter_bkk": "Bangkok",
  "nasha_datacenter_bue": "Buenos Aires",
  "nasha_datacenter_akl": "Auckland",
  "nasha_datacenter_hel": "Helsinki",
  "nasha_datacenter_hou": "Houston",
  "nasha_datacenter_sof": "Sofía",
  "nasha_datacenter_osl": "Oslo",
  "nasha_datacenter_smp": "Estocolmo",
  "nasha_datacenter_tpe": "Taipei",
  "nasha_datacenter_scl": "Santiago",
  "nasha_datacenter_sel": "Seúl",
  "nasha_datacenter_bog": "Bogotá",
  "nasha_datacenter_lag": "Lagos",
  "nasha_datacenter_cpt": "Ciudad del Cabo",
  "nasha_datacenter_nbo": "Nairobi",
  "nasha_datacenter_abj": "Abiyán",
  "nasha_datacenter_cai": "El Cairo",
  "nasha_datacenter_doh": "Doha",
  "nasha_datacenter_lau": "Lausanne",
  "nasha_datacenter_kog": "Copenhague",
  "nasha_datacenter_lis": "Lisboa",
  "nasha_datacenter_mel": "Melbourne",
  "nasha_datacenter_icd": "Nueva Delhi",
  "nasha_datacenter_osa": "Osaka",
  "nasha_datacenter_kul": "Kuala Lumpur",
  "nasha_datacenter_mnl": "Manila",
  "nasha_datacenter_sgn": "Ho Chi Minh",
  "nasha_datacenter_vie": "Viena",
  "nasha_datacenter_dln": "Dublín",
  "nasha_datacenter_van": "Vancouver",
  "nasha_datacenter_tlv": "Tel Aviv yafo",
  "nasha_datacenter_mnc": "Manchester",
  "nasha_datacenter_clt": "Charlotte",
  "nasha_datacenter_bna": "Nashville",
  "nasha_datacenter_slc": "Salt Lake City",
  "nasha_datacenter_stl": "San Luis",
  "nasha_datacenter_ind": "Indianápolis",
  "nasha_datacenter_ist": "Estambul"
}
