{
  "region": "Region",
  "localisation": "Lokalizacja",
  "region_eu-west-par": "Europa (Francja - Paryż)",
  "region_eu-west-gra": "Europa (Francja - Gravelines)",
  "region_eu-west-rbx": "Europa (Francja - Roubaix)",
  "region_eu-west-sbg": "Europa (Francja - Strasburg)",
  "region_eu-west-lim": "Europa (Niemcy - Limburg)",
  "region_eu-central-waw": "Europa (Polska - Warszawa)",
  "region_eu-west-eri": "Europa (Zjednoczone Królestwo - Erith)",
  "region_us-east-vin": "Ameryka Północna (Stany Zjednoczone - Wschód - Vint Hill)",
  "region_us-west-hil": "Ameryka Północna (Stany Zjednoczone - Zachód - Hillsboro)",
  "region_ca-east-bhs": "Ameryka Północna (Kanada - Wschód - Beauharnois)",
  "region_ap-southeast-sgp": "Azja-Pacyfik (Singapur - Singapur)",
  "region_ap-southeast-syd": "Azja-Pacyfik (Australia - Sydney)",
  "region_eu-west-rbx-snc": "Europa (Francja - Roubaix) (snc)",
  "region_eu-west-sbg-snc": "Europa (Francja - Strasburg) (snc)",
  "region_ca-east-tor": "Ameryka Północna (Kanada - Wschód - Toronto)",
  "region_ap-south-mum": "Azja-Pacyfik (Indie-Mumbaj)",
  "region_labeu-west-1-preprod": "LABEU (Francja - Croix) (preprod)",
  "region_labeu-west-1-dev-2": "LABEU (Francja - Croix) (dev-2)",
  "region_labeu-west-1-dev-1": "LABEU (Francja - Croix) (dev-1)",
  "region_eu-west-lz-bru": "Europa (Belgia - Bruksela) (lz)",
  "region_eu-west-lz-mad": "Europa (Hiszpania - Madryt) (lz)",
  "region_eu-west-gra-snc": "Europa (Francja - Gravelines) (snc)",
  "region_us-east-lz-dal": "Ameryka Północna (Stany Zjednoczone - Wschód - Dallas)",
  "region_us-west-lz-lax": "Ameryka Północna (Stany Zjednoczone - Zachód - Los Angeles)",
  "region_us-east-lz-chi": "Ameryka Północna (Stany Zjednoczone - Wschód - Chicago)",
  "region_us-east-lz-nyc": "Ameryka Północna (Stany Zjednoczone - Wschód - Nowy Jork)",
  "region_us-east-lz-mia": "Ameryka Północna (Stany Zjednoczone - Wschód - Miami)",
  "region_us-west-lz-pao": "Ameryka Północna (Stany Zjednoczone - Zachód - Palo Alto)",
  "region_us-west-lz-den": "Ameryka Północna (Stany Zjednoczone - Zachód - Denver)",
  "region_us-east-lz-atl": "Ameryka Północna (Stany Zjednoczone - Wschód - Atlanta)",
  "region_eu-west-lz-mrs": "Europa (Francja - Marsylia)",
  "region_eu-south-mil": "Europa (Włochy - Mediolan)",
  "region_SBG1": "Strasburg (SBG1)",
  "region_BHS1": "Beauharnois (BHS1)",
  "region_GRA1": "Gravelines (GRA1)",
  "region_SBG": "Strasburg",
  "region_SBG_micro": "Strasburg ({{micro}})",
  "region_MRS": "Marsylia",
  "region_MRS_micro": "Marsylia ({{micro}})",
  "region_PAR": "Paryż",
  "region_PAR_micro": "Paryż ({{micro}})",
  "region_BHS": "Beauharnois",
  "region_BHS_micro": "Beauharnois ({{micro}})",
  "region_ERI": "Londyn",
  "region_ERI_micro": "Londyn ({{micro}})",
  "region_GRA": "Gravelines",
  "region_GRA_micro": "Gravelines ({{micro}})",
  "region_LIM": "Limburg",
  "region_LIM_micro": "Limburg ({{micro}})",
  "region_RBX": "Roubaix",
  "region_RBX_micro": "Roubaix ({{micro}})",
  "region_WAW": "Warszawa",
  "region_WAW_micro": "Warszawa ({{micro}})",
  "region_DE": "Frankfurt",
  "region_DE_micro": "Frankfurt ({{micro}})",
  "region_UK": "Londyn",
  "region_UK_micro": "Londyn ({{micro}})",
  "region_SGP": "Singapur",
  "region_SGP_micro": "Singapur ({{micro}})",
  "region_MUM": "Mumbaj",
  "region_MUM_micro": "Mumbaj ({{micro}})",
  "region_VIN": "Vint Hill",
  "region_VIN_micro": "Vint Hill ({{micro}})",
  "region_continent_VIN": "Ameryka Północna",
  "region_HIL": "Hillsboro",
  "region_HIL_micro": "Hillsboro ({{micro}})",
  "region_continent_HIL": "Ameryka Północna",
  "region_OR": "Oregon",
  "region_continent_OR": "Ameryka Północna",
  "region_OR_micro": "Oregon ({{micro}})",
  "region_VA": "Wirginia",
  "region_VA_micro": "Wirginia ({{micro}})",
  "region_continent_VA": "Ameryka Północna",
  "region_SYD": "Sydney",
  "region_SYD_micro": "Sydney ({{micro}})",
  "region_TOR": "Toronto",
  "region_TOR_micro": "Toronto ({{micro}})",
  "region_continent_TOR": "Ameryka Północna",
  "region_US": "Stany Zjednoczone",
  "region_US_micro": "Stany Zjednoczone ({{micro}})",
  "region_GS": "GS",
  "region_MAD": "Madryt",
  "region_BRU": "Bruksela",
  "region_DAL": "Dallas",
  "region_continent_DAL": "Ameryka Północna",
  "region_SHA_micro": "Gravelines (SHADOW-EU-1)",
  "region_GS_micro": "Gridscale ({{micro}})",
  "region_MAD_micro": "Madryt ({{micro}})",
  "region_BRU_micro": "Bruksela ({{micro}})",
  "region_DAL_micro": "Dallas ({{micro}})",
  "region_PRG": "Praga",
  "region_PRG_micro": "Praga ({{micro}})",
  "region_continent_PRG": "Europa Środkowa",
  "region_AMS": "Amsterdam",
  "region_AMS_micro": "Amsterdam ({{micro}})",
  "region_continent_AMS": "Europa Zachodnia",
  "region_MIL": "Mediolan",
  "region_MIL_micro": "Mediolan ({{micro}})",
  "region_continent_MIL": "Europa Południowa",
  "region_ZRH": "Zurych",
  "region_ZRH_micro": "Zurych ({{micro}})",
  "region_continent_ZRH": "Europa Zachodnia",
  "region_LAX": "Los Angeles",
  "region_LAX_micro": "Los Angeles ({{micro}})",
  "region_continent_LAX": "Ameryka Północna",
  "region_CHI": "Chicago",
  "region_CHI_micro": "Chicago ({{micro}})",
  "region_continent_CHI": "Ameryka Północna",
  "region_NYC": "Nowy Jork",
  "region_NYC_micro": "Nowy Jork ({{micro}})",
  "region_continent_NYC": "Ameryka Północna",
  "region_MIA": "Miami",
  "region_MIA_micro": "Miami ({{micro}})",
  "region_continent_MIA": "Ameryka Północna",
  "region_PAO": "Palo Alto",
  "region_PAO_micro": "Palo Alto ({{micro}})",
  "region_continent_PAO": "Ameryka Północna",
  "region_DEN": "Denver",
  "region_DEN_micro": "Denver ({{micro}})",
  "region_continent_DEN": "Ameryka Północna",
  "region_ATL": "Atlanta",
  "region_ATL_micro": "Atlanta ({{micro}})",
  "region_continent_ATL": "Ameryka Północna",
  "region_RBA": "Rabat",
  "region_RBA_micro": "Rabat ({{micro}})",
  "region_continent_RBA": "Afryka",
  "region_TYO": "Tokio",
  "region_TYO_micro": "Tokio ({{micro}})",
  "region_continent_TYO": "APAC",
  "region_BLR": "Bengaluru",
  "region_BLR_micro": "Bengaluru ({{micro}})",
  "region_continent_BLR": "APAC",
  "region_DXB": "Dubaj",
  "region_DXB_micro": "Dubaj ({{micro}})",
  "region_continent_DXB": "Bliski Wschód",
  "region_JKT": "Dżakarta",
  "region_JKT_micro": "Dżakarta ({{micro}})",
  "region_continent_JKT": "APAC",
  "region_LUX": "Luksemburg",
  "region_LUX_micro": "Luksemburg ({{micro}})",
  "region_continent_LUX": "Europa Zachodnia",
  "region_MEX": "Meksyk",
  "region_MEX_micro": "Meksyk ({{micro}})",
  "region_continent_MEX": "Ameryka Środkowa",
  "region_SAO": "São Paulo",
  "region_SAO_micro": "São Paulo ({{micro}})",
  "region_continent_SAO": "Ameryka Południowa",
  "region_TUN": "Tunis",
  "region_TUN_micro": "Tunis ({{micro}})",
  "region_continent_TUN": "Afryka Północna",
  "region_AUS": "Austin",
  "region_AUS_micro": "Austin ({{micro}})",
  "region_continent_AUS": "Ameryka Północna",
  "region_BOS": "Boston",
  "region_BOS_micro": "Boston ({{micro}})",
  "region_continent_BOS": "Ameryka Północna",
  "region_SEA": "Seattle",
  "region_SEA_micro": "Seattle ({{micro}})",
  "region_continent_SEA": "Ameryka Północna",
  "region_BUH": "Bukareszt",
  "region_BUH_micro": "Bukareszt ({{micro}})",
  "region_continent_BUH": "Europa Środkowa",
  "region_PHL": "Filadelfia",
  "region_PHL_micro": "Filadelfia ({{micro}})",
  "region_continent_PHL": "Ameryka Północna",
  "region_BKK": "Bangkok",
  "region_BKK_micro": "Bangkok ({{micro}})",
  "region_continent_BKK": "APAC",
  "region_BUE": "Buenos Aires",
  "region_BUE_micro": "Buenos Aires ({{micro}})",
  "region_continent_BUE": "Ameryka Południowa",
  "region_AKL": "Auckland",
  "region_AKL_micro": "Auckland ({{micro}})",
  "region_continent_AKL": "APAC",
  "region_HEL": "Helsinki",
  "region_HEL_micro": "Helsinki ({{micro}})",
  "region_continent_HEL": "Europa Północna",
  "region_HOU": "Houston",
  "region_HOU_micro": "Houston ({{micro}})",
  "region_continent_HOU": "Ameryka Północna",
  "region_SOF": "Sofia",
  "region_SOF_micro": "Sofia ({{micro}})",
  "region_continent_SOF": "Europa Środkowa",
  "region_OSL": "Oslo",
  "region_OSL_micro": "Oslo ({{micro}})",
  "region_continent_OSL": "Europa Północna",
  "region_STO": "Sztokholm",
  "region_STO_micro": "Sztokholm ({{micro}})",
  "region_continent_STO": "Europa Północna",
  "region_TPE": "Tajpej",
  "region_TPE_micro": "Tajpej ({{micro}})",
  "region_continent_TPE": "APAC",
  "region_SCL": "Santiago",
  "region_SCL_micro": "Santiago ({{micro}})",
  "region_continent_SCL": "Ameryka Południowa",
  "region_SEL": "Seul",
  "region_SEL_micro": "Seul ({{micro}})",
  "region_continent_SEL": "APAC",
  "region_BOG": "Bogota",
  "region_BOG_micro": "Bogota ({{micro}})",
  "region_continent_BOG": "Ameryka Południowa",
  "region_LAG": "Lagos",
  "region_LAG_micro": "Lagos ({{micro}})",
  "region_continent_LAG": "Afryka",
  "region_CPT": "Kapsztad",
  "region_CPT_micro": "Kapsztad ({{micro}})",
  "region_continent_CPT": "Afryka",
  "region_NBO": "Nairobi",
  "region_NBO_micro": "Nairobi ({{micro}})",
  "region_continent_NBO": "Afryka",
  "region_ABJ": "Abidżan",
  "region_ABJ_micro": "Abidżan ({{micro}})",
  "region_continent_ABJ": "Afryka",
  "region_CAI": "Kair",
  "region_CAI_micro": "Kair ({{micro}})",
  "region_continent_CAI": "Afryka",
  "region_DOH": "Ad-Dauha",
  "region_DOH_micro": "Ad-Dauha ({{micro}})",
  "region_continent_DOH": "Bliski Wschód",
  "region_LAU": "Lozanna",
  "region_LAU_micro": "Lozanna ({{micro}})",
  "region_continent_LAU": "Europa Zachodnia",
  "region_CPH": "Kopenhaga",
  "region_CPH_micro": "Kopenhaga ({{micro}})",
  "region_continent_CPH": "Europa Północna",
  "region_LIS": "Lizbona",
  "region_LIS_micro": "Lizbona ({{micro}})",
  "region_continent_LIS": "Europa Południowa",
  "region_MEL": "Melbourne",
  "region_MEL_micro": "Melbourne ({{micro}})",
  "region_continent_MEL": "APAC",
  "region_ICD": "New Delhi",
  "region_ICD_micro": "New Delhi ({{micro}})",
  "region_continent_ICD": "APAC",
  "region_OSA": "Osaka",
  "region_OSA_micro": "Osaka ({{micro}})",
  "region_continent_OSA": "APAC",
  "region_KUL": "Kuala Lumpur",
  "region_KUL_micro": "Kuala Lumpur ({{micro}})",
  "region_continent_KUL": "APAC",
  "region_MNL": "Manila",
  "region_MNL_micro": "Manila ({{micro}})",
  "region_continent_MNL": "APAC",
  "region_SGN": "Ho Chi Minh",
  "region_SGN_micro": "Ho Chi Minh ({{micro}})",
  "region_continent_SGN": "APAC",
  "region_VIE": "Wiedeń",
  "region_VIE_micro": "Wiedeń ({{micro}})",
  "region_continent_VIE": "Europa Zachodnia",
  "region_DLN": "Dublin",
  "region_DLN_micro": "Dublin ({{micro}})",
  "region_continent_DLN": "Europa Zachodnia",
  "region_VAN": "Vancouver",
  "region_VAN_micro": "Vancouver ({{micro}})",
  "region_continent_VAN": "Ameryka Północna",
  "region_TLV": "Tel Awiw",
  "region_TLV_micro": "Tel Awiw ({{micro}})",
  "region_continent_TLV": "Bliski Wschód",
  "region_MNC": "Manchester",
  "region_MNC_micro": "Manchester ({{micro}})",
  "region_continent_MNC": "Europa Zachodnia",
  "region_CLT": "Charlotte",
  "region_CLT_micro": "Charlotte ({{micro}})",
  "region_continent_CLT": "Ameryka Północna",
  "region_BNA": "Nashville",
  "region_BNA_micro": "Nashville ({{micro}})",
  "region_continent_BNA": "Ameryka Północna",
  "region_SLC": "Salt Lake City",
  "region_SLC_micro": "Salt Lake City ({{micro}})",
  "region_continent_SLC": "Ameryka Północna",
  "region_STL": "St. Louis",
  "region_STL_micro": "St. Louis ({{micro}})",
  "region_continent_STL": "Ameryka Północna",
  "region_IND": "Indianapolis",
  "region_IND_micro": "Indianapolis ({{micro}})",
  "region_continent_IND": "Ameryka Północna",
  "region_IST": "Stambuł",
  "region_IST_micro": "Stambuł ({{micro}})",
  "region_PHX": "Phoenix",
  "region_PHX_micro": "Phoenix ({{micro}})",
  "region_continent_PHX": "Ameryka Północna",
  "region_continent_IST": "Bliski Wschód",
  "region_localize": "Lokalizacja",
  "region_location_SBG": "Europa Środkowa (Francja)",
  "region_location_WAW": "Europa Środkowa (Polska)",
  "region_location_BHS": "Ameryka Północna (Kanada)",
  "region_location_ERI": "Europa Zachodnia (Wielka Brytania)",
  "region_location_GRA": "Europa Zachodnia (Francja)",
  "region_location_PAR": "Europa Zachodnia (Francja)",
  "region_location_GS": "Europa Zachodnia",
  "region_location_MAD": "Europa Zachodnia",
  "region_location_BRU": "Europa Zachodnia",
  "region_location_LIM": "Europa Środkowa (Niemcy)",
  "region_location_RBX": "Europa Zachodnia (Francja)",
  "region_location_DE": "Europa Środkowa (Niemcy)",
  "region_location_UK": "Europa Zachodnia (Wielka Brytania)",
  "region_location_SGP": "Azja-Pacyfik (Singapur)",
  "region_location_MUM": "Azja-Pacyfik (Mumbaj)",
  "region_location_SYD": "Oceania (Australia)",
  "region_location_US": "Stany Zjednoczone",
  "region_location_DAL": "Stany Zjednoczone",
  "region_continent_SBG": "Europa Środkowa",
  "region_continent_WAW": "Europa Środkowa",
  "region_continent_BHS": "Ameryka Północna",
  "region_continent_GRA": "Europa Zachodnia",
  "region_continent_RBX": "Europa Zachodnia",
  "region_continent_GS": "Europa Zachodnia",
  "region_continent_MAD": "Europa Południowa",
  "region_continent_BRU": "Europa Zachodnia",
  "region_continent_DE": "Europa Środkowa",
  "region_continent_UK": "Europa Zachodnia",
  "region_continent_SGP": "Azja-Pacyfik",
  "region_continent_MUM": "Azja-Pacyfik",
  "region_continent_SYD": "Oceania",
  "region_continent_SHA": "Europa Zachodnia",
  "region_continent_CA": "Ameryka Północna",
  "region_continent_MRS": "Europa Zachodnia",
  "region_continent_PAR": "Europa Zachodnia",
  "region_us-east-va": "Ameryka Północna (Stany Zjednoczone - Wschód - Vinthill 2)"
}
