{
  "manager_components_region_SBG1": "Estrasburgo (SBG1)",
  "manager_components_region_BHS1": "Beauharnois (BHS1)",
  "manager_components_region_GRA1": "Gravelines (GRA1)",
  "manager_components_region_SBG": "Estrasburgo",
  "manager_components_region_SBG_micro": "Estrasburgo ({{ micro }})",
  "manager_components_region_BHS": "Beauharnois",
  "manager_components_region_BHS_micro": "Beauharnois ({{ micro }})",
  "manager_components_region_ERI": "Londres",
  "manager_components_region_ERI_micro": "Londres ({{ micro }})",
  "manager_components_region_GRA": "Gravelines",
  "manager_components_region_GRA_micro": "Gravelines ({{ micro }})",
  "manager_components_region_LIM": "Limburgo",
  "manager_components_region_LIM_micro": "Limburgo ({{ micro }})",
  "manager_components_region_RBX": "Roubaix",
  "manager_components_region_RBX_micro": "Roubaix ({{ micro }})",
  "manager_components_region_WAW": "Varsóvia",
  "manager_components_region_WAW_micro": "Varsóvia ({{ micro }})",
  "manager_components_region_DE": "Frankfurt ",
  "manager_components_region_DE_micro": "Frankfurt ({{ micro }})",
  "manager_components_region_UK": "Londres",
  "manager_components_region_UK_micro": "Londres ({{ micro }})",
  "manager_components_region_SGP": "Singapura",
  "manager_components_region_SGP_micro": "Singapura ({{ micro }})",
  "manager_components_region_SYD": "Sydney",
  "manager_components_region_SYD_micro": "Sydney ({{ micro }})",
  "manager_components_region_US": "Estados Unidos",
  "manager_components_region_US_micro": "Estados Unidos ({{ micro }})",
  "manager_components_region_localize": "Localizar",
  "manager_components_region_location_SBG": "Europa Central (França)",
  "manager_components_region_location_WAW": "Europa Central (Polónia)",
  "manager_components_region_location_BHS": "América do Norte (Canadá)",
  "manager_components_region_location_ERI": "Europa Ocidental (Reino Unido)",
  "manager_components_region_location_GRA": "Europa Ocidental (França)",
  "manager_components_region_location_LIM": "Europa Central (Alemanha)",
  "manager_components_region_location_RBX": "Europa Ocidental (França)",
  "manager_components_region_location_DE": "Europa Central (Alemanha)",
  "manager_components_region_location_UK": "Europa Ocidental (Reino Unido)",
  "manager_components_region_location_SGP": "Ásia-Pacífico (Singapura)",
  "manager_components_region_location_SYD": "Oceânia (Austrália)",
  "manager_components_region_location_US": "Estados Unidos",
  "manager_components_region_continent_SBG": "Europa Central",
  "manager_components_region_continent_WAW": "Europa Central",
  "manager_components_region_continent_BHS": "América do Norte",
  "manager_components_region_continent_GRA": "Europa Ocidental",
  "manager_components_region_continent_RBX": "Europa Ocidental",
  "manager_components_region_continent_DE": "Europa Central",
  "manager_components_region_continent_UK": "Europa Ocidental",
  "manager_components_region_continent_SGP": "Ásia-Pacífico",
  "manager_components_region_continent_SYD": "Oceânia",
  "manager_components_region_continent_US": "Estados Unidos",
  "manager_components_region_SHA_micro": "Gravelines (SHADOW-EU-1)",
  "manager_components_region_continent_SHA": "Europa Ocidental",
  "manager_components_region_GS": "GS",
  "manager_components_region_MAD": "Madrid",
  "manager_components_region_BRU": "Bruxelas",
  "manager_components_region_GS_micro": "Gridscale ({{ micro }})",
  "manager_components_region_MAD_micro": "Madrid ({{ micro }})",
  "manager_components_region_BRU_micro": "Bruxelas ({{ micro }})",
  "manager_components_region_location_GS": "Western Europe",
  "manager_components_region_location_MAD": "Western Europe",
  "manager_components_region_location_BRU": "Western Europe",
  "manager_components_region_continent_GS": "Europa Ocidental",
  "manager_components_region_continent_MAD": "Europa Ocidental",
  "manager_components_region_continent_BRU": "Europa Ocidental",
  "manager_components_region_DAL": "Dallas",
  "manager_components_region_DAL_micro": "Dallas ({{ micro }})",
  "manager_components_region_location_DAL": "Estados Unidos",
  "manager_components_region_continent_DAL": "Estados Unidos",
  "manager_components_region_VIN": "Vint Hill",
  "manager_components_region_VIN_micro": "Vint Hill ({{ micro }})",
  "manager_components_region_HIL": "Hillsboro",
  "manager_components_region_HIL_micro": "Hillsboro ({{ micro }})",
  "manager_components_region_YYZ": "Toronto",
  "manager_components_region_YYZ_micro": "Toronto ({{ micro }})",
  "manager_components_region_continent_YYZ": "América do Norte (Toronto)",
  "manager_components_region_MRS": "Marselha",
  "manager_components_region_MRS_micro": "Marselha ({{ micro }})",
  "manager_components_region_continent_MRS": "Europa Ocidental",
  "manager_components_region_PRG": "Praga",
  "manager_components_region_PRG_micro": "Praga ({{ micro }})",
  "manager_components_region_continent_PRG": "Europa Central",
  "manager_components_region_AMS": "Amesterdão",
  "manager_components_region_AMS_micro": "Amesterdão ({{ micro }})",
  "manager_components_region_continent_AMS": "Europa Ocidental",
  "manager_components_region_MIL": "Milão",
  "manager_components_region_MIL_micro": "Milão ({{ micro }})",
  "manager_components_region_continent_MIL": "Sul da Europa",
  "manager_components_region_ZRH": "Zurique",
  "manager_components_region_ZRH_micro": "Zurique ({{ micro }})",
  "manager_components_region_continent_ZRH": "Europa Ocidental",
  "manager_components_region_LAX": "Los Angeles",
  "manager_components_region_LAX_micro": "Los Angeles ({{ micro }})",
  "manager_components_region_continent_LAX": "América do Norte",
  "manager_components_region_CHI": "Chicago",
  "manager_components_region_CHI_micro": "Chicago ({{ micro }})",
  "manager_components_region_continent_CHI": "América do Norte",
  "manager_components_region_NYC": "Nova Iorque ",
  "manager_components_region_NYC_micro": "Nova Iorque ({{ micro }})",
  "manager_components_region_continent_NYC": "América do Norte",
  "manager_components_region_MIA": "Miami",
  "manager_components_region_MIA_micro": "Miami ({{ micro }})",
  "manager_components_region_continent_MIA": "América do Norte",
  "manager_components_region_PAO": "Palo Alto",
  "manager_components_region_PAO_micro": "Palo Alto ({{ micro }})",
  "manager_components_region_continent_PAO": "América do Norte",
  "manager_components_region_DEN": "Denver",
  "manager_components_region_DEN_micro": "Denver ({{ micro }})",
  "manager_components_region_continent_DEN": "América do Norte",
  "manager_components_region_ATL": "Atlanta",
  "manager_components_region_ATL_micro": "Atlanta ({{ micro }})",
  "manager_components_region_continent_ATL": "América do Norte",
  "manager_components_region_RBA": "Rabat",
  "manager_components_region_RBA_micro": "Rabat ({{ micro }})",
  "manager_components_region_continent_RBA": "África",
  "manager_components_region_TYO": "Tóquio",
  "manager_components_region_TYO_micro": "Tóquio ({{ micro }})",
  "manager_components_region_continent_TYO": "APAC",
  "manager_components_region_BLR": "Bangalore",
  "manager_components_region_BLR_micro": "Bangalore ({{ micro }})",
  "manager_components_region_continent_BLR": "APAC",
  "manager_components_region_DXB": "Dubai",
  "manager_components_region_DXB_micro": "Dubai ({{ micro }})",
  "manager_components_region_continent_DXB": "Médio Oriente",
  "manager_components_region_JKT": "Jacarta",
  "manager_components_region_JKT_micro": "Jacarta ({{ micro }})",
  "manager_components_region_continent_JKT": "APAC",
  "manager_components_region_LUX": "Luxemburgo",
  "manager_components_region_LUX_micro": "Luxemburgo ({{ micro }})",
  "manager_components_region_continent_LUX": "Europa Ocidental",
  "manager_components_region_MEX": "México",
  "manager_components_region_MEX_micro": "México ({{ micro }})",
  "manager_components_region_continent_MEX": "América Central",
  "manager_components_region_SAO": "São Paulo",
  "manager_components_region_SAO_micro": "São Paulo ({{ micro }})",
  "manager_components_region_continent_SAO": "América do Sul",
  "manager_components_region_TUN": "Tunis",
  "manager_components_region_TUN_micro": "Tunis ({{ micro }})",
  "manager_components_region_continent_TUN": "Norte de África",
  "manager_components_region_AUS": "Austin",
  "manager_components_region_AUS_micro": "Austin ({{ micro }})",
  "manager_components_region_continent_AUS": "América do Norte",
  "manager_components_region_BOS": "Boston",
  "manager_components_region_BOS_micro": "Boston ({{ micro }})",
  "manager_components_region_continent_BOS": "América do Norte",
  "manager_components_region_SEA": "Seattle",
  "manager_components_region_SEA_micro": "Seattle ({{ micro }})",
  "manager_components_region_continent_SEA": "América do Norte",
  "manager_components_region_BUH": "Bucareste",
  "manager_components_region_BUH_micro": "Bucareste ({{ micro }})",
  "manager_components_region_continent_BUH": "Europa Central",
  "manager_components_region_PHD": "Filadélfia",
  "manager_components_region_PHD_micro": "Filadélfia ({{ micro }})",
  "manager_components_region_continent_PHD": "América do Norte",
  "manager_components_region_BKK": "Bangkok",
  "manager_components_region_BKK_micro": "Bangkok ({{ micro }})",
  "manager_components_region_continent_BKK": "APAC",
  "manager_components_region_BUE": "Buenos Aires",
  "manager_components_region_BUE_micro": "Buenos Aires ({{ micro }})",
  "manager_components_region_continent_BUE": "América do Sul",
  "manager_components_region_AKL": "Auckland",
  "manager_components_region_AKL_micro": "Auckland ({{ micro }})",
  "manager_components_region_continent_AKL": "APAC",
  "manager_components_region_HEL": "Helsínquia",
  "manager_components_region_HEL_micro": "Helsínquia ({{ micro }})",
  "manager_components_region_continent_HEL": "Norte da Europa",
  "manager_components_region_HOU": "Houston",
  "manager_components_region_HOU_micro": "Houston ({{ micro }})",
  "manager_components_region_continent_HOU": "América do Norte",
  "manager_components_region_SOF": "Sófia",
  "manager_components_region_SOF_micro": "Sófia ({{ micro }})",
  "manager_components_region_continent_SOF": "Europa Central",
  "manager_components_region_OSL": "Oslo",
  "manager_components_region_OSL_micro": "Oslo ({{ micro }})",
  "manager_components_region_continent_OSL": "Norte da Europa",
  "manager_components_region_SMP": "Estocolmo",
  "manager_components_region_SMP_micro": "Estocolmo ({{ micro }})",
  "manager_components_region_continent_SMP": "Norte da Europa",
  "manager_components_region_TPE": "Taipé",
  "manager_components_region_TPE_micro": "Taipé ({{ micro }})",
  "manager_components_region_continent_TPE": "APAC",
  "manager_components_region_SCL": "Santiago",
  "manager_components_region_SCL_micro": "Santiago ({{ micro }})",
  "manager_components_region_continent_SCL": "América do Sul",
  "manager_components_region_SEL": "Seul",
  "manager_components_region_SEL_micro": "Seul ({{ micro }})",
  "manager_components_region_continent_SEL": "APAC",
  "manager_components_region_BOG": "Bogotá",
  "manager_components_region_BOG_micro": "Bogotá ({{ micro }})",
  "manager_components_region_continent_BOG": "América do Sul",
  "manager_components_region_LAG": "Lagos",
  "manager_components_region_LAG_micro": "Lagos ({{ micro }})",
  "manager_components_region_continent_LAG": "África",
  "manager_components_region_CPT": "Cidade do Cabo",
  "manager_components_region_CPT_micro": "Cidade do Cabo ({{ micro }})",
  "manager_components_region_continent_CPT": "África",
  "manager_components_region_NBO": "Nairobi",
  "manager_components_region_NBO_micro": "Nairobi ({{ micro }})",
  "manager_components_region_continent_NBO": "África",
  "manager_components_region_ABJ": "Abidjan",
  "manager_components_region_ABJ_micro": "Abidjan ({{ micro }})",
  "manager_components_region_continent_ABJ": "África",
  "manager_components_region_CAI": "Cairo",
  "manager_components_region_CAI_micro": "Cairo ({{ micro }})",
  "manager_components_region_continent_CAI": "África",
  "manager_components_region_DOH": "Doha",
  "manager_components_region_DOH_micro": "Doha ({{ micro }})",
  "manager_components_region_continent_DOH": "Médio Oriente",
  "manager_components_region_LAU": "Lausanne",
  "manager_components_region_LAU_micro": "Lausanne ({{ micro }})",
  "manager_components_region_continent_LAU": "Europa Ocidental",
  "manager_components_region_KOG": "Copenhaga",
  "manager_components_region_KOG_micro": "Copenhaga ({{ micro }})",
  "manager_components_region_continent_KOG": "Norte da Europa",
  "manager_components_region_LIS": "Lisboa",
  "manager_components_region_LIS_micro": "Lisboa ({{ micro }})",
  "manager_components_region_continent_LIS": "Sul da Europa",
  "manager_components_region_MEL": "Melbourne",
  "manager_components_region_MEL_micro": "Melbourne ({{ micro }})",
  "manager_components_region_continent_MEL": "APAC",
  "manager_components_region_ICD": "Nova Deli",
  "manager_components_region_ICD_micro": "Nova Deli ({{ micro }})",
  "manager_components_region_continent_ICD": "APAC",
  "manager_components_region_OSA": "Osaka",
  "manager_components_region_OSA_micro": "Osaka ({{ micro }})",
  "manager_components_region_continent_OSA": "APAC",
  "manager_components_region_KUL": "Kuala Lumpur",
  "manager_components_region_KUL_micro": "Kuala Lumpur ({{ micro }})",
  "manager_components_region_continent_KUL": "APAC",
  "manager_components_region_MNL": "Manila",
  "manager_components_region_MNL_micro": "Manila ({{ micro }})",
  "manager_components_region_continent_MNL": "APAC",
  "manager_components_region_SGN": "Ho Chi Minh",
  "manager_components_region_SGN_micro": "Ho Chi Minh ({{ micro }})",
  "manager_components_region_continent_SGN": "APAC",
  "manager_components_region_VIE": "Viena",
  "manager_components_region_VIE_micro": "Viena ({{ micro }})",
  "manager_components_region_continent_VIE": "Europa Ocidental",
  "manager_components_region_DLN": "Dublin",
  "manager_components_region_DLN_micro": "Dublin ({{ micro }})",
  "manager_components_region_continent_DLN": "Europa Ocidental",
  "manager_components_region_VAN": "Vancouver",
  "manager_components_region_VAN_micro": "Vancouver ({{ micro }})",
  "manager_components_region_continent_VAN": "América do Norte",
  "manager_components_region_TLV": "Telavive-Yafo",
  "manager_components_region_TLV_micro": "Telavive-Yafo ({{ micro }})",
  "manager_components_region_continent_TLV": "Médio Oriente",
  "manager_components_region_MNC": "Manchester",
  "manager_components_region_MNC_micro": "Manchester ({{ micro }})",
  "manager_components_region_continent_MNC": "Europa Ocidental",
  "manager_components_region_CLT": "Charlotte",
  "manager_components_region_CLT_micro": "Charlotte ({{ micro }})",
  "manager_components_region_continent_CLT": "América do Norte",
  "manager_components_region_BNA": "Nashville",
  "manager_components_region_BNA_micro": "Nashville ({{ micro }})",
  "manager_components_region_continent_BNA": "América do Norte",
  "manager_components_region_SLC": "Salt Lake City",
  "manager_components_region_SLC_micro": "Salt Lake City ({{ micro }})",
  "manager_components_region_continent_SLC": "América do Norte",
  "manager_components_region_STL": "Saint-Louis",
  "manager_components_region_STL_micro": "Saint-Louis ({{ micro }})",
  "manager_components_region_continent_STL": "América do Norte",
  "manager_components_region_IND": "Indianapolis",
  "manager_components_region_IND_micro": "Indianapolis ({{ micro }})",
  "manager_components_region_continent_IND": "América do Norte",
  "manager_components_region_IST": "Istambul",
  "manager_components_region_IST_micro": "Istambul ({{ micro }})",
  "manager_components_region_continent_IST": "Médio Oriente",
  "manager_components_region_TOR": "Toronto",
  "manager_components_region_TOR_micro": "Toronto ({{ micro }})",
  "manager_components_region_continent_TOR": "América do Norte",
  "manager_components_region_MUM": "Mumbai",
  "manager_components_region_MUM_micro": "Mumbai ({{ micro }})",
  "manager_components_region_location_MUM": "Ásia-Pacífico (Mumbai)",
  "manager_components_region_continent_MUM": "Ásia-Pacífico",
  "manager_components_region_PAR": "Paris",
  "manager_components_region_PAR_micro": "Paris ({{ micro }})",
  "manager_components_region_location_PAR": "Europa Ocidental (França)",
  "manager_components_region_continent_PAR": "Europa Ocidental"
}
