{
  "area_AU_NSW": "Nowa Południowa Walia",
  "area_AU_QLD": "Queensland",
  "area_AU_SA": "Południowa Australia",
  "area_AU_TAS": "Tasmania",
  "area_AU_VIC": "Wiktoria",
  "area_AU_WA": "Zachodnia Australia",
  "area_AU_ACT": "Australijskie Terytorium Stołeczne",
  "area_AU_NT": "Terytorium Północne",
  "area_WE_AL": "Alabama",
  "area_WE_AK": "Alaska",
  "area_WE_AZ": "Arizona",
  "area_WE_AR": "Arkansas",
  "area_WE_CA": "Kalifornia",
  "area_WE_CO": "Kolorado",
  "area_WE_CT": "Connecticut",
  "area_WE_DE": "Delaware",
  "area_WE_DC": "Dystrykt Kolumbii",
  "area_WE_FL": "Floryda",
  "area_WE_GA": "Gruzja",
  "area_WE_HI": "Hawaje",
  "area_WE_ID": "Idaho",
  "area_WE_IL": "Illinois",
  "area_WE_IN": "Indiana",
  "area_WE_IA": "Iowa",
  "area_WE_KS": "Kansas",
  "area_WE_KY": "Kentucky",
  "area_WE_LA": "Luizjana",
  "area_WE_ME": "Maine",
  "area_WE_MD": "Maryland",
  "area_WE_MA": "Massachusetts",
  "area_WE_MI": "Michigan",
  "area_WE_MN": "Minnesota",
  "area_WE_MS": "Mississippi",
  "area_WE_MO": "Missouri",
  "area_WE_MT": "Montana",
  "area_WE_NE": "Nebraska",
  "area_WE_NV": "Nevada",
  "area_WE_NH": "New Hampshire",
  "area_WE_NJ": "New Jersey",
  "area_WE_NM": "Nowy Meksyk",
  "area_WE_NY": "Nowy Jork",
  "area_WE_NC": "Karolina Północna",
  "area_WE_ND": "Dakota Północna",
  "area_WE_OH": "Ohio",
  "area_WE_OK": "Oklahoma",
  "area_WE_OR": "Oregon",
  "area_WE_PA": "Pensylwania",
  "area_WE_RI": "Rhode Island",
  "area_WE_SC": "Karolina Południowa",
  "area_WE_SD": "Dakota Południowa",
  "area_WE_TN": "Tennessee",
  "area_WE_TX": "Teksas",
  "area_WE_UT": "Utah",
  "area_WE_VT": "Vermont",
  "area_WE_VA": "Wirginia",
  "area_WE_WA": "Waszyngton",
  "area_WE_WV": "Wirginia Zachodnia",
  "area_WE_WI": "Wisconsin",
  "area_WE_WY": "Wyoming",
  "area_US_AL": "Alabama",
  "area_US_AK": "Alaska",
  "area_US_AZ": "Arizona",
  "area_US_AR": "Arkansas",
  "area_US_CA": "Kalifornia",
  "area_US_CO": "Kolorado",
  "area_US_CT": "Connecticut",
  "area_US_DE": "Delaware",
  "area_US_DC": "Dystrykt Kolumbii",
  "area_US_FL": "Floryda",
  "area_US_GA": "Gruzja",
  "area_US_HI": "Hawaje",
  "area_US_ID": "Idaho",
  "area_US_IL": "Illinois",
  "area_US_IN": "Indiana",
  "area_US_IA": "Iowa",
  "area_US_KS": "Kansas",
  "area_US_KY": "Kentucky",
  "area_US_LA": "Luizjana",
  "area_US_ME": "Maine",
  "area_US_MD": "Maryland",
  "area_US_MA": "Massachusetts",
  "area_US_MI": "Michigan",
  "area_US_MN": "Minnesota",
  "area_US_MS": "Mississippi",
  "area_US_MO": "Missouri",
  "area_US_MT": "Montana",
  "area_US_NE": "Nebraska",
  "area_US_NV": "Nevada",
  "area_US_NH": "New Hampshire",
  "area_US_NJ": "New Jersey",
  "area_US_NM": "Nowy Meksyk",
  "area_US_NY": "Nowy Jork",
  "area_US_NC": "Karolina Północna",
  "area_US_ND": "Dakota Północna",
  "area_US_OH": "Ohio",
  "area_US_OK": "Oklahoma",
  "area_US_OR": "Oregon",
  "area_US_PA": "Pensylwania",
  "area_US_RI": "Rhode Island",
  "area_US_SC": "Karolina Południowa",
  "area_US_SD": "Dakota Południowa",
  "area_US_TN": "Tennessee",
  "area_US_TX": "Teksas",
  "area_US_UT": "Utah",
  "area_US_VT": "Vermont",
  "area_US_VA": "Wirginia",
  "area_US_WA": "Waszyngton",
  "area_US_WV": "Wirginia Zachodnia",
  "area_US_WI": "Wisconsin",
  "area_US_WY": "Wyoming",
  "area_IE_CW": "Carlow",
  "area_IE_CN": "Cavan",
  "area_IE_CE": "Clare",
  "area_IE_CO": "Cork",
  "area_IE_DL": "Donegal",
  "area_IE_D": "Dublin",
  "area_IE_G": "Galway",
  "area_IE_KY": "Kerry",
  "area_IE_KE": "Kildare",
  "area_IE_KK": "Kilkenny",
  "area_IE_LS": "Laois",
  "area_IE_LM": "Leitrim",
  "area_IE_LK": "Limerick",
  "area_IE_LD": "Longford",
  "area_IE_LH": "Louth",
  "area_IE_MO": "Mayo",
  "area_IE_MH": "Meath",
  "area_IE_MN": "Monaghan",
  "area_IE_OY": "Offaly",
  "area_IE_RN": "Roscommon",
  "area_IE_SO": "Sligo",
  "area_IE_TA": "Tipperary",
  "area_IE_WD": "Waterford",
  "area_IE_WH": "Westmeath",
  "area_IE_WW": "Wexford",
  "area_IE_WX": "Wicklow",
  "area_IE_D1": "Dublin 1",
  "area_IE_D2": "Dublin 2",
  "area_IE_D3": "Dublin 3",
  "area_IE_D4": "Dublin 4",
  "area_IE_D5": "Dublin 5",
  "area_IE_D6": "Dublin 6",
  "area_IE_D7": "Dublin 7",
  "area_IE_D8": "Dublin 8",
  "area_IE_D9": "Dublin 9",
  "area_IE_D10": "Dublin 10",
  "area_IE_D11": "Dublin 11",
  "area_IE_D12": "Dublin 12",
  "area_IE_D13": "Dublin 13",
  "area_IE_D14": "Dublin 14",
  "area_IE_D15": "Dublin 15",
  "area_IE_D16": "Dublin 16",
  "area_IE_D17": "Dublin 17",
  "area_IE_D18": "Dublin 18",
  "area_IE_D19": "Dublin 19",
  "area_IE_D20": "Dublin 20",
  "area_IE_D21": "Dublin 21",
  "area_IE_D22": "Dublin 22",
  "area_IE_D23": "Dublin 23",
  "area_IE_D24": "Dublin 24",
  "area_CA_AB": "Alberta",
  "area_CA_BC": "Kolumbia Brytyjska",
  "area_CA_MB": "Manitoba",
  "area_CA_NB": "Nowy Brunszwik",
  "area_CA_NL": "Nowa Fundlandia i Labrador",
  "area_CA_NS": "Nowa Szkocja",
  "area_CA_NT": "Terytoria Północno-Zachodnie",
  "area_CA_NU": "Nunavut",
  "area_CA_ON": "Ontario",
  "area_CA_PE": "Wyspa Księcia Edwarda",
  "area_CA_QC": "Quebec",
  "area_CA_SK": "Saskatchewan",
  "area_CA_YT": "Yukon",
  "area_ES_01": "Alava",
  "area_ES_02": "Albacete",
  "area_ES_03": "Alicante",
  "area_ES_04": "Almeria",
  "area_ES_05": "Avila",
  "area_ES_06": "Badajoz",
  "area_ES_07": "Baleary",
  "area_ES_08": "Barcelona",
  "area_ES_09": "Burgos",
  "area_ES_10": "Caceres",
  "area_ES_11": "Kadyks",
  "area_ES_12": "Castellon",
  "area_ES_13": "Ciudad Real",
  "area_ES_14": "Kordoba",
  "area_ES_15": "La Coruña",
  "area_ES_16": "Cuenca",
  "area_ES_17": "Gerona",
  "area_ES_18": "Grenada",
  "area_ES_19": "Guadalajara",
  "area_ES_20": "Gipuzkoa",
  "area_ES_21": "Huelva",
  "area_ES_22": "Huesca",
  "area_ES_23": "Jaen",
  "area_ES_24": "Leon",
  "area_ES_25": "Lerida",
  "area_ES_26": "La Rioja",
  "area_ES_27": "Lugo",
  "area_ES_28": "Madryt",
  "area_ES_29": "Malaga",
  "area_ES_30": "Murcia",
  "area_ES_31": "Navarra",
  "area_ES_32": "Orense",
  "area_ES_33": "Asturia",
  "area_ES_34": "Palencia",
  "area_ES_35": "Las Palmas",
  "area_ES_36": "Pontevedra",
  "area_ES_37": "Salamanca",
  "area_ES_38": "Santa Cruz de Tenerife",
  "area_ES_39": "Cantabria",
  "area_ES_40": "Segowia",
  "area_ES_41": "Sewilla",
  "area_ES_42": "Soria",
  "area_ES_43": "Tarragona",
  "area_ES_44": "Teruel",
  "area_ES_45": "Toledo",
  "area_ES_46": "Walencja",
  "area_ES_47": "Valladolid ",
  "area_ES_48": "Vizcaya",
  "area_ES_49": "Zamora",
  "area_ES_50": "Saragossa",
  "area_ES_51": "Ceuta",
  "area_ES_52": "Melilla",
  "area_QC_AB": "Alberta",
  "area_QC_BC": "Kolumbia Brytyjska",
  "area_QC_MB": "Manitoba",
  "area_QC_NB": "Nowy Brunszwik",
  "area_QC_NL": "Nowa Fundlandia i Labrador",
  "area_QC_NS": "Nowa Szkocja",
  "area_QC_NT": "Terytoria Północno-Zachodnie",
  "area_QC_NU": "Nunavut",
  "area_QC_ON": "Ontario",
  "area_QC_PE": "Wyspa Księcia Edwarda",
  "area_QC_QC": "Quebec",
  "area_QC_SK": "Saskatchewan",
  "area_QC_YT": "Yukon",
  "area_IT_AG": "Agrigento (Sycylia)",
  "area_IT_AL": "Alessandria (Piemont)",
  "area_IT_AN": "Ancona (Marche)",
  "area_IT_AO": "Aosta (Dolina Aosty)",
  "area_IT_AR": "Arezzo (Toskania)",
  "area_IT_AP": "Ascoli Piceno (Marche)",
  "area_IT_AT": "Asti (Piemont)",
  "area_IT_AV": "Avellino (Kampania)",
  "area_IT_BA": "Bari (Apulia)",
  "area_IT_BL": "Belluno (Wenecja Euganejska)",
  "area_IT_BN": "Benewent (Kampania)",
  "area_IT_BG": "Bergamo (Lombardia)",
  "area_IT_BI": "Biella (Piemont)",
  "area_IT_BO": "Bolonia (Emilia-Romania)",
  "area_IT_BZ": "Bolzano (Trydent-Górna Adyga)",
  "area_IT_BS": "Brescia (Lombardia)",
  "area_IT_BR": "Brindisi (Apulia)",
  "area_IT_CA": "Cagliari (Sardynia)",
  "area_IT_CL": "Caltanissetta (Sycylia)",
  "area_IT_CB": "Campobasso (Molise)",
  "area_IT_CI": "Carbonia-Iglesias (Sardynia)",
  "area_IT_CE": "Caserta (Kampania)",
  "area_IT_CT": "Catania (Sycylia)",
  "area_IT_CZ": "Catanzaro (Kalabria)",
  "area_IT_CH": "Chieti (Abruzja)",
  "area_IT_CO": "Como (Lombardia)",
  "area_IT_CS": "Cosenza (Kalabria)",
  "area_IT_CR": "Cremona (Lombardia)",
  "area_IT_KR": "Crotone (Kalabria)",
  "area_IT_CN": "Cuneo (Piemont)",
  "area_IT_EN": "Enna (Sycylia)",
  "area_IT_FE": "Ferrara (Emilia-Romania)",
  "area_IT_FI": "Florencja (Toskania)",
  "area_IT_FG": "Foggia (Apulia)",
  "area_IT_FC": "Forlì Cesena (Emilia-Romania)",
  "area_IT_FR": "Frosinone (Lazio)",
  "area_IT_GE": "Genua (Liguria)",
  "area_IT_GO": "Gorizia (Friuli-Wenecja Julijska)",
  "area_IT_GR": "Grosseto (Toskania)",
  "area_IT_IM": "Imperia (Liguria)",
  "area_IT_IS": "Isernia (Molise)",
  "area_IT_SP": "La Spezia (Liguria)",
  "area_IT_AQ": "L'Aquila (Abruzja)",
  "area_IT_LT": "Latina (Lazio)",
  "area_IT_LE": "Lecce (Apulia)",
  "area_IT_LC": "Lecco (Lombardia)",
  "area_IT_LI": "Livorno (Toskania)",
  "area_IT_LO": "Lodi (Lombardia)",
  "area_IT_LU": "Lucca (Toskania)",
  "area_IT_MC": "Macerata (Marche)",
  "area_IT_MN": "Mantua (Lombardia)",
  "area_IT_MS": "Massa-Carrara (Toskania)",
  "area_IT_MT": "Matera (Basilicata)",
  "area_IT_ME": "Messina (Sycylia)",
  "area_IT_MI": "Mediolan (Lombardia)",
  "area_IT_MO": "Modena (Emilia-Romania)",
  "area_IT_NA": "Neapol (Kampania)",
  "area_IT_NO": "Novara (Piemont)",
  "area_IT_NU": "Nuoro (Sardynia)",
  "area_IT_OT": "Olbia-Tempio (Sardynia)",
  "area_IT_OR": "Oristano (Sardynia)",
  "area_IT_PD": "Padwa (Wenecja Euganejska)",
  "area_IT_PA": "Palermo (Sycylia)",
  "area_IT_PR": "Parma (Emilia-Romania)",
  "area_IT_PV": "Pawia (Lombardia)",
  "area_IT_PG": "Perugia (Umbria)",
  "area_IT_PU": "Pesaro i Urbino (Marche)",
  "area_IT_PE": "Pescara (Abruzja)",
  "area_IT_PC": "Piacenza (Emilia-Romania)",
  "area_IT_PI": "Piza (Toskania)",
  "area_IT_PT": "Pistoia (Toskania)",
  "area_IT_PN": "Pordenone (Friuli-Wenecja Julijska)",
  "area_IT_PZ": "Potenza (Basilicata)",
  "area_IT_PO": "Prato (Toskania)",
  "area_IT_RG": "Ragusa (Sycylia)",
  "area_IT_RA": "Ravenna (Emilia-Romania)",
  "area_IT_RC": "Reggio Calabria (Kalabria)",
  "area_IT_RE": "Reggio Emilia (Emilia-Romania)",
  "area_IT_RI": "Rieti (Lazio)",
  "area_IT_RN": "Rimini (Emilia-Romania)",
  "area_IT_RM": "Rzym (Lazio)",
  "area_IT_RO": "Rovigo (Wenecja Euganejska)",
  "area_IT_SA": "Salerno (Kampania)",
  "area_IT_VS": "Medio Campidano (Sardynia)",
  "area_IT_SS": "Sassari (Sardynia)",
  "area_IT_SV": "Savona (Liguria)",
  "area_IT_SI": "Siena (Toskania)",
  "area_IT_SR": "Syrakuzy (Sycylia)",
  "area_IT_SO": "Sondrio (Lombardia)",
  "area_IT_TA": "Taranto (Apulia)",
  "area_IT_TE": "Teramo (Abruzja)",
  "area_IT_TR": "Terni (Umbria)",
  "area_IT_TO": "Turyn (Piemont)",
  "area_IT_OG": "Ogliastra (Sardynia)",
  "area_IT_TP": "Trapani (Sycylia)",
  "area_IT_TN": "Trydent (Trydent-Górna Adyga)",
  "area_IT_TV": "Treviso (Wenecja Euganejska)",
  "area_IT_TS": "Triest (Friuli-Wenecja Julijska)",
  "area_IT_UD": "Udine (Friuli-Wenecja Julijska)",
  "area_IT_VA": "Varese (Lombardia)",
  "area_IT_VE": "Wenecja (Wenecja Euganejska)",
  "area_IT_VB": "Verbano-Cusio-Ossola (Piemont)",
  "area_IT_VC": "Vercelli (Piemont)",
  "area_IT_VR": "Werona (Wenecja Euganejska)",
  "area_IT_VV": "Vibo Valentia (Kalabria)",
  "area_IT_VI": "Vicenza (Wenecja Euganejska)",
  "area_IT_VT": "Viterbo (Lazio)",
  "area_IT_BT": "Barletta-Andria-Trani (Apulia)",
  "area_IT_FM": "Fermo (Marche)",
  "area_IT_MB": "Monza E Brianza (Lombardia)",
  "area_IN_IN-AN": "Andamany i Nikobary ",
  "area_IN_IN-AP": "Andhra Pradesh",
  "area_IN_IN-AR": "Arunachal Pradesh",
  "area_IN_IN-AS": "Assam",
  "area_IN_IN-BR": "Bihar",
  "area_IN_IN-CH": "Czandigarh",
  "area_IN_IN-CT": "Chantigarh",
  "area_IN_IN-DH": "Dadra i Nagar Haveli oraz Daman i Diu",
  "area_IN_IN-DL": "Delhi",
  "area_IN_IN-GA": "Goa",
  "area_IN_IN-GJ": "Gudżarat",
  "area_IN_IN-HP": "Himachal Pradesh",
  "area_IN_IN-HR": "Hariana",
  "area_IN_IN-JH": "Jharkhand ",
  "area_IN_IN-JK": "Dżammu i Kaszmir",
  "area_IN_IN-KA": "Karnataka",
  "area_IN_IN-KL": "Kerala",
  "area_IN_IN-LA": "Ladakh",
  "area_IN_IN-LD": "Lakszadiwy",
  "area_IN_IN-MH": "Maharasztra",
  "area_IN_IN-ML": "Meghalaya",
  "area_IN_IN-MN": "Manipur",
  "area_IN_IN-MP": "Madhya Pradesh",
  "area_IN_IN-MZ": "Mizoram",
  "area_IN_IN-NL": "Nagaland",
  "area_IN_IN-OR": "Odisha",
  "area_IN_IN-PB": "Pendżab",
  "area_IN_IN-PY": "Puducherry",
  "area_IN_IN-RJ": "Radżastan",
  "area_IN_IN-SK": "Sikkim",
  "area_IN_IN-TG": "Telangana",
  "area_IN_IN-TN": "Tamilnadu",
  "area_IN_IN-TR": "Tripura",
  "area_IN_IN-UP": "Uttar Pradesh",
  "area_IN_IN-UT": "Uttarakhand",
  "area_IN_IN-WB": "Bengal Zachodni "
}
