{
  "area_AU_NSW": "Nuovo Galles del Sud",
  "area_AU_QLD": "Queensland",
  "area_AU_SA": "Australia Meridionale",
  "area_AU_TAS": "Tasmania",
  "area_AU_VIC": "Victoria",
  "area_AU_WA": "Australia Occidentale",
  "area_AU_ACT": "Territorio della Capitale Australiana",
  "area_AU_NT": "Territorio del Nord",
  "area_WE_AL": "Alabama",
  "area_WE_AK": "Alaska",
  "area_WE_AZ": "Arizona",
  "area_WE_AR": "Arkansas",
  "area_WE_CA": "California",
  "area_WE_CO": "Colorado",
  "area_WE_CT": "Connecticut",
  "area_WE_DE": "Delaware",
  "area_WE_DC": "Distretto di Columbia",
  "area_WE_FL": "Florida",
  "area_WE_GA": "Georgia",
  "area_WE_HI": "Hawaii",
  "area_WE_ID": "Idaho",
  "area_WE_IL": "Illinois",
  "area_WE_IN": "Indiana",
  "area_WE_IA": "Iowa",
  "area_WE_KS": "Kansas",
  "area_WE_KY": "Kentucky",
  "area_WE_LA": "Louisiana",
  "area_WE_ME": "Maine",
  "area_WE_MD": "Maryland",
  "area_WE_MA": "Massachusetts",
  "area_WE_MI": "Michigan",
  "area_WE_MN": "Minnesota",
  "area_WE_MS": "Mississippi",
  "area_WE_MO": "Missouri",
  "area_WE_MT": "Montana",
  "area_WE_NE": "Nebraska",
  "area_WE_NV": "Nevada",
  "area_WE_NH": "New Hampshire",
  "area_WE_NJ": "New Jersey",
  "area_WE_NM": "Nuovo Messico",
  "area_WE_NY": "New York",
  "area_WE_NC": "Carolina del Nord",
  "area_WE_ND": "Dakota del Nord",
  "area_WE_OH": "Ohio",
  "area_WE_OK": "Oklahoma",
  "area_WE_OR": "Oregon",
  "area_WE_PA": "Pennsylvania",
  "area_WE_RI": "Rhode Island",
  "area_WE_SC": "Carolina del Sud",
  "area_WE_SD": "Dakota del Sud",
  "area_WE_TN": "Tennessee",
  "area_WE_TX": "Texas",
  "area_WE_UT": "Utah",
  "area_WE_VT": "Vermont",
  "area_WE_VA": "Virginia",
  "area_WE_WA": "Washington",
  "area_WE_WV": "Virginia Occidentale",
  "area_WE_WI": "Wisconsin",
  "area_WE_WY": "Wyoming",
  "area_US_AL": "Alabama",
  "area_US_AK": "Alaska",
  "area_US_AZ": "Arizona",
  "area_US_AR": "Arkansas",
  "area_US_CA": "California",
  "area_US_CO": "Colorado",
  "area_US_CT": "Connecticut",
  "area_US_DE": "Delaware",
  "area_US_DC": "Distretto di Columbia",
  "area_US_FL": "Florida",
  "area_US_GA": "Georgia",
  "area_US_HI": "Hawaii",
  "area_US_ID": "Idaho",
  "area_US_IL": "Illinois",
  "area_US_IN": "Indiana",
  "area_US_IA": "Iowa",
  "area_US_KS": "Kansas",
  "area_US_KY": "Kentucky",
  "area_US_LA": "Louisiana",
  "area_US_ME": "Maine",
  "area_US_MD": "Maryland",
  "area_US_MA": "Massachusetts",
  "area_US_MI": "Michigan",
  "area_US_MN": "Minnesota",
  "area_US_MS": "Mississippi",
  "area_US_MO": "Missouri",
  "area_US_MT": "Montana",
  "area_US_NE": "Nebraska",
  "area_US_NV": "Nevada",
  "area_US_NH": "New Hampshire",
  "area_US_NJ": "New Jersey",
  "area_US_NM": "Nuovo Messico",
  "area_US_NY": "New York",
  "area_US_NC": "Carolina del Nord",
  "area_US_ND": "Dakota del Nord",
  "area_US_OH": "Ohio",
  "area_US_OK": "Oklahoma",
  "area_US_OR": "Oregon",
  "area_US_PA": "Pennsylvania",
  "area_US_RI": "Rhode Island",
  "area_US_SC": "Carolina del Sud",
  "area_US_SD": "Dakota del Sud",
  "area_US_TN": "Tennessee",
  "area_US_TX": "Texas",
  "area_US_UT": "Utah",
  "area_US_VT": "Vermont",
  "area_US_VA": "Virginia",
  "area_US_WA": "Washington",
  "area_US_WV": "Virginia Occidentale",
  "area_US_WI": "Wisconsin",
  "area_US_WY": "Wyoming",
  "area_IE_CW": "Carlow",
  "area_IE_CN": "Cavan",
  "area_IE_CE": "Clare",
  "area_IE_CO": "Cork",
  "area_IE_DL": "Donegal",
  "area_IE_D": "Dublino",
  "area_IE_G": "Galway",
  "area_IE_KY": "Kerry",
  "area_IE_KE": "Kildare",
  "area_IE_KK": "Kilkenny",
  "area_IE_LS": "Laois",
  "area_IE_LM": "Leitrim",
  "area_IE_LK": "Limerick",
  "area_IE_LD": "Longford",
  "area_IE_LH": "Louth",
  "area_IE_MO": "Mayo",
  "area_IE_MH": "Meath",
  "area_IE_MN": "Monaghan",
  "area_IE_OY": "Offaly",
  "area_IE_RN": "Roscommon",
  "area_IE_SO": "Sligo",
  "area_IE_TA": "Tipperary",
  "area_IE_WD": "Waterford",
  "area_IE_WH": "Westmeath",
  "area_IE_WW": "Wexford",
  "area_IE_WX": "Wicklow",
  "area_IE_D1": "Dublin 1",
  "area_IE_D2": "Dublin 2",
  "area_IE_D3": "Dublin 3",
  "area_IE_D4": "Dublin 4",
  "area_IE_D5": "Dublin 5",
  "area_IE_D6": "Dublin 6",
  "area_IE_D7": "Dublin 7",
  "area_IE_D8": "Dublin 8",
  "area_IE_D9": "Dublin 9",
  "area_IE_D10": "Dublin 10",
  "area_IE_D11": "Dublin 11",
  "area_IE_D12": "Dublin 12",
  "area_IE_D13": "Dublin 13",
  "area_IE_D14": "Dublin 14",
  "area_IE_D15": "Dublin 15",
  "area_IE_D16": "Dublin 16",
  "area_IE_D17": "Dublin 17",
  "area_IE_D18": "Dublin 18",
  "area_IE_D19": "Dublin 19",
  "area_IE_D20": "Dublin 20",
  "area_IE_D21": "Dublin 21",
  "area_IE_D22": "Dublin 22",
  "area_IE_D23": "Dublin 23",
  "area_IE_D24": "Dublin 24",
  "area_CA_AB": "Alberta",
  "area_CA_BC": "Columbia Britannica",
  "area_CA_MB": "Manitoba",
  "area_CA_NB": "Nuovo Brunswick",
  "area_CA_NL": "Terranova e Labrador",
  "area_CA_NS": "Nuova Scozia",
  "area_CA_NT": "Territori del Nord-Ovest",
  "area_CA_NU": "Nunavut",
  "area_CA_ON": "Ontario",
  "area_CA_PE": "Isola del Principe Edoardo",
  "area_CA_QC": "Quebec",
  "area_CA_SK": "Saskatchewan",
  "area_CA_YT": "Yukon",
  "area_ES_01": "Álava",
  "area_ES_02": "Albacete",
  "area_ES_03": "Alicante",
  "area_ES_04": "Almería",
  "area_ES_05": "Ávila",
  "area_ES_06": "Badajoz",
  "area_ES_07": "Isole Baleari",
  "area_ES_08": "Barcellona",
  "area_ES_09": "Burgos",
  "area_ES_10": "Cáceres",
  "area_ES_11": "Cadice",
  "area_ES_12": "Castellón",
  "area_ES_13": "Ciudad Real",
  "area_ES_14": "Cordova",
  "area_ES_15": "La Coruña",
  "area_ES_16": "Cuenca",
  "area_ES_17": "Girona",
  "area_ES_18": "Granada",
  "area_ES_19": "Guadalajara",
  "area_ES_20": "Guipúzcoa",
  "area_ES_21": "Huelva",
  "area_ES_22": "Huesca",
  "area_ES_23": "Jaén",
  "area_ES_24": "León",
  "area_ES_25": "Lleida",
  "area_ES_26": "La Rioja",
  "area_ES_27": "Lugo",
  "area_ES_28": "Madrid",
  "area_ES_29": "Malaga",
  "area_ES_30": "Murcia",
  "area_ES_31": "Navarra",
  "area_ES_32": "Orense",
  "area_ES_33": "Asturie",
  "area_ES_34": "Palencia",
  "area_ES_35": "Las Palmas",
  "area_ES_36": "Pontevedra",
  "area_ES_37": "Salamanca",
  "area_ES_38": "Santa Cruz de Tenerife",
  "area_ES_39": "Cantabria",
  "area_ES_40": "Segovia",
  "area_ES_41": "Siviglia",
  "area_ES_42": "Soria",
  "area_ES_43": "Tarragona",
  "area_ES_44": "Teruel",
  "area_ES_45": "Toledo",
  "area_ES_46": "Valencia",
  "area_ES_47": "Valladolid",
  "area_ES_48": "Biscaglia",
  "area_ES_49": "Zamora",
  "area_ES_50": "Saragozza",
  "area_ES_51": "Ceuta",
  "area_ES_52": "Melilla",
  "area_QC_AB": "Alberta",
  "area_QC_BC": "Columbia Britannica",
  "area_QC_MB": "Manitoba",
  "area_QC_NB": "Nuovo Brunswick",
  "area_QC_NL": "Terranova e Labrador",
  "area_QC_NS": "Nuova Scozia",
  "area_QC_NT": "Territori del Nord-Ovest",
  "area_QC_NU": "Nunavut",
  "area_QC_ON": "Ontario",
  "area_QC_PE": "Isola del Principe Edoardo",
  "area_QC_QC": "Québec",
  "area_QC_SK": "Saskatchewan",
  "area_QC_YT": "Yukon",
  "area_IT_AG": "Agrigento (Sicilia)",
  "area_IT_AL": "Alessandria (Piemonte)",
  "area_IT_AN": "Ancona (Marche)",
  "area_IT_AO": "Aosta (Valle d'Aosta)",
  "area_IT_AR": "Arezzo (Toscana)",
  "area_IT_AP": "Ascoli Piceno (Marche)",
  "area_IT_AT": "Asti (Piemonte)",
  "area_IT_AV": "Avellino (Campania)",
  "area_IT_BA": "Bari (Puglia)",
  "area_IT_BL": "Belluno (Veneto)",
  "area_IT_BN": "Benevento (Campania)",
  "area_IT_BG": "Bergamo (Lombardia)",
  "area_IT_BI": "Biella (Piemonte)",
  "area_IT_BO": "Bologna (Emilia-Romagna)",
  "area_IT_BZ": "Bolzano (Trentino-Alto Adige)",
  "area_IT_BS": "Brescia (Lombardia)",
  "area_IT_BR": "Brindisi (Puglia)",
  "area_IT_CA": "Cagliari (Sardegna)",
  "area_IT_CL": "Caltanissetta (Sicilia)",
  "area_IT_CB": "Campobasso (Molise)",
  "area_IT_CI": "Carbonia-Iglesias (Sardegna)",
  "area_IT_CE": "Caserta (Campania)",
  "area_IT_CT": "Catania (Sicilia)",
  "area_IT_CZ": "Catanzaro (Calabria)",
  "area_IT_CH": "Chieti (Abruzzo)",
  "area_IT_CO": "Como (Lombardia)",
  "area_IT_CS": "Cosenza (Calabria)",
  "area_IT_CR": "Cremona (Lombardia)",
  "area_IT_KR": "Crotone (Calabria)",
  "area_IT_CN": "Cuneo (Piemonte)",
  "area_IT_EN": "Enna (Sicilia)",
  "area_IT_FE": "Ferrara (Emilia-Romagna)",
  "area_IT_FI": "Firenze (Toscana)",
  "area_IT_FG": "Foggia (Puglia)",
  "area_IT_FC": "Forlì-Cesena (Emilia-Romagna)",
  "area_IT_FR": "Frosinone (Lazio)",
  "area_IT_GE": "Genova (Liguria)",
  "area_IT_GO": "Gorizia (Friuli-Venezia Giulia)",
  "area_IT_GR": "Grosseto (Toscana)",
  "area_IT_IM": "Imperia (Liguria)",
  "area_IT_IS": "Isernia (Molise)",
  "area_IT_SP": "La Spezia (Liguria)",
  "area_IT_AQ": "L'Aquila (Abruzzo)",
  "area_IT_LT": "Latina (Lazio)",
  "area_IT_LE": "Lecce (Puglia)",
  "area_IT_LC": "Lecco (Lombardia)",
  "area_IT_LI": "Livorno (Toscana)",
  "area_IT_LO": "Lodi (Lombardia)",
  "area_IT_LU": "Lucca (Toscana)",
  "area_IT_MC": "Macerata (Marche)",
  "area_IT_MN": "Mantova (Lombardia)",
  "area_IT_MS": "Massa-Carrara (Toscana)",
  "area_IT_MT": "Matera (Basilicata)",
  "area_IT_ME": "Messina (Sicilia)",
  "area_IT_MI": "Milano (Lombardia)",
  "area_IT_MO": "Modena (Emilia-Romagna)",
  "area_IT_NA": "Napoli (Campania)",
  "area_IT_NO": "Novara (Piemonte)",
  "area_IT_NU": "Nuoro (Sardegna)",
  "area_IT_OT": "Olbia-Tempio (Sardegna)",
  "area_IT_OR": "Oristano (Sardegna)",
  "area_IT_PD": "Padova (Veneto)",
  "area_IT_PA": "Palermo (Sicilia)",
  "area_IT_PR": "Parma (Emilia-Romagna)",
  "area_IT_PV": "Pavia (Lombardia)",
  "area_IT_PG": "Perugia (Umbria)",
  "area_IT_PU": "Pesaro e Urbino (Marche)",
  "area_IT_PE": "Pescara (Abruzzo)",
  "area_IT_PC": "Piacenza (Emilia-Romagna)",
  "area_IT_PI": "Pisa (Toscana)",
  "area_IT_PT": "Pistoia (Toscana)",
  "area_IT_PN": "Pordenone (Friuli-Venezia Giulia)",
  "area_IT_PZ": "Potenza (Basilicata)",
  "area_IT_PO": "Prato (Toscana)",
  "area_IT_RG": "Ragusa (Sicilia)",
  "area_IT_RA": "Ravenna (Emilia-Romagna)",
  "area_IT_RC": "Reggio Calabria (Calabria)",
  "area_IT_RE": "Reggio Emilia (Emilia-Romagna)",
  "area_IT_RI": "Rieti (Lazio)",
  "area_IT_RN": "Rimini (Emilia-Romagna)",
  "area_IT_RM": "Roma (Lazio)",
  "area_IT_RO": "Rovigo (Veneto)",
  "area_IT_SA": "Salerno (Campania)",
  "area_IT_VS": "Medio Campidano (Sardegna)",
  "area_IT_SS": "Sassari (Sardegna)",
  "area_IT_SV": "Savona (Liguria)",
  "area_IT_SI": "Siena (Toscana)",
  "area_IT_SR": "Siracusa (Sicilia)",
  "area_IT_SO": "Sondrio (Lombardia)",
  "area_IT_TA": "Taranto (Puglia)",
  "area_IT_TE": "Teramo (Abruzzo)",
  "area_IT_TR": "Terni (Umbria)",
  "area_IT_TO": "Torino (Piemonte)",
  "area_IT_OG": "Ogliastra (Sardegna)",
  "area_IT_TP": "Trapani (Sicilia)",
  "area_IT_TN": "Trento (Trentino-Alto Adige)",
  "area_IT_TV": "Treviso (Veneto)",
  "area_IT_TS": "Trieste (Friuli-Venezia Giulia)",
  "area_IT_UD": "Udine (Friuli-Venezia Giulia)",
  "area_IT_VA": "Varese (Lombardia)",
  "area_IT_VE": "Venezia (Veneto)",
  "area_IT_VB": "Verbano-Cusio-Ossola (Piemonte)",
  "area_IT_VC": "Vercelli (Piemonte)",
  "area_IT_VR": "Verona (Veneto)",
  "area_IT_VV": "Vibo Valentia (Calabria)",
  "area_IT_VI": "Vicenza (Veneto)",
  "area_IT_VT": "Viterbo (Lazio)",
  "area_IT_BT": "Barletta-Andria-Trani (Puglia)",
  "area_IT_FM": "Fermo (Marche)",
  "area_IT_MB": "Monza e Brianza (Lombardia)",
  "area_IN_IN-AN": "Andamane e Nicobare",
  "area_IN_IN-AP": "Andhra Pradesh",
  "area_IN_IN-AR": "Arunachal Pradesh",
  "area_IN_IN-AS": "Assam",
  "area_IN_IN-BR": "Bihar",
  "area_IN_IN-CH": "Chandigarh",
  "area_IN_IN-CT": "Chhattisgarh",
  "area_IN_IN-DH": "Dadra e Nagar Haveli e Daman e Diu",
  "area_IN_IN-DL": "Delhi",
  "area_IN_IN-GA": "Goa",
  "area_IN_IN-GJ": "Gujarat",
  "area_IN_IN-HP": "Himachal Pradesh",
  "area_IN_IN-HR": "Haryana",
  "area_IN_IN-JH": "Jharkhand",
  "area_IN_IN-JK": "Jammu e Kashmir",
  "area_IN_IN-KA": "Karnataka",
  "area_IN_IN-KL": "Kerala",
  "area_IN_IN-LA": "Ladakh",
  "area_IN_IN-LD": "Laccadive",
  "area_IN_IN-MH": "Maharashtra",
  "area_IN_IN-ML": "Meghalaya",
  "area_IN_IN-MN": "Manipur",
  "area_IN_IN-MP": "Madhya Pradesh",
  "area_IN_IN-MZ": "Mizoram",
  "area_IN_IN-NL": "Nagaland",
  "area_IN_IN-OR": "Orissa",
  "area_IN_IN-PB": "Punjab",
  "area_IN_IN-PY": "Pondicherry",
  "area_IN_IN-RJ": "Rajasthan",
  "area_IN_IN-SK": "Sikkim",
  "area_IN_IN-TG": "Telangana",
  "area_IN_IN-TN": "Tamil Nadu",
  "area_IN_IN-TR": "Tripura",
  "area_IN_IN-UP": "Uttar Pradesh",
  "area_IN_IN-UT": "Uttarakhand",
  "area_IN_IN-WB": "Bengala Occidentale"
}
