{
  "AG": "Agrigento (Sizilien)",
  "AL": "Alessandria (Piemont)",
  "AN": "Ancona (Marken)",
  "AO": "Aosta (Aostatal)",
  "AR": "Arezzo (Toskana)",
  "AP": "Ascoli Piceno (Marken)",
  "AT": "Asti (Piemont)",
  "AV": "Avellino (Kampanien)",
  "BA": "Bari (Apulien)",
  "BL": "Belluno (Venetien)",
  "BN": "Benevento (Kampanien)",
  "BG": "Bergamo (Lombardei)",
  "BI": "Biella (Piemont)",
  "BO": "Bologna (Emilia-Romagna)",
  "BZ": "Bolzano (Trentino-Südtirol)",
  "BS": "Brescia (Lombardei)",
  "BR": "Brindisi (Apulien)",
  "CA": "Cagliari (Sardinien)",
  "CL": "Caltanissetta (Sizilien)",
  "CB": "Campobasso (Molise)",
  "CI": "Carbonia-Iglesias (Sardinien)",
  "CE": "Caserta (Kampanien)",
  "CT": "Catania (Sizilien)",
  "CZ": "Catanzaro (Kalabrien)",
  "CH": "Chieti (Abruzzen)",
  "CO": "Como (Lombardei)",
  "CS": "Cosenza (Kalabrien)",
  "CR": "Cremona (Lombardei)",
  "KR": "Crotone (Kalabrien)",
  "CN": "Cuneo (Piemont)",
  "EN": "Enna (Sizilien)",
  "FE": "Ferrara (Emilia-Romagna)",
  "FI": "Firenze (Toskana)",
  "FG": "Foggia (Apulien)",
  "FC": "Forlì-Cesena (Emilia-Romagna)",
  "FR": "Frosinone (Latium)",
  "GE": "Genua (Ligurien)",
  "GO": "Görz (Friaul-Julisch Venetien)",
  "GR": "Grosseto (Toskana)",
  "IM": "Imperia (Ligurien)",
  "IS": "Isernia (Molise)",
  "SP": "La Spezia (Ligurien)",
  "AQ": "L'Aquila (Abruzzen)",
  "LT": "Latina (Latium)",
  "LE": "Lecce (Apulien)",
  "LC": "Lecco (Lombardei)",
  "LI": "Livorno (Toskana)",
  "LO": "Lodi (Lombardei)",
  "LU": "Lucca (Toskana)",
  "MC": "Macerata (Marken)",
  "MN": "Mantova (Lombardei)",
  "MS": "Massa-Carrara (Toskana)",
  "MT": "Matera (Basilikata)",
  "ME": "Messina (Sizilien)",
  "MI": "Mailand (Lombardei)",
  "MO": "Modena (Emilia-Romagna)",
  "NA": "Neapel (Kampanien)",
  "NO": "Novara (Piemont)",
  "NU": "Nuoro (Sardinien)",
  "OT": "Olbia-Tempio (Sardinien)",
  "OR": "Oristano (Sardinien)",
  "PD": "Padova (Venetien)",
  "PA": "Palermo (Sizilien)",
  "PR": "Parma (Emilia-Romagna)",
  "PV": "Pavia (Lombardei)",
  "PG": "Perugia (Umbrien)",
  "PU": "Pesaro und Urbino (Marken)",
  "PE": "Pescara (Abruzzen)",
  "PC": "Piacenza (Emilia-Romagna)",
  "PI": "Pisa (Toskana)",
  "PT": "Pistoia (Toskana)",
  "PN": "Pordenone (Friaul-Julisch Venetien)",
  "PZ": "Potenza (Basilikata)",
  "PO": "Prato (Toskana)",
  "RG": "Ragusa (Sizilien)",
  "RA": "Ravenna (Emilia-Romagna)",
  "RC": "Reggio Calabria (Kalabrien)",
  "RE": "Reggio Emilia (Emilia-Romagna)",
  "RI": "Rieti (Latium)",
  "RN": "Rimini (Emilia-Romagna)",
  "RM": "Roma (Latium)",
  "RO": "Rovigo (Venetien)",
  "SA": "Salerno (Kampanien)",
  "VS": "Medio Campidano (Sardinien)",
  "SS": "Sassari (Sardinien)",
  "SV": "Savona (Ligurien)",
  "SI": "Siena (Toskana)",
  "SR": "Siracusa (Sizilien)",
  "SO": "Sondrio (Lombardei)",
  "TA": "Tarent (Apulien)",
  "TE": "Teramo (Abruzzen)",
  "TR": "Terni (Umbrien)",
  "TO": "Torino (Piemont)",
  "OG": "Ogliastra (Sardinien)",
  "TP": "Trapani (Sizilien)",
  "TN": "Trient (Trentino-Südtirol)",
  "TV": "Treviso (Venetien)",
  "TS": "Trieste (Friaul-Julisch Venetien)",
  "UD": "Udine (Friaul-Julisch Venetien)",
  "VA": "Varese (Lombardei)",
  "VE": "Venezia (Venetien)",
  "VB": "Verbano-Cusio-Ossola (Piemont)",
  "VC": "Vercelli (Piemont)",
  "VR": "Verona (Venetien)",
  "VV": "Vibo Valentia (Kalabrien)",
  "VI": "Vicenza (Venetien)",
  "VT": "Viterbo (Latium)",
  "BT": "Barletta-Andria-Trani (Apulien)",
  "FM": "Fermo (Marken)",
  "MB": "Monza E Brianza (Lombardei)"
}
