{
  "signup_submit": "Stwórz konto",
  "signup_submit_error": "Wystąpił błąd podczas zakładania konta.",
  "signup_not_mandatory_field": "(opcjonalnie)",
  "signup_email_in_use": "Ten adres e-mail jest już przypisany do konta klienta w OVH.",
  "signup_password_invalid": "Musi zawierać przynajmniej jedną cyfrę, jedną wielką literę, jedną małą literę. Musi mieć 8 znaków lub więcej.",
  "signup_section_account": "Twoje konto",
  "signup_section_personal": "Dane osobowe",
  "signup_section_contact": "Twoje dane adresowe",
  "signup_section_other": "Dodatkowe informacje",
  "signup_field_date_placeholder": "rrrr-mm-dd",
  "signup_field_date_calendar": "Wybierz datę",
  "signup_field_legalform": "Typ konta",
  "signup_field_country": "Kraj",
  "signup_field_language": "Język",
  "signup_field_firstname": "Imię",
  "signup_field_name": "Nazwisko",
  "signup_field_email": "E-mail",
  "signup_field_commercialCommunicationsApproval": "Wyrażam zgodę na otrzymywanie wiadomości dotyczących produktów OVH.",
  "signup_field_password": "Hasło",
  "signup_field_corporationType": "Typ działalności",
  "signup_field_organisation": "Organizacja",
  "signup_field_companyNationalIdentificationNumber": "Numer identyfikacji podatkowej firmy",
  "signup_field_sex": "Płeć",
  "signup_field_vat": "NIP",
  "signup_field_address": "Adres",
  "signup_field_area": "Województwo",
  "signup_field_state": "Stan",
  "signup_field_zip": "Kod pocztowy",
  "signup_field_city": "Miasto",
  "signup_field_birthDay": "Data urodzenia",
  "signup_field_birthCity": "Miejsce urodzenia",
  "signup_field_nationalIdentificationNumber": "Krajowy numer identyfikacyjny",
  "signup_field_phone": "Numer telefonu",
  "signup_field_fax": "Faks",
  "signup_field_spareEmail": "E-mail zapasowy",
  "signup_field_ovhCompany": "Grupa",
  "signup_field_ovhSubsidiary": "Oddział OVH",
  "signup_field_timezone": "Strefa czasowa",
  "signup_field_customerCode": "Kod klienta",
  "signup_field_italianSDI": "Numer SDI",
  "signup_enum_legalform_association": "Stowarzyszenie",
  "signup_enum_legalform_corporation": "Firma",
  "signup_enum_legalform_personalcorporation": "Spółka jednoosobowa",
  "signup_enum_legalform_individual": "Osoba fizyczna",
  "signup_enum_legalform_administration": "Administracja",
  "signup_enum_legalform_other": "Inne",
  "signup_enum_ovhCompany_kimsufi": "Kimsufi",
  "signup_enum_ovhCompany_ovh": "OVH",
  "signup_enum_ovhCompany_soyoustart": "So you Start",
  "signup_enum_sex_female": "Kobieta",
  "signup_enum_sex_male": "Mężczyzna",
  "signup_enum_corporationType_sapa": "SAPA",
  "signup_enum_corporationType_sas": "S.A.",
  "signup_enum_corporationType_scarl": "Sp. z o. o.",
  "signup_enum_corporationType_snc": "Sp. jawna",
  "signup_enum_corporationType_spa": "S.A.",
  "signup_enum_corporationType_srl": "Sp. z o. o.",
  "signup_enum_corporationType_ss": "SS",
  "signup_enum_corporationType_personnelle": "Do użytku domowego",
  "signup_enum_language_de_DE": "Niemiecki",
  "signup_enum_language_en_GB": "Angielski",
  "signup_enum_language_en_AU": "Angielski (Australia)",
  "signup_enum_language_en_US": "Angielski (Stany Zjednoczone)",
  "signup_enum_language_en_CA": "Angielski (Kanada)",
  "signup_enum_language_es_ES": "Hiszpański",
  "signup_enum_language_fr_FR": "Francuski",
  "signup_enum_language_fr_CA": "Francuski (Kanadyjski)",
  "signup_enum_language_fr_MA": "Francuski (Maroko)",
  "signup_enum_language_fr_SN": "Francuski (Senegal)",
  "signup_enum_language_fr_TN": "Francuski (Tunezja)",
  "signup_enum_language_pl_PL": "Polski",
  "signup_enum_language_cs_CZ": "Czeski",
  "signup_enum_language_fi_FI": "Fiński",
  "signup_enum_language_en_IE": "Irlandzki",
  "signup_enum_language_it_IT": "Włoski",
  "signup_enum_language_lt_LT": "Litewski",
  "signup_enum_language_nl_NL": "Holenderski",
  "signup_enum_language_pt_PT": "Portugalski",
  "signup_enum_ovhSubsidiary_ASIA": "Azja",
  "signup_enum_ovhSubsidiary_AU": "Australia",
  "signup_enum_ovhSubsidiary_CA": "Kanada",
  "signup_enum_ovhSubsidiary_CZ": "Czechy",
  "signup_enum_ovhSubsidiary_DE": "Niemcy",
  "signup_enum_ovhSubsidiary_ES": "Hiszpania",
  "signup_enum_ovhSubsidiary_EU": "Europa",
  "signup_enum_ovhSubsidiary_FI": "Finlandia",
  "signup_enum_ovhSubsidiary_FR": "Francja",
  "signup_enum_ovhSubsidiary_GB": "Wielka Brytania",
  "signup_enum_ovhSubsidiary_IE": "Irlandia",
  "signup_enum_ovhSubsidiary_IT": "Włochy",
  "signup_enum_ovhSubsidiary_LT": "Litwa",
  "signup_enum_ovhSubsidiary_LTE": "Litwa",
  "signup_enum_ovhSubsidiary_MA": "Maroko",
  "signup_enum_ovhSubsidiary_NL": "Holandia",
  "signup_enum_ovhSubsidiary_PL": "Polska",
  "signup_enum_ovhSubsidiary_PT": "Portugalia",
  "signup_enum_ovhSubsidiary_QC": "Quebec",
  "signup_enum_ovhSubsidiary_SG": "Singapur",
  "signup_enum_ovhSubsidiary_SN": "Senegal",
  "signup_enum_ovhSubsidiary_TN": "Tunezja",
  "signup_enum_ovhSubsidiary_US": "Stany Zjednoczone",
  "signup_enum_ovhSubsidiary_WE": "Stany Zjednoczone",
  "signup_enum_ovhSubsidiary_WS": "Ameryka Łacińska",
  "signup_enum_country_AD": "Andora",
  "signup_enum_country_AE": "Zjednoczone Emiraty Arabskie",
  "signup_enum_country_AF": "Afganistan",
  "signup_enum_country_AG": "Antigua i Barbuda",
  "signup_enum_country_AI": "Anguilla",
  "signup_enum_country_AL": "Albania",
  "signup_enum_country_AM": "Armenia",
  "signup_enum_country_AO": "Angola",
  "signup_enum_country_AR": "Argentyna",
  "signup_enum_country_AS": "Samoa Amerykańskie",
  "signup_enum_country_AT": "Austria",
  "signup_enum_country_AU": "Australia",
  "signup_enum_country_AW": "Aruba",
  "signup_enum_country_AX": "Wyspy Alandzkie",
  "signup_enum_country_AZ": "Azerbejdżan",
  "signup_enum_country_BA": "Bośnia i Hercegowina",
  "signup_enum_country_BB": "Barbados",
  "signup_enum_country_BD": "Bangladesz",
  "signup_enum_country_BE": "Belgia",
  "signup_enum_country_BF": "Burkina Faso",
  "signup_enum_country_BG": "Bułgaria",
  "signup_enum_country_BH": "Bahrajn",
  "signup_enum_country_BI": "Burundi",
  "signup_enum_country_BJ": "Benin",
  "signup_enum_country_BL": "Saint Barthelemy",
  "signup_enum_country_BM": "Bermudy",
  "signup_enum_country_BN": "Brunei Darussalam",
  "signup_enum_country_BO": "Boliwia",
  "signup_enum_country_BQ": "Karaiby",
  "signup_enum_country_BR": "Brazylia",
  "signup_enum_country_BS": "Bahamy",
  "signup_enum_country_BT": "Bhoutan",
  "signup_enum_country_BW": "Botswana",
  "signup_enum_country_BY": "Białoruś",
  "signup_enum_country_BZ": "Belize",
  "signup_enum_country_CA": "Kanada",
  "signup_enum_country_CC": "Wyspy Kokosowe",
  "signup_enum_country_CD": "Demokratyczna Republika Kongo",
  "signup_enum_country_CF": "Republika Środkowoafrykańska",
  "signup_enum_country_CG": "Kongo",
  "signup_enum_country_CH": "Szwajcaria",
  "signup_enum_country_CI": "Wybrzeże Kości Słoniowej",
  "signup_enum_country_CK": "Wyspy Cooka",
  "signup_enum_country_CL": "Chile",
  "signup_enum_country_CM": "Kamerun",
  "signup_enum_country_CN": "Chiny",
  "signup_enum_country_CO": "Kolumbia",
  "signup_enum_country_CR": "Costa Rica",
  "signup_enum_country_CU": "Kuba",
  "signup_enum_country_CV": "Wyspy Zielonego Przylądka",
  "signup_enum_country_CW": "Curaçao",
  "signup_enum_country_CX": "Wyspa Bożego Narodzenia",
  "signup_enum_country_CY": "Cypr",
  "signup_enum_country_CZ": "Czechy",
  "signup_enum_country_DE": "Niemcy",
  "signup_enum_country_DJ": "Dżibuti",
  "signup_enum_country_DK": "Dania",
  "signup_enum_country_DM": "Dominika",
  "signup_enum_country_DO": "Dominikana, Republika",
  "signup_enum_country_DZ": "Algieria",
  "signup_enum_country_EC": "Ekwador",
  "signup_enum_country_EE": "Estonia",
  "signup_enum_country_EG": "Egipt",
  "signup_enum_country_EH": "Sahara Zachodnia",
  "signup_enum_country_ER": "Erytrea",
  "signup_enum_country_ES": "Hiszpania",
  "signup_enum_country_ET": "Etiopia",
  "signup_enum_country_FI": "Finlandia",
  "signup_enum_country_FJ": "Fidżi",
  "signup_enum_country_FK": "Falklandy",
  "signup_enum_country_FM": "Sfederowane Stany Mikronezji",
  "signup_enum_country_FO": "Wyspy Owcze",
  "signup_enum_country_FR": "Francja",
  "signup_enum_country_GA": "Gabon",
  "signup_enum_country_GB": "Wielka Brytania",
  "signup_enum_country_GD": "Grenada",
  "signup_enum_country_GE": "Gruzja",
  "signup_enum_country_GF": "Gujana Francuska",
  "signup_enum_country_GG": "Guernesey",
  "signup_enum_country_GH": "Ghana",
  "signup_enum_country_GI": "Gibraltar",
  "signup_enum_country_GL": "Grenlandia",
  "signup_enum_country_GM": "Gambia",
  "signup_enum_country_GN": "Gwinea",
  "signup_enum_country_GP": "Guadelupa",
  "signup_enum_country_GQ": "Gwinea Równikowa",
  "signup_enum_country_GR": "Grecja",
  "signup_enum_country_GS": "Georgia Południowa i Sandwich Południowy",
  "signup_enum_country_GT": "Gwatemala",
  "signup_enum_country_GU": "Guam",
  "signup_enum_country_GW": "Gwinea Bissau",
  "signup_enum_country_GY": "Gujana",
  "signup_enum_country_HK": "Hong-Kong",
  "signup_enum_country_HN": "Honduras",
  "signup_enum_country_HR": "Chorwacja",
  "signup_enum_country_HT": "Haiti",
  "signup_enum_country_HU": "Węgry",
  "signup_enum_country_ID": "Indonezja",
  "signup_enum_country_IE": "Irlandia",
  "signup_enum_country_IL": "Izrael",
  "signup_enum_country_IM": "Wyspa Man",
  "signup_enum_country_IN": "Indie",
  "signup_enum_country_IO": "Ocean Indyjski, Terytorium Brytyjskie",
  "signup_enum_country_IQ": "Irak",
  "signup_enum_country_IR": "Islamska Republika Iranu",
  "signup_enum_country_IS": "Islandia",
  "signup_enum_country_IT": "Włochy",
  "signup_enum_country_JE": "Jersey",
  "signup_enum_country_JM": "Jamajka",
  "signup_enum_country_JO": "Jordania",
  "signup_enum_country_JP": "Japonia",
  "signup_enum_country_KE": "Kenia",
  "signup_enum_country_KG": "Kirgistan",
  "signup_enum_country_KH": "Kambodża",
  "signup_enum_country_KI": "Kiribati",
  "signup_enum_country_KM": "Komory",
  "signup_enum_country_KN": "Saint-Kitts-Et-Nevis",
  "signup_enum_country_KP": "Korea, Demokratyczna Republika Ludowa",
  "signup_enum_country_KR": "Korea Południowa",
  "signup_enum_country_KW": "Kuwejt",
  "signup_enum_country_KY": "Kajmany, Wyspy",
  "signup_enum_country_KZ": "Kazachstan",
  "signup_enum_country_LA": "Laos, Republika Ludowo-Demokratyczna",
  "signup_enum_country_LB": "Liban",
  "signup_enum_country_LC": "Sainte-Lucie",
  "signup_enum_country_LI": "Liechtenstein",
  "signup_enum_country_LK": "Sri Lanka",
  "signup_enum_country_LR": "Liberia",
  "signup_enum_country_LS": "Lesotho",
  "signup_enum_country_LT": "Litwa",
  "signup_enum_country_LU": "Luxembourg",
  "signup_enum_country_LV": "Łotwa",
  "signup_enum_country_LY": "Libia",
  "signup_enum_country_MA": "Maroko",
  "signup_enum_country_MC": "Monako",
  "signup_enum_country_MD": "Mołdawia",
  "signup_enum_country_ME": "Czarnogóra",
  "signup_enum_country_MF": "Saint Martin (część Francuska)",
  "signup_enum_country_MG": "Madagaskar",
  "signup_enum_country_MH": "Wyspy Marshalla",
  "signup_enum_country_MK": "Macedonia",
  "signup_enum_country_ML": "Mali",
  "signup_enum_country_MM": "Myanmar",
  "signup_enum_country_MN": "Mongolia",
  "signup_enum_country_MO": "Makao",
  "signup_enum_country_MP": "Wyspy Mariany",
  "signup_enum_country_MQ": "Martynika",
  "signup_enum_country_MR": "Mauretania",
  "signup_enum_country_MS": "Montserrat",
  "signup_enum_country_MT": "Malta",
  "signup_enum_country_MU": "Republika Mauritiusa",
  "signup_enum_country_MV": "Malediwy",
  "signup_enum_country_MW": "Malawi",
  "signup_enum_country_MX": "Meksyk",
  "signup_enum_country_MY": "Malezja",
  "signup_enum_country_MZ": "Mozambik",
  "signup_enum_country_NA": "Namibia",
  "signup_enum_country_NC": "Nowa Kaledonia",
  "signup_enum_country_NE": "Niger",
  "signup_enum_country_NF": "Wyspa Norfolk",
  "signup_enum_country_NG": "Nigeria",
  "signup_enum_country_NI": "Nikaragua",
  "signup_enum_country_NL": "Holandia",
  "signup_enum_country_NO": "Norwegia",
  "signup_enum_country_NP": "Nepal",
  "signup_enum_country_NR": "Nauru",
  "signup_enum_country_NU": "Niue",
  "signup_enum_country_NZ": "Nowa Zelandia",
  "signup_enum_country_OM": "Oman",
  "signup_enum_country_PA": "Panama",
  "signup_enum_country_PE": "Peru",
  "signup_enum_country_PF": "Polinezja Francuska",
  "signup_enum_country_PG": "Papua Nowa Gwinea",
  "signup_enum_country_PH": "Filipiny",
  "signup_enum_country_PK": "Pakistan",
  "signup_enum_country_PL": "Polska",
  "signup_enum_country_PM": "Saint-Pierre-Et-Miquelon",
  "signup_enum_country_PN": "Pitcairn",
  "signup_enum_country_PR": "Porto Rico",
  "signup_enum_country_PS": "Okupowane Terytorium Palestyny",
  "signup_enum_country_PT": "Portugalia",
  "signup_enum_country_PW": "Palaos",
  "signup_enum_country_PY": "Paragwaj",
  "signup_enum_country_QA": "Katar",
  "signup_enum_country_QC": "Quebec",
  "signup_enum_country_RE": "Reunion, wyspa",
  "signup_enum_country_RO": "Rumunia",
  "signup_enum_country_RS": "Republika Serbii (Dawniej Seria i Czarnogóra). ",
  "signup_enum_country_RU": "Rosja",
  "signup_enum_country_RW": "Rwanda",
  "signup_enum_country_SA": "Arabia Saudyjska",
  "signup_enum_country_SB": "Wyspy Salomona",
  "signup_enum_country_SC": "Seszele",
  "signup_enum_country_SD": "Sudan",
  "signup_enum_country_SE": "Szwecja",
  "signup_enum_country_SG": "Singapur",
  "signup_enum_country_SH": "Sainte-Hélène",
  "signup_enum_country_SI": "Słowenia",
  "signup_enum_country_SJ": "Svalbard i Wyspa Jan Mayen",
  "signup_enum_country_SK": "Słowacja",
  "signup_enum_country_SL": "Sierra Leone",
  "signup_enum_country_SM": "Saint-Marin",
  "signup_enum_country_SN": "Senegal",
  "signup_enum_country_SO": "Somalia",
  "signup_enum_country_SR": "Surinam",
  "signup_enum_country_SS": "Południowy Sudan",
  "signup_enum_country_ST": "Sao Tomé-Et-Principe",
  "signup_enum_country_SV": "Salwador",
  "signup_enum_country_SX": "Saint-Martin (Królestwo Holandii)",
  "signup_enum_country_SY": "Syria",
  "signup_enum_country_SZ": "Suazi",
  "signup_enum_country_TC": "Wyspy Turks i Caicos",
  "signup_enum_country_TD": "Czad",
  "signup_enum_country_TF": "Francuskie Terytoria Południowe",
  "signup_enum_country_TG": "Togo",
  "signup_enum_country_TH": "Tajlandia",
  "signup_enum_country_TJ": "Tadżykistan",
  "signup_enum_country_TK": "Tokelau",
  "signup_enum_country_TL": "Timor-Leste",
  "signup_enum_country_TM": "Turkmenistan",
  "signup_enum_country_TN": "Tunezja",
  "signup_enum_country_TO": "Tonga",
  "signup_enum_country_TR": "Turcja",
  "signup_enum_country_TT": "Trynidad i Tobago",
  "signup_enum_country_TV": "Tuvalu",
  "signup_enum_country_TW": "Tajwan",
  "signup_enum_country_TZ": "Tanzania",
  "signup_enum_country_UA": "Ukraina",
  "signup_enum_country_UG": "Uganda",
  "signup_enum_country_UK": "Wielka Brytania",
  "signup_enum_country_UM": "Dalekie Wyspy Mniejsze Stanów Zjednoczonych",
  "signup_enum_country_US": "Stany Zjednoczone",
  "signup_enum_country_UY": "Urugwaj",
  "signup_enum_country_UZ": "Uzbekistan",
  "signup_enum_country_VA": "Watykan",
  "signup_enum_country_VC": "Saint-Vincent i Grenadyny",
  "signup_enum_country_VE": "Wenezuela",
  "signup_enum_country_VG": "Brytyjskie Wyspy Dziewicze",
  "signup_enum_country_VI": "Wyspy Dziewicze Stanów Zjednoczonych",
  "signup_enum_country_VN": "Wietnam",
  "signup_enum_country_VU": "Vanuatu",
  "signup_enum_country_WF": "Wallis i Futuna",
  "signup_enum_country_WS": "Samoa",
  "signup_enum_country_YE": "Jemen",
  "signup_enum_country_YT": "Majotta",
  "signup_enum_country_ZA": "Republika Południowej Afryki",
  "signup_enum_country_ZM": "Zambia",
  "signup_enum_country_ZW": "Zimbabwe",
  "signup_enum_country_ASIA": "Azja",
  "signup_enum_country_EU": "Europa",
  "signup_enum_country_LTE": "Litwa",
  "signup_enum_country_WE": "Stany Zjednoczone",
  "signup_enum_country_AC": "Wyspa Wniebowstąpienia",
  "signup_enum_country_AQ": "Antarktyda",
  "signup_enum_country_DG": "Diego Garcia",
  "signup_enum_country_EA": "Ceuta",
  "signup_enum_country_IC": "Wyspy Kanaryjskie",
  "signup_enum_country_TA": "Tristan da Cunha (archipelag)",
  "signup_enum_country_XK": "Republika Kosowa",
  "signup_enum_AU_area_NSW": "Nowa Południowa Walia",
  "signup_enum_AU_area_QLD": "Queensland",
  "signup_enum_AU_area_SA": "Południowa Australia",
  "signup_enum_AU_area_TAS": "Tasmania",
  "signup_enum_AU_area_VIC": "Victoria",
  "signup_enum_AU_area_WA": "Zachodnia Australia",
  "signup_enum_AU_area_ACT": "Australijskie Terytorium Stołeczne",
  "signup_enum_AU_area_NT": "Terytorium Północne",
  "signup_enum_WE_area_AL": "Alabama",
  "signup_enum_WE_area_AK": "Alaska",
  "signup_enum_WE_area_AZ": "Arizona",
  "signup_enum_WE_area_AR": "Arkansas",
  "signup_enum_WE_area_CA": "Kalifornia",
  "signup_enum_WE_area_CO": "Kolorado",
  "signup_enum_WE_area_CT": "Connecticut",
  "signup_enum_WE_area_DE": "Delaware",
  "signup_enum_WE_area_DC": "Dystrykt Kolumbii",
  "signup_enum_WE_area_FL": "Floryda",
  "signup_enum_WE_area_GA": "Gruzja",
  "signup_enum_WE_area_HI": "Hawaje",
  "signup_enum_WE_area_ID": "Idaho",
  "signup_enum_WE_area_IL": "Illinois",
  "signup_enum_WE_area_IN": "Indiana",
  "signup_enum_WE_area_IA": "Iowa",
  "signup_enum_WE_area_KS": "Kansas",
  "signup_enum_WE_area_KY": "Kentucky",
  "signup_enum_WE_area_LA": "Luizjana",
  "signup_enum_WE_area_ME": "Maine",
  "signup_enum_WE_area_MD": "Maryland",
  "signup_enum_WE_area_MA": "Massachusetts",
  "signup_enum_WE_area_MI": "Michigan",
  "signup_enum_WE_area_MN": "Minnesota",
  "signup_enum_WE_area_MS": "Mississippi",
  "signup_enum_WE_area_MO": "Missouri",
  "signup_enum_WE_area_MT": "Montana",
  "signup_enum_WE_area_NE": "Nebraska",
  "signup_enum_WE_area_NV": "Nevada",
  "signup_enum_WE_area_NH": "New Hampshire",
  "signup_enum_WE_area_NJ": "New Jersey",
  "signup_enum_WE_area_NM": "Nowy Meksyk",
  "signup_enum_WE_area_NY": "New York",
  "signup_enum_WE_area_NC": "Karolina Północna",
  "signup_enum_WE_area_ND": "Dakota Północna",
  "signup_enum_WE_area_OH": "Ohio",
  "signup_enum_WE_area_OK": "Oklahoma",
  "signup_enum_WE_area_OR": "Oregon",
  "signup_enum_WE_area_PA": "Pensylwania",
  "signup_enum_WE_area_RI": "Rhode Island",
  "signup_enum_WE_area_SC": "Karolina Południowa",
  "signup_enum_WE_area_SD": "Dakota Południowa",
  "signup_enum_WE_area_TN": "Tennessee",
  "signup_enum_WE_area_TX": "Teksas",
  "signup_enum_WE_area_UT": "Utah",
  "signup_enum_WE_area_VT": "Vermont",
  "signup_enum_WE_area_VA": "Wirginia",
  "signup_enum_WE_area_WA": "Waszyngton",
  "signup_enum_WE_area_WV": "Wirginia Zachodnia",
  "signup_enum_WE_area_WI": "Wisconsin",
  "signup_enum_WE_area_WY": "Wyoming",
  "signup_enum_US_area_AL": "Alabama",
  "signup_enum_US_area_AK": "Alaska",
  "signup_enum_US_area_AZ": "Arizona",
  "signup_enum_US_area_AR": "Arkansas",
  "signup_enum_US_area_CA": "Kalifornia",
  "signup_enum_US_area_CO": "Kolorado",
  "signup_enum_US_area_CT": "Connecticut",
  "signup_enum_US_area_DE": "Delaware",
  "signup_enum_US_area_DC": "Dystrykt Kolumbii",
  "signup_enum_US_area_FL": "Floryda",
  "signup_enum_US_area_GA": "Gruzja",
  "signup_enum_US_area_HI": "Hawaje",
  "signup_enum_US_area_ID": "Idaho",
  "signup_enum_US_area_IL": "Illinois",
  "signup_enum_US_area_IN": "Indiana",
  "signup_enum_US_area_IA": "Iowa",
  "signup_enum_US_area_KS": "Kansas",
  "signup_enum_US_area_KY": "Kentucky",
  "signup_enum_US_area_LA": "Luizjana",
  "signup_enum_US_area_ME": "Maine",
  "signup_enum_US_area_MD": "Maryland",
  "signup_enum_US_area_MA": "Massachusetts",
  "signup_enum_US_area_MI": "Michigan",
  "signup_enum_US_area_MN": "Minnesota",
  "signup_enum_US_area_MS": "Mississippi",
  "signup_enum_US_area_MO": "Missouri",
  "signup_enum_US_area_MT": "Montana",
  "signup_enum_US_area_NE": "Nebraska",
  "signup_enum_US_area_NV": "Nevada",
  "signup_enum_US_area_NH": "New Hampshire",
  "signup_enum_US_area_NJ": "New Jersey",
  "signup_enum_US_area_NM": "Nowy Meksyk",
  "signup_enum_US_area_NY": "New York",
  "signup_enum_US_area_NC": "Karolina Północna",
  "signup_enum_US_area_ND": "Dakota Północna",
  "signup_enum_US_area_OH": "Ohio",
  "signup_enum_US_area_OK": "Oklahoma",
  "signup_enum_US_area_OR": "Oregon",
  "signup_enum_US_area_PA": "Pensylwania",
  "signup_enum_US_area_RI": "Rhode Island",
  "signup_enum_US_area_SC": "Karolina Południowa",
  "signup_enum_US_area_SD": "Dakota Południowa",
  "signup_enum_US_area_TN": "Tennessee",
  "signup_enum_US_area_TX": "Teksas",
  "signup_enum_US_area_UT": "Utah",
  "signup_enum_US_area_VT": "Vermont",
  "signup_enum_US_area_VA": "Wirginia",
  "signup_enum_US_area_WA": "Waszyngton",
  "signup_enum_US_area_WV": "Wirginia Zachodnia",
  "signup_enum_US_area_WI": "Wisconsin",
  "signup_enum_US_area_WY": "Wyoming",
  "signup_enum_IE_area_CW": "Carlow",
  "signup_enum_IE_area_CN": "Cavan",
  "signup_enum_IE_area_CE": "Clare",
  "signup_enum_IE_area_CO": "Cork",
  "signup_enum_IE_area_DL": "Donegal",
  "signup_enum_IE_area_D": "Dublin",
  "signup_enum_IE_area_G": "Galway",
  "signup_enum_IE_area_KY": "Kerry",
  "signup_enum_IE_area_KE": "Kildare",
  "signup_enum_IE_area_KK": "Kilkenny",
  "signup_enum_IE_area_LS": "Laois",
  "signup_enum_IE_area_LM": "Leitrim",
  "signup_enum_IE_area_LK": "Limerick",
  "signup_enum_IE_area_LD": "Longford",
  "signup_enum_IE_area_LH": "Louth",
  "signup_enum_IE_area_MO": "Mayo",
  "signup_enum_IE_area_MH": "Meath",
  "signup_enum_IE_area_MN": "Monaghan",
  "signup_enum_IE_area_OY": "Offaly",
  "signup_enum_IE_area_RN": "Roscommon",
  "signup_enum_IE_area_SO": "Sligo",
  "signup_enum_IE_area_TA": "Tipperary",
  "signup_enum_IE_area_WD": "Waterford",
  "signup_enum_IE_area_WH": "Westmeath",
  "signup_enum_IE_area_WW": "Wexford",
  "signup_enum_IE_area_WX": "Wicklow",
  "signup_enum_IE_area_D1": "Dublin 1",
  "signup_enum_IE_area_D2": "Dublin 2",
  "signup_enum_IE_area_D3": "Dublin 3",
  "signup_enum_IE_area_D4": "Dublin 4",
  "signup_enum_IE_area_D5": "Dublin 5",
  "signup_enum_IE_area_D6": "Dublin 6",
  "signup_enum_IE_area_D7": "Dublin 7",
  "signup_enum_IE_area_D8": "Dublin 8",
  "signup_enum_IE_area_D9": "Dublin 9",
  "signup_enum_IE_area_D10": "Dublin 10",
  "signup_enum_IE_area_D11": "Dublin 11",
  "signup_enum_IE_area_D12": "Dublin 12",
  "signup_enum_IE_area_D13": "Dublin 13",
  "signup_enum_IE_area_D14": "Dublin 14",
  "signup_enum_IE_area_D15": "Dublin 15",
  "signup_enum_IE_area_D16": "Dublin 16",
  "signup_enum_IE_area_D17": "Dublin 17",
  "signup_enum_IE_area_D18": "Dublin 18",
  "signup_enum_IE_area_D19": "Dublin 19",
  "signup_enum_IE_area_D20": "Dublin 20",
  "signup_enum_IE_area_D21": "Dublin 21",
  "signup_enum_IE_area_D22": "Dublin 22",
  "signup_enum_IE_area_D23": "Dublin 23",
  "signup_enum_IE_area_D24": "Dublin 24",
  "signup_enum_CA_area_AB": "Alberta",
  "signup_enum_CA_area_BC": "Kolumbia Brytyjska",
  "signup_enum_CA_area_MB": "Manitoba",
  "signup_enum_CA_area_NB": "Nowy Brunszwik",
  "signup_enum_CA_area_NL": "Nowa Fundlandia i Labrador",
  "signup_enum_CA_area_NS": "Nowa Szkocja",
  "signup_enum_CA_area_NT": "Terytora Północno-Zachodnie",
  "signup_enum_CA_area_NU": "Nunavut",
  "signup_enum_CA_area_ON": "Ontario",
  "signup_enum_CA_area_PE": "Wyspa Księcia Edwarda",
  "signup_enum_CA_area_QC": "Quebec",
  "signup_enum_CA_area_SK": "Saskatchewan",
  "signup_enum_CA_area_YT": "Yukon",
  "signup_enum_ES_area_01": "Alava",
  "signup_enum_ES_area_02": "Albacete",
  "signup_enum_ES_area_03": "Alicante",
  "signup_enum_ES_area_04": "Almeria",
  "signup_enum_ES_area_05": "Avila",
  "signup_enum_ES_area_06": "Badajoz",
  "signup_enum_ES_area_07": "Baleary",
  "signup_enum_ES_area_08": "Barcelona",
  "signup_enum_ES_area_09": "Burgos",
  "signup_enum_ES_area_10": "Caceres",
  "signup_enum_ES_area_11": "Cadiz",
  "signup_enum_ES_area_12": "Castellon",
  "signup_enum_ES_area_13": "Ciudad Real",
  "signup_enum_ES_area_14": "Cordoba",
  "signup_enum_ES_area_15": "La Coruña",
  "signup_enum_ES_area_16": "Cuenca",
  "signup_enum_ES_area_17": "Gerona",
  "signup_enum_ES_area_18": "Granada",
  "signup_enum_ES_area_19": "Guadalajara",
  "signup_enum_ES_area_20": "Guipuzcoa",
  "signup_enum_ES_area_21": "Huelva",
  "signup_enum_ES_area_22": "Huesca",
  "signup_enum_ES_area_23": "Jaen",
  "signup_enum_ES_area_24": "Leon",
  "signup_enum_ES_area_25": "Lerida",
  "signup_enum_ES_area_26": "La Rioja",
  "signup_enum_ES_area_27": "Lugo",
  "signup_enum_ES_area_28": "Madryt",
  "signup_enum_ES_area_29": "Malaga",
  "signup_enum_ES_area_30": "Murcia",
  "signup_enum_ES_area_31": "Navarra",
  "signup_enum_ES_area_32": "Orense",
  "signup_enum_ES_area_33": "Asturias",
  "signup_enum_ES_area_34": "Palencia",
  "signup_enum_ES_area_35": "Las Palmas",
  "signup_enum_ES_area_36": "Pontevedra",
  "signup_enum_ES_area_37": "Salamanca",
  "signup_enum_ES_area_38": "Santa Cruz Tenerife",
  "signup_enum_ES_area_39": "Cantabria",
  "signup_enum_ES_area_40": "Segovia",
  "signup_enum_ES_area_41": "Sevilla",
  "signup_enum_ES_area_42": "Soria",
  "signup_enum_ES_area_43": "Tarragona",
  "signup_enum_ES_area_44": "Teruel",
  "signup_enum_ES_area_45": "Toledo",
  "signup_enum_ES_area_46": "Valencia",
  "signup_enum_ES_area_47": "Valladolid",
  "signup_enum_ES_area_48": "Vizcaya",
  "signup_enum_ES_area_49": "Zamora",
  "signup_enum_ES_area_50": "Zaragoza",
  "signup_enum_ES_area_51": "Ceuta",
  "signup_enum_ES_area_52": "Melilla",
  "signup_enum_QC_area_AB": "Alberta",
  "signup_enum_QC_area_BC": "Kolumbia Brytyjska",
  "signup_enum_QC_area_MB": "Manitoba",
  "signup_enum_QC_area_NB": "Nowy Brunszwik",
  "signup_enum_QC_area_NL": "Nowa Fundlandia i Labrador",
  "signup_enum_QC_area_NS": "Nowa Szkocja",
  "signup_enum_QC_area_NT": "Terytoria Północno-Zachodnie",
  "signup_enum_QC_area_NU": "Nunavut",
  "signup_enum_QC_area_ON": "Ontario",
  "signup_enum_QC_area_PE": "Wyspa Księcia Edwarda",
  "signup_enum_QC_area_QC": "Quebec",
  "signup_enum_QC_area_SK": "Saskatchewan",
  "signup_enum_QC_area_YT": "Yukon",
  "signup_enum_IT_area_AG": "Agrigento (Sycylia)",
  "signup_enum_IT_area_AL": "Alessandria (Piemont)",
  "signup_enum_IT_area_AN": "Ancona (Marche)",
  "signup_enum_IT_area_AO": "Aosta (Dolina Aosty)",
  "signup_enum_IT_area_AR": "Arezzo (Toscania)",
  "signup_enum_IT_area_AP": "Ascoli Piceno (Marche)",
  "signup_enum_IT_area_AT": "Asti (Piemont)",
  "signup_enum_IT_area_AV": "Avellino (Kampania)",
  "signup_enum_IT_area_BA": "Bari (Apulia)",
  "signup_enum_IT_area_BL": "Belluno (Wenecja)",
  "signup_enum_IT_area_BN": "Benevento (Kampania)",
  "signup_enum_IT_area_BG": "Bergamo (Lombardia)",
  "signup_enum_IT_area_BI": "Biella (Piemont)",
  "signup_enum_IT_area_BO": "Bolonia (Emilia-Romania)",
  "signup_enum_IT_area_BZ": "Bolzano (Trydent-Górna Adyga)",
  "signup_enum_IT_area_BS": "Brescia (Lombardia)",
  "signup_enum_IT_area_BR": "Brindisi (Apulia)",
  "signup_enum_IT_area_CA": "Cagliari (Sardynia)",
  "signup_enum_IT_area_CL": "Caltanissetta (Sycylia)",
  "signup_enum_IT_area_CB": "Campobasso (Molise)",
  "signup_enum_IT_area_CI": "Carbonia-Iglesias (Sardynia)",
  "signup_enum_IT_area_CE": "Caserta (Kampania)",
  "signup_enum_IT_area_CT": "Catania (Sycylia)",
  "signup_enum_IT_area_CZ": "Catanzaro (Kalabria)",
  "signup_enum_IT_area_CH": "Chieti (Abruzja)",
  "signup_enum_IT_area_CO": "Como (Lombardia)",
  "signup_enum_IT_area_CS": "Cosenza (Kalabria)",
  "signup_enum_IT_area_CR": "Cremona (Lombardia)",
  "signup_enum_IT_area_KR": "Crotone (Kalabria)",
  "signup_enum_IT_area_CN": "Cuneo (Piemont)",
  "signup_enum_IT_area_EN": "Enna (Sycylia)",
  "signup_enum_IT_area_FE": "Ferrara (Emilia-Romania)",
  "signup_enum_IT_area_FI": "Florencja (Toscania)",
  "signup_enum_IT_area_FG": "Foggia (Apulia)",
  "signup_enum_IT_area_FC": "Forli-Cesena (Emilia-Romania)",
  "signup_enum_IT_area_FR": "Frosinone (Lazio)",
  "signup_enum_IT_area_GE": "Genua (Liguria)",
  "signup_enum_IT_area_GO": "Gorizia (Friuli-Wenecja Julijska)",
  "signup_enum_IT_area_GR": "Grosseto (Toscania)",
  "signup_enum_IT_area_IM": "Imperia (Liguria)",
  "signup_enum_IT_area_IS": "Isernia (Molise)",
  "signup_enum_IT_area_SP": "La Spezia (Liguria)",
  "signup_enum_IT_area_AQ": "L'Aquila (Abruzja)",
  "signup_enum_IT_area_LT": "Latina (Lazio)",
  "signup_enum_IT_area_LE": "Lecce (Apulia)",
  "signup_enum_IT_area_LC": "Lecco (Lombardia)",
  "signup_enum_IT_area_LI": "Livorno (Toscania)",
  "signup_enum_IT_area_LO": "Lodi (Lombardia)",
  "signup_enum_IT_area_LU": "Lucca (Toscania)",
  "signup_enum_IT_area_MC": "Macerata (Marche)",
  "signup_enum_IT_area_MN": "Mantova (Lombardia)",
  "signup_enum_IT_area_MS": "Massa-Carrara (Toscania)",
  "signup_enum_IT_area_MT": "Matera (Basilicata)",
  "signup_enum_IT_area_ME": "Messina (Sycylia)",
  "signup_enum_IT_area_MI": "Mediolan (Lombardia)",
  "signup_enum_IT_area_MO": "Modena (Emilia-Romania)",
  "signup_enum_IT_area_NA": "Neapol (Kampania)",
  "signup_enum_IT_area_NO": "Novara (Piemont)",
  "signup_enum_IT_area_NU": "Nuoro (Sardynia)",
  "signup_enum_IT_area_OT": "Olbia-Tempio (Sardynia)",
  "signup_enum_IT_area_OR": "Oristano (Sardynia)",
  "signup_enum_IT_area_PD": "Padwa (Wenecja)",
  "signup_enum_IT_area_PA": "Palermo (Sycylia)",
  "signup_enum_IT_area_PR": "Parma (Emilia-Romania)",
  "signup_enum_IT_area_PV": "Pawia (Lombardia)",
  "signup_enum_IT_area_PG": "Perugia (Umbria)",
  "signup_enum_IT_area_PU": "Pesaro i Urbino (Marche)",
  "signup_enum_IT_area_PE": "Pescara (Abruzja)",
  "signup_enum_IT_area_PC": "Piacenza (Emilia-Romania)",
  "signup_enum_IT_area_PI": "Piza (Toscania)",
  "signup_enum_IT_area_PT": "Pistoia (Toscania)",
  "signup_enum_IT_area_PN": "Pordenone (Friuli-Wenecja Julijska)",
  "signup_enum_IT_area_PZ": "Potenza (Basilicata)",
  "signup_enum_IT_area_PO": "Prato (Toscania)",
  "signup_enum_IT_area_RG": "Ragusa (Sycylia)",
  "signup_enum_IT_area_RA": "Ravenna (Emilia-Romania)",
  "signup_enum_IT_area_RC": "Reggio Calabria (Kalabria)",
  "signup_enum_IT_area_RE": "Reggio Emilia (Emilia-Romania)",
  "signup_enum_IT_area_RI": "Rieti (Lazio)",
  "signup_enum_IT_area_RN": "Rimini (Emilia-Romania)",
  "signup_enum_IT_area_RM": "Rzym (Lazio)",
  "signup_enum_IT_area_RO": "Rovigo (Wenecja)",
  "signup_enum_IT_area_SA": "Salerno (Kampania)",
  "signup_enum_IT_area_VS": "Medio Campidano (Sardynia)",
  "signup_enum_IT_area_SS": "Sassari (Sardynia)",
  "signup_enum_IT_area_SV": "Savona (Liguria)",
  "signup_enum_IT_area_SI": "Siena (Toscania)",
  "signup_enum_IT_area_SR": "Siracusa (Sycylia)",
  "signup_enum_IT_area_SO": "Sondrio (Lombardia)",
  "signup_enum_IT_area_TA": "Taranto (Apulia)",
  "signup_enum_IT_area_TE": "Teramo (Abruzja)",
  "signup_enum_IT_area_TR": "Terni (Umbria)",
  "signup_enum_IT_area_TO": "Turyn (Piemont)",
  "signup_enum_IT_area_OG": "Ogliastra (Sardynia)",
  "signup_enum_IT_area_TP": "Trapani (Sycylia)",
  "signup_enum_IT_area_TN": "Trydent (Trydent-Górna Adyga)",
  "signup_enum_IT_area_TV": "Treviso (Wenecja)",
  "signup_enum_IT_area_TS": "Triest (Friuli-Wenecja Julijska)",
  "signup_enum_IT_area_UD": "Udine (Friuli-Wenecja Julijska)",
  "signup_enum_IT_area_VA": "Varese (Lombardia)",
  "signup_enum_IT_area_VE": "Wenecja (Wenecja Euganejska)",
  "signup_enum_IT_area_VB": "Verbano-Cusio-Ossola (Piemont)",
  "signup_enum_IT_area_VC": "Vercelli (Piemont)",
  "signup_enum_IT_area_VR": "Werona (Wenecja Euganejska)",
  "signup_enum_IT_area_VV": "Vibo Valentia (Kalabria)",
  "signup_enum_IT_area_VI": "Vicenza (Wenecja Euganejska)",
  "signup_enum_IT_area_VT": "Viterbo (Lazio)",
  "signup_enum_IT_area_BT": "Barletta-Andria-Trani (Apulia)",
  "signup_enum_IT_area_FM": "Fermo (Marche)",
  "signup_enum_IT_area_MB": "Monza E Brianza (Lombardia)",
  "signup_field_managerLanguage": "Język Panelu klienta"
}
