{
  "signup_submit": "Créer un compte",
  "signup_submit_error": "Oups ! Une erreur est survenue lors de la création du compte.",
  "signup_not_mandatory_field": "(facultatif)",
  "signup_email_in_use": "Un compte client OVH existe déjà pour cet e-mail.",
  "signup_password_invalid": "Doit contenir au moins un chiffre, au moins une majuscule, au moins une minuscule. Et être constitué de 8 caractères ou plus.",
  "signup_section_account": "Votre compte",
  "signup_section_personal": "Informations personnelles",
  "signup_section_contact": "Vos coordonnées",
  "signup_section_other": "Informations complémentaires",
  "signup_field_date_placeholder": "aaaa-mm-jj",
  "signup_field_date_calendar": "Choisir la date",
  "signup_field_legalform": "Type de compte",
  "signup_field_country": "Pays",
  "signup_field_language": "Langue",
  "signup_field_managerLanguage": "Langue de l'espace client",
  "signup_field_firstname": "Prénom",
  "signup_field_name": "Nom",
  "signup_field_email": "E-mail",
  "signup_field_commercialCommunicationsApproval": "J'accepte de recevoir des informations concernant les produits d'OVH",
  "signup_field_password": "Mot de passe",
  "signup_field_corporationType": "Type d'entreprise",
  "signup_field_organisation": "Organisation",
  "signup_field_companyNationalIdentificationNumber": "SIRET / SIREN",
  "signup_field_sex": "Sexe",
  "signup_field_vat": "Numéro de TVA Intracommunautaire",
  "signup_field_address": "Adresse",
  "signup_field_area": "Région",
  "signup_field_state": "État",
  "signup_field_zip": "Code postal",
  "signup_field_city": "Ville",
  "signup_field_birthDay": "Date de naissance",
  "signup_field_birthCity": "Ville de naissance",
  "signup_field_nationalIdentificationNumber": "Numéro d'identification national",
  "signup_field_phone": "Téléphone",
  "signup_field_fax": "Fax",
  "signup_field_spareEmail": "E-mail de secours",
  "signup_field_ovhCompany": "Groupe",
  "signup_field_ovhSubsidiary": "Filiale OVH",
  "signup_field_timezone": "Fuseau horaire",
  "signup_field_customerCode": "Code client",
  "signup_field_italianSDI": "Numéro SDI",
  "signup_enum_legalform_association": "Association",
  "signup_enum_legalform_corporation": "Entreprise",
  "signup_enum_legalform_personalcorporation": "Ditta individuale",
  "signup_enum_legalform_individual": "Particulier",
  "signup_enum_legalform_administration": "Administration",
  "signup_enum_legalform_other": "Autre",
  "signup_enum_ovhCompany_kimsufi": "Kimsufi",
  "signup_enum_ovhCompany_ovh": "OVH",
  "signup_enum_ovhCompany_soyoustart": "So you Start",
  "signup_enum_sex_female": "Femme",
  "signup_enum_sex_male": "Homme",
  "signup_enum_corporationType_sapa": "SAPA",
  "signup_enum_corporationType_sas": "SAS",
  "signup_enum_corporationType_scarl": "SCARL",
  "signup_enum_corporationType_snc": "SNC",
  "signup_enum_corporationType_spa": "SPA",
  "signup_enum_corporationType_srl": "SRL",
  "signup_enum_corporationType_ss": "SS",
  "signup_enum_corporationType_personnelle": "Personnelle",
  "signup_enum_language_de_DE": "Allemand",
  "signup_enum_language_en_GB": "Anglais",
  "signup_enum_language_en_AU": "Anglais (Australie)",
  "signup_enum_language_en_US": "Anglais (Etats-Unis)",
  "signup_enum_language_en_CA": "Anglais (Canada)",
  "signup_enum_language_es_ES": "Espagnol",
  "signup_enum_language_fr_FR": "Français",
  "signup_enum_language_fr_CA": "Français (Canadien)",
  "signup_enum_language_fr_MA": "Français (Maroc)",
  "signup_enum_language_fr_SN": "Français (Sénégal)",
  "signup_enum_language_fr_TN": "Français (Tunisie)",
  "signup_enum_language_pl_PL": "Polonais",
  "signup_enum_language_cs_CZ": "Tchéque",
  "signup_enum_language_fi_FI": "Finnois",
  "signup_enum_language_en_IE": "Irlandais",
  "signup_enum_language_it_IT": "Italien",
  "signup_enum_language_lt_LT": "Lituanien",
  "signup_enum_language_nl_NL": "Néerlandais",
  "signup_enum_language_pt_PT": "Portugais",
  "signup_enum_ovhSubsidiary_ASIA": "Asie",
  "signup_enum_ovhSubsidiary_AU": "Australie",
  "signup_enum_ovhSubsidiary_CA": "Canada",
  "signup_enum_ovhSubsidiary_CZ": "République tchèque",
  "signup_enum_ovhSubsidiary_DE": "Allemagne",
  "signup_enum_ovhSubsidiary_ES": "Espagne",
  "signup_enum_ovhSubsidiary_EU": "Europe",
  "signup_enum_ovhSubsidiary_FI": "Finlande",
  "signup_enum_ovhSubsidiary_FR": "France",
  "signup_enum_ovhSubsidiary_GB": "Royaume-Uni",
  "signup_enum_ovhSubsidiary_IE": "Irlande",
  "signup_enum_ovhSubsidiary_IT": "Italie",
  "signup_enum_ovhSubsidiary_LT": "Lituanie",
  "signup_enum_ovhSubsidiary_LTE": "Lituanie",
  "signup_enum_ovhSubsidiary_MA": "Maroc",
  "signup_enum_ovhSubsidiary_NL": "Pays-Bas",
  "signup_enum_ovhSubsidiary_PL": "Pologne",
  "signup_enum_ovhSubsidiary_PT": "Portugal",
  "signup_enum_ovhSubsidiary_QC": "Quebec",
  "signup_enum_ovhSubsidiary_SG": "Singapour",
  "signup_enum_ovhSubsidiary_SN": "Sénégal",
  "signup_enum_ovhSubsidiary_TN": "Tunisie",
  "signup_enum_ovhSubsidiary_US": "États-Unis",
  "signup_enum_ovhSubsidiary_WE": "États-Unis",
  "signup_enum_ovhSubsidiary_WS": "Amérique latine",
  "signup_enum_country_AD": "Andorre",
  "signup_enum_country_AE": "Émirats Arabes Unis",
  "signup_enum_country_AF": "Afghanistan",
  "signup_enum_country_AG": "Antigua-Et-Barbuda",
  "signup_enum_country_AI": "Anguilla",
  "signup_enum_country_AL": "Albanie",
  "signup_enum_country_AM": "Arménie",
  "signup_enum_country_AO": "Angola",
  "signup_enum_country_AR": "Argentine",
  "signup_enum_country_AS": "Samoa Américaines",
  "signup_enum_country_AT": "Autriche",
  "signup_enum_country_AU": "Australie",
  "signup_enum_country_AW": "Aruba",
  "signup_enum_country_AX": "Åland, Îles",
  "signup_enum_country_AZ": "Azerbaïdjan",
  "signup_enum_country_BA": "Bosnie-Herzégovine",
  "signup_enum_country_BB": "Barbade",
  "signup_enum_country_BD": "Bangladesh",
  "signup_enum_country_BE": "Belgique",
  "signup_enum_country_BF": "Burkina Faso",
  "signup_enum_country_BG": "Bulgarie",
  "signup_enum_country_BH": "Bahreïn",
  "signup_enum_country_BI": "Burundi",
  "signup_enum_country_BJ": "Bénin",
  "signup_enum_country_BL": "Saint Barthélemy",
  "signup_enum_country_BM": "Bermudes",
  "signup_enum_country_BN": "Brunéi Darussalam",
  "signup_enum_country_BO": "Bolivie",
  "signup_enum_country_BQ": "Pays-Bas caribéens",
  "signup_enum_country_BR": "Brésil",
  "signup_enum_country_BS": "Bahamas",
  "signup_enum_country_BT": "Bhoutan",
  "signup_enum_country_BW": "Botswana",
  "signup_enum_country_BY": "Biélorussie",
  "signup_enum_country_BZ": "Belize",
  "signup_enum_country_CA": "Canada",
  "signup_enum_country_CC": "Cocos (Keeling), Îles",
  "signup_enum_country_CD": "Congo, La République Démocratique Du",
  "signup_enum_country_CF": "Centrafricaine, République",
  "signup_enum_country_CG": "Congo",
  "signup_enum_country_CH": "Suisse",
  "signup_enum_country_CI": "Côte D'Ivoire",
  "signup_enum_country_CK": "Cook, Îles",
  "signup_enum_country_CL": "Chili",
  "signup_enum_country_CM": "Cameroun",
  "signup_enum_country_CN": "Chine",
  "signup_enum_country_CO": "Colombie",
  "signup_enum_country_CR": "Costa Rica",
  "signup_enum_country_CU": "Cuba",
  "signup_enum_country_CV": "Cap-Vert",
  "signup_enum_country_CW": "Curaçao",
  "signup_enum_country_CX": "Christmas, Île",
  "signup_enum_country_CY": "Chypre",
  "signup_enum_country_CZ": "République tchèque",
  "signup_enum_country_DE": "Allemagne",
  "signup_enum_country_DJ": "Djibouti",
  "signup_enum_country_DK": "Danemark",
  "signup_enum_country_DM": "Dominique",
  "signup_enum_country_DO": "Dominicaine, République",
  "signup_enum_country_DZ": "Algérie",
  "signup_enum_country_EC": "Équateur",
  "signup_enum_country_EE": "Estonie",
  "signup_enum_country_EG": "Égypte",
  "signup_enum_country_EH": "Sahara Occidental",
  "signup_enum_country_ER": "Érythrée",
  "signup_enum_country_ES": "Espagne",
  "signup_enum_country_ET": "Éthiopie",
  "signup_enum_country_FI": "Finlande",
  "signup_enum_country_FJ": "Fidji",
  "signup_enum_country_FK": "Falkland, Îles (Malvinas)",
  "signup_enum_country_FM": "Micronésie, États Fédérés De",
  "signup_enum_country_FO": "Féroé, Îles",
  "signup_enum_country_FR": "France",
  "signup_enum_country_GA": "Gabon",
  "signup_enum_country_GB": "Royaume-Uni",
  "signup_enum_country_GD": "Grenade",
  "signup_enum_country_GE": "Géorgie",
  "signup_enum_country_GF": "Guyane Française",
  "signup_enum_country_GG": "Guernesey",
  "signup_enum_country_GH": "Ghana",
  "signup_enum_country_GI": "Gibraltar",
  "signup_enum_country_GL": "Groenland",
  "signup_enum_country_GM": "Gambie",
  "signup_enum_country_GN": "Guinée",
  "signup_enum_country_GP": "Guadeloupe",
  "signup_enum_country_GQ": "Guinée Équatoriale",
  "signup_enum_country_GR": "Grèce",
  "signup_enum_country_GS": "Géorgie Du Sud et Les Îles Sandwich Du Sud",
  "signup_enum_country_GT": "Guatemala",
  "signup_enum_country_GU": "Guam",
  "signup_enum_country_GW": "Guinée-Bissau",
  "signup_enum_country_GY": "Guyana",
  "signup_enum_country_HK": "Hong-Kong",
  "signup_enum_country_HN": "Honduras",
  "signup_enum_country_HR": "Croatie",
  "signup_enum_country_HT": "Haïti",
  "signup_enum_country_HU": "Hongrie",
  "signup_enum_country_ID": "Indonésie",
  "signup_enum_country_IE": "Irlande",
  "signup_enum_country_IL": "Israël",
  "signup_enum_country_IM": "Ile de Man",
  "signup_enum_country_IN": "Inde",
  "signup_enum_country_IO": "Océan Indien, Territoire Britannique De L'",
  "signup_enum_country_IQ": "Iraq",
  "signup_enum_country_IR": "Iran, République Islamique D'",
  "signup_enum_country_IS": "Islande",
  "signup_enum_country_IT": "Italie",
  "signup_enum_country_JE": "Jersey",
  "signup_enum_country_JM": "Jamaïque",
  "signup_enum_country_JO": "Jordanie",
  "signup_enum_country_JP": "Japon",
  "signup_enum_country_KE": "Kenya",
  "signup_enum_country_KG": "Kirghizistan",
  "signup_enum_country_KH": "Cambodge",
  "signup_enum_country_KI": "Kiribati",
  "signup_enum_country_KM": "Comores",
  "signup_enum_country_KN": "Saint-Kitts-Et-Nevis",
  "signup_enum_country_KP": "Corée, République Populaire Démocratique De",
  "signup_enum_country_KR": "Corée, République De",
  "signup_enum_country_KW": "Koweït",
  "signup_enum_country_KY": "Caïmanes, Îles",
  "signup_enum_country_KZ": "Kazakhstan",
  "signup_enum_country_LA": "Lao, République Démocratique Populaire",
  "signup_enum_country_LB": "Liban",
  "signup_enum_country_LC": "Sainte-Lucie",
  "signup_enum_country_LI": "Liechtenstein",
  "signup_enum_country_LK": "Sri Lanka",
  "signup_enum_country_LR": "Libéria",
  "signup_enum_country_LS": "Lesotho",
  "signup_enum_country_LT": "Lituanie",
  "signup_enum_country_LU": "Luxembourg",
  "signup_enum_country_LV": "Lettonie",
  "signup_enum_country_LY": "Libyenne, Jamahiriya Arabe",
  "signup_enum_country_MA": "Maroc",
  "signup_enum_country_MC": "Monaco",
  "signup_enum_country_MD": "Moldavie",
  "signup_enum_country_ME": "Monténégro",
  "signup_enum_country_MF": "Saint Martin (French part)",
  "signup_enum_country_MG": "Madagascar",
  "signup_enum_country_MH": "Marshall, Îles",
  "signup_enum_country_MK": "Macédoine",
  "signup_enum_country_ML": "Mali",
  "signup_enum_country_MM": "Myanmar",
  "signup_enum_country_MN": "Mongolie",
  "signup_enum_country_MO": "Macao",
  "signup_enum_country_MP": "Mariannes Du Nord, Îles",
  "signup_enum_country_MQ": "Martinique",
  "signup_enum_country_MR": "Mauritanie",
  "signup_enum_country_MS": "Montserrat",
  "signup_enum_country_MT": "Malte",
  "signup_enum_country_MU": "République de Maurice",
  "signup_enum_country_MV": "Maldives",
  "signup_enum_country_MW": "Malawi",
  "signup_enum_country_MX": "Mexique",
  "signup_enum_country_MY": "Malaisie",
  "signup_enum_country_MZ": "Mozambique",
  "signup_enum_country_NA": "Namibie",
  "signup_enum_country_NC": "Nouvelle-Calédonie",
  "signup_enum_country_NE": "Niger",
  "signup_enum_country_NF": "Norfolk, Île",
  "signup_enum_country_NG": "Nigéria",
  "signup_enum_country_NI": "Nicaragua",
  "signup_enum_country_NL": "Pays-Bas",
  "signup_enum_country_NO": "Norvège",
  "signup_enum_country_NP": "Népal",
  "signup_enum_country_NR": "Nauru",
  "signup_enum_country_NU": "Niué",
  "signup_enum_country_NZ": "Nouvelle-Zélande",
  "signup_enum_country_OM": "Oman",
  "signup_enum_country_PA": "Panama",
  "signup_enum_country_PE": "Pérou",
  "signup_enum_country_PF": "Polynésie Française",
  "signup_enum_country_PG": "Papouasie-Nouvelle-Guinée",
  "signup_enum_country_PH": "Philippines",
  "signup_enum_country_PK": "Pakistan",
  "signup_enum_country_PL": "Pologne",
  "signup_enum_country_PM": "Saint-Pierre-Et-Miquelon",
  "signup_enum_country_PN": "Pitcairn",
  "signup_enum_country_PR": "Porto Rico",
  "signup_enum_country_PS": "Palestinien Occupé, Territoire",
  "signup_enum_country_PT": "Portugal",
  "signup_enum_country_PW": "Palaos",
  "signup_enum_country_PY": "Paraguay",
  "signup_enum_country_QA": "Qatar",
  "signup_enum_country_QC": "Quebec",
  "signup_enum_country_RE": "La Réunion",
  "signup_enum_country_RO": "Roumanie",
  "signup_enum_country_RS": "République de Serbie (Anciennement Serbie et Monténégro code cs)",
  "signup_enum_country_RU": "Russie",
  "signup_enum_country_RW": "Rwanda",
  "signup_enum_country_SA": "Arabie Saoudite",
  "signup_enum_country_SB": "Salomon, Îles",
  "signup_enum_country_SC": "Seychelles",
  "signup_enum_country_SD": "Soudan",
  "signup_enum_country_SE": "Suède",
  "signup_enum_country_SG": "Singapour",
  "signup_enum_country_SH": "Sainte-Hélène",
  "signup_enum_country_SI": "Slovénie",
  "signup_enum_country_SJ": "Svalbard Et Île Jan Mayen",
  "signup_enum_country_SK": "Slovaquie",
  "signup_enum_country_SL": "Sierra Leone",
  "signup_enum_country_SM": "Saint-Marin",
  "signup_enum_country_SN": "Sénégal",
  "signup_enum_country_SO": "Somalie",
  "signup_enum_country_SR": "Suriname",
  "signup_enum_country_SS": "Soudan du Sud",
  "signup_enum_country_ST": "Sao Tomé-Et-Principe",
  "signup_enum_country_SV": "El Salvador",
  "signup_enum_country_SX": "Saint-Martin (Royaume des Pays-Bas)",
  "signup_enum_country_SY": "Syrienne, République Arabe",
  "signup_enum_country_SZ": "Swaziland",
  "signup_enum_country_TC": "Turks Et Caïques, Îles",
  "signup_enum_country_TD": "Tchad",
  "signup_enum_country_TF": "Terres Australes Françaises",
  "signup_enum_country_TG": "Togo",
  "signup_enum_country_TH": "Thaïlande",
  "signup_enum_country_TJ": "Tadjikistan",
  "signup_enum_country_TK": "Tokelau",
  "signup_enum_country_TL": "Timor-Leste",
  "signup_enum_country_TM": "Turkménistan",
  "signup_enum_country_TN": "Tunisie",
  "signup_enum_country_TO": "Tonga",
  "signup_enum_country_TR": "Turquie",
  "signup_enum_country_TT": "Trinité-Et-Tobago",
  "signup_enum_country_TV": "Tuvalu",
  "signup_enum_country_TW": "Taïwan, Province De Chine",
  "signup_enum_country_TZ": "Tanzanie, République-Unie De",
  "signup_enum_country_UA": "Ukraine",
  "signup_enum_country_UG": "Ouganda",
  "signup_enum_country_UK": "Royaume-Uni",
  "signup_enum_country_UM": "Îles Mineures Éloignées des États-Unis",
  "signup_enum_country_US": "États-Unis",
  "signup_enum_country_UY": "Uruguay",
  "signup_enum_country_UZ": "Ouzbékistan",
  "signup_enum_country_VA": "Vatican",
  "signup_enum_country_VC": "Saint-Vincent-Et-Les Grenadines",
  "signup_enum_country_VE": "Venezuela",
  "signup_enum_country_VG": "Îles Vierges Britanniques",
  "signup_enum_country_VI": "Îles Vierges Des États-Unis",
  "signup_enum_country_VN": "Viet Nam",
  "signup_enum_country_VU": "Vanuatu",
  "signup_enum_country_WF": "Wallis Et Futuna",
  "signup_enum_country_WS": "Samoa",
  "signup_enum_country_YE": "Yémen",
  "signup_enum_country_YT": "Mayotte",
  "signup_enum_country_ZA": "Afrique Du Sud",
  "signup_enum_country_ZM": "Zambie",
  "signup_enum_country_ZW": "Zimbabwe",
  "signup_enum_country_ASIA": "Asie",
  "signup_enum_country_EU": "Europe",
  "signup_enum_country_LTE": "Lituanie",
  "signup_enum_country_WE": "États-Unis",
  "signup_enum_country_AC": "Île de l'Ascension",
  "signup_enum_country_AQ": "Antarctique",
  "signup_enum_country_DG": "Diego Garcia",
  "signup_enum_country_EA": "Ceuta",
  "signup_enum_country_IC": "Îles Canaries",
  "signup_enum_country_TA": "Tristan da Cunha (archipel)",
  "signup_enum_country_XK": "République du Kosovo",
  "signup_enum_AU_area_NSW": "New South Wales",
  "signup_enum_AU_area_QLD": "Queensland",
  "signup_enum_AU_area_SA": "South Australia",
  "signup_enum_AU_area_TAS": "Tasmania",
  "signup_enum_AU_area_VIC": "Victoria",
  "signup_enum_AU_area_WA": "Western Australia",
  "signup_enum_AU_area_ACT": "Australian Capital Territory",
  "signup_enum_AU_area_NT": "Northern Territory",
  "signup_enum_WE_area_AL": "Alabama",
  "signup_enum_WE_area_AK": "Alaska",
  "signup_enum_WE_area_AZ": "Arizona",
  "signup_enum_WE_area_AR": "Arkansas",
  "signup_enum_WE_area_CA": "California",
  "signup_enum_WE_area_CO": "Colorado",
  "signup_enum_WE_area_CT": "Connecticut",
  "signup_enum_WE_area_DE": "Delaware",
  "signup_enum_WE_area_DC": "District of Columbia",
  "signup_enum_WE_area_FL": "Florida",
  "signup_enum_WE_area_GA": "Georgia",
  "signup_enum_WE_area_HI": "Hawaii",
  "signup_enum_WE_area_ID": "Idaho",
  "signup_enum_WE_area_IL": "Illinois",
  "signup_enum_WE_area_IN": "Indiana",
  "signup_enum_WE_area_IA": "Iowa",
  "signup_enum_WE_area_KS": "Kansas",
  "signup_enum_WE_area_KY": "Kentucky",
  "signup_enum_WE_area_LA": "Louisiana",
  "signup_enum_WE_area_ME": "Maine",
  "signup_enum_WE_area_MD": "Maryland",
  "signup_enum_WE_area_MA": "Massachusetts",
  "signup_enum_WE_area_MI": "Michigan",
  "signup_enum_WE_area_MN": "Minnesota",
  "signup_enum_WE_area_MS": "Mississippi",
  "signup_enum_WE_area_MO": "Missouri",
  "signup_enum_WE_area_MT": "Montana",
  "signup_enum_WE_area_NE": "Nebraska",
  "signup_enum_WE_area_NV": "Nevada",
  "signup_enum_WE_area_NH": "New Hampshire",
  "signup_enum_WE_area_NJ": "New Jersey",
  "signup_enum_WE_area_NM": "New Mexico",
  "signup_enum_WE_area_NY": "New York",
  "signup_enum_WE_area_NC": "North Carolina",
  "signup_enum_WE_area_ND": "North Dakota",
  "signup_enum_WE_area_OH": "Ohio",
  "signup_enum_WE_area_OK": "Oklahoma",
  "signup_enum_WE_area_OR": "Oregon",
  "signup_enum_WE_area_PA": "Pennsylvania",
  "signup_enum_WE_area_RI": "Rhode Island",
  "signup_enum_WE_area_SC": "South Carolina",
  "signup_enum_WE_area_SD": "South Dakota",
  "signup_enum_WE_area_TN": "Tennessee",
  "signup_enum_WE_area_TX": "Texas",
  "signup_enum_WE_area_UT": "Utah",
  "signup_enum_WE_area_VT": "Vermont",
  "signup_enum_WE_area_VA": "Virginia",
  "signup_enum_WE_area_WA": "Washington",
  "signup_enum_WE_area_WV": "West Virginia",
  "signup_enum_WE_area_WI": "Wisconsin",
  "signup_enum_WE_area_WY": "Wyoming",
  "signup_enum_US_area_AL": "Alabama",
  "signup_enum_US_area_AK": "Alaska",
  "signup_enum_US_area_AZ": "Arizona",
  "signup_enum_US_area_AR": "Arkansas",
  "signup_enum_US_area_CA": "California",
  "signup_enum_US_area_CO": "Colorado",
  "signup_enum_US_area_CT": "Connecticut",
  "signup_enum_US_area_DE": "Delaware",
  "signup_enum_US_area_DC": "District of Columbia",
  "signup_enum_US_area_FL": "Florida",
  "signup_enum_US_area_GA": "Georgia",
  "signup_enum_US_area_HI": "Hawaii",
  "signup_enum_US_area_ID": "Idaho",
  "signup_enum_US_area_IL": "Illinois",
  "signup_enum_US_area_IN": "Indiana",
  "signup_enum_US_area_IA": "Iowa",
  "signup_enum_US_area_KS": "Kansas",
  "signup_enum_US_area_KY": "Kentucky",
  "signup_enum_US_area_LA": "Louisiana",
  "signup_enum_US_area_ME": "Maine",
  "signup_enum_US_area_MD": "Maryland",
  "signup_enum_US_area_MA": "Massachusetts",
  "signup_enum_US_area_MI": "Michigan",
  "signup_enum_US_area_MN": "Minnesota",
  "signup_enum_US_area_MS": "Mississippi",
  "signup_enum_US_area_MO": "Missouri",
  "signup_enum_US_area_MT": "Montana",
  "signup_enum_US_area_NE": "Nebraska",
  "signup_enum_US_area_NV": "Nevada",
  "signup_enum_US_area_NH": "New Hampshire",
  "signup_enum_US_area_NJ": "New Jersey",
  "signup_enum_US_area_NM": "New Mexico",
  "signup_enum_US_area_NY": "New York",
  "signup_enum_US_area_NC": "North Carolina",
  "signup_enum_US_area_ND": "North Dakota",
  "signup_enum_US_area_OH": "Ohio",
  "signup_enum_US_area_OK": "Oklahoma",
  "signup_enum_US_area_OR": "Oregon",
  "signup_enum_US_area_PA": "Pennsylvania",
  "signup_enum_US_area_RI": "Rhode Island",
  "signup_enum_US_area_SC": "South Carolina",
  "signup_enum_US_area_SD": "South Dakota",
  "signup_enum_US_area_TN": "Tennessee",
  "signup_enum_US_area_TX": "Texas",
  "signup_enum_US_area_UT": "Utah",
  "signup_enum_US_area_VT": "Vermont",
  "signup_enum_US_area_VA": "Virginia",
  "signup_enum_US_area_WA": "Washington",
  "signup_enum_US_area_WV": "West Virginia",
  "signup_enum_US_area_WI": "Wisconsin",
  "signup_enum_US_area_WY": "Wyoming",
  "signup_enum_IE_area_CW": "Carlow",
  "signup_enum_IE_area_CN": "Cavan",
  "signup_enum_IE_area_CE": "Clare",
  "signup_enum_IE_area_CO": "Cork",
  "signup_enum_IE_area_DL": "Donegal",
  "signup_enum_IE_area_D": "Dublin",
  "signup_enum_IE_area_G": "Galway",
  "signup_enum_IE_area_KY": "Kerry",
  "signup_enum_IE_area_KE": "Kildare",
  "signup_enum_IE_area_KK": "Kilkenny",
  "signup_enum_IE_area_LS": "Laois",
  "signup_enum_IE_area_LM": "Leitrim",
  "signup_enum_IE_area_LK": "Limerick",
  "signup_enum_IE_area_LD": "Longford",
  "signup_enum_IE_area_LH": "Louth",
  "signup_enum_IE_area_MO": "Mayo",
  "signup_enum_IE_area_MH": "Meath",
  "signup_enum_IE_area_MN": "Monaghan",
  "signup_enum_IE_area_OY": "Offaly",
  "signup_enum_IE_area_RN": "Roscommon",
  "signup_enum_IE_area_SO": "Sligo",
  "signup_enum_IE_area_TA": "Tipperary",
  "signup_enum_IE_area_WD": "Waterford",
  "signup_enum_IE_area_WH": "Westmeath",
  "signup_enum_IE_area_WW": "Wexford",
  "signup_enum_IE_area_WX": "Wicklow",
  "signup_enum_IE_area_D1": "Dublin 1",
  "signup_enum_IE_area_D2": "Dublin 2",
  "signup_enum_IE_area_D3": "Dublin 3",
  "signup_enum_IE_area_D4": "Dublin 4",
  "signup_enum_IE_area_D5": "Dublin 5",
  "signup_enum_IE_area_D6": "Dublin 6",
  "signup_enum_IE_area_D7": "Dublin 7",
  "signup_enum_IE_area_D8": "Dublin 8",
  "signup_enum_IE_area_D9": "Dublin 9",
  "signup_enum_IE_area_D10": "Dublin 10",
  "signup_enum_IE_area_D11": "Dublin 11",
  "signup_enum_IE_area_D12": "Dublin 12",
  "signup_enum_IE_area_D13": "Dublin 13",
  "signup_enum_IE_area_D14": "Dublin 14",
  "signup_enum_IE_area_D15": "Dublin 15",
  "signup_enum_IE_area_D16": "Dublin 16",
  "signup_enum_IE_area_D17": "Dublin 17",
  "signup_enum_IE_area_D18": "Dublin 18",
  "signup_enum_IE_area_D19": "Dublin 19",
  "signup_enum_IE_area_D20": "Dublin 20",
  "signup_enum_IE_area_D21": "Dublin 21",
  "signup_enum_IE_area_D22": "Dublin 22",
  "signup_enum_IE_area_D23": "Dublin 23",
  "signup_enum_IE_area_D24": "Dublin 24",
  "signup_enum_CA_area_AB": "Alberta",
  "signup_enum_CA_area_BC": "British Columbia",
  "signup_enum_CA_area_MB": "Manitoba",
  "signup_enum_CA_area_NB": "New Brunswick",
  "signup_enum_CA_area_NL": "Newfoundland and Labrador",
  "signup_enum_CA_area_NS": "Nova Scotia",
  "signup_enum_CA_area_NT": "Northwest Territories",
  "signup_enum_CA_area_NU": "Nunavut",
  "signup_enum_CA_area_ON": "Ontario",
  "signup_enum_CA_area_PE": "Prince Edward Island",
  "signup_enum_CA_area_QC": "Quebec",
  "signup_enum_CA_area_SK": "Saskatchewan",
  "signup_enum_CA_area_YT": "Yukon",
  "signup_enum_ES_area_01": "Álava",
  "signup_enum_ES_area_02": "Albacete",
  "signup_enum_ES_area_03": "Alicante",
  "signup_enum_ES_area_04": "Almería",
  "signup_enum_ES_area_05": "Ávila",
  "signup_enum_ES_area_06": "Badajoz",
  "signup_enum_ES_area_07": "Islas Baleares",
  "signup_enum_ES_area_08": "Barcelona",
  "signup_enum_ES_area_09": "Burgos",
  "signup_enum_ES_area_10": "Cáceres",
  "signup_enum_ES_area_11": "Cádiz",
  "signup_enum_ES_area_12": "Castellón",
  "signup_enum_ES_area_13": "Ciudad Real",
  "signup_enum_ES_area_14": "Córdoba",
  "signup_enum_ES_area_15": "La Coruña",
  "signup_enum_ES_area_16": "Cuenca",
  "signup_enum_ES_area_17": "Gerona",
  "signup_enum_ES_area_18": "Granada",
  "signup_enum_ES_area_19": "Guadalajara",
  "signup_enum_ES_area_20": "Guipúzcoa",
  "signup_enum_ES_area_21": "Huelva",
  "signup_enum_ES_area_22": "Huesca",
  "signup_enum_ES_area_23": "Jaén",
  "signup_enum_ES_area_24": "León",
  "signup_enum_ES_area_25": "Lérida",
  "signup_enum_ES_area_26": "La Rioja",
  "signup_enum_ES_area_27": "Lugo",
  "signup_enum_ES_area_28": "Madrid",
  "signup_enum_ES_area_29": "Málaga",
  "signup_enum_ES_area_30": "Murcia",
  "signup_enum_ES_area_31": "Navarra",
  "signup_enum_ES_area_32": "Orense",
  "signup_enum_ES_area_33": "Asturias",
  "signup_enum_ES_area_34": "Palencia",
  "signup_enum_ES_area_35": "Las Palmas",
  "signup_enum_ES_area_36": "Pontevedra",
  "signup_enum_ES_area_37": "Salamanca",
  "signup_enum_ES_area_38": "Santa Cruz Tenerife",
  "signup_enum_ES_area_39": "Cantabria",
  "signup_enum_ES_area_40": "Segovia",
  "signup_enum_ES_area_41": "Sevilla",
  "signup_enum_ES_area_42": "Soria",
  "signup_enum_ES_area_43": "Tarragona",
  "signup_enum_ES_area_44": "Teruel",
  "signup_enum_ES_area_45": "Toledo",
  "signup_enum_ES_area_46": "Valencia",
  "signup_enum_ES_area_47": "Valladolid",
  "signup_enum_ES_area_48": "Vizcaya",
  "signup_enum_ES_area_49": "Zamora",
  "signup_enum_ES_area_50": "Zaragoza",
  "signup_enum_ES_area_51": "Ceuta",
  "signup_enum_ES_area_52": "Melilla",
  "signup_enum_QC_area_AB": "Alberta",
  "signup_enum_QC_area_BC": "Colombie-Britannique",
  "signup_enum_QC_area_MB": "Manitoba",
  "signup_enum_QC_area_NB": "Nouveau-Brunswick",
  "signup_enum_QC_area_NL": "Terre-Neuve-et-Labrador",
  "signup_enum_QC_area_NS": "Nouvelle-Écosse",
  "signup_enum_QC_area_NT": "TerritoiresduNord-Ouest",
  "signup_enum_QC_area_NU": "Nunavut",
  "signup_enum_QC_area_ON": "Ontario",
  "signup_enum_QC_area_PE": "Île-du-Prince-Édouard",
  "signup_enum_QC_area_QC": "Québec",
  "signup_enum_QC_area_SK": "Saskatchewan",
  "signup_enum_QC_area_YT": "Yukon",
  "signup_enum_IT_area_AG": "Agrigento (Sicilia)",
  "signup_enum_IT_area_AL": "Alessandria (Piemonte)",
  "signup_enum_IT_area_AN": "Ancona (Marche)",
  "signup_enum_IT_area_AO": "Aosta (Valle d'Aosta)",
  "signup_enum_IT_area_AR": "Arezzo (Toscana)",
  "signup_enum_IT_area_AP": "Ascoli Piceno (Marche)",
  "signup_enum_IT_area_AT": "Asti (Piemonte)",
  "signup_enum_IT_area_AV": "Avellino (Campania)",
  "signup_enum_IT_area_BA": "Bari (Puglia)",
  "signup_enum_IT_area_BL": "Belluno (Veneto)",
  "signup_enum_IT_area_BN": "Benevento (Campania)",
  "signup_enum_IT_area_BG": "Bergamo (Lombardia)",
  "signup_enum_IT_area_BI": "Biella (Piemonte)",
  "signup_enum_IT_area_BO": "Bologna (Emilia-Romagna)",
  "signup_enum_IT_area_BZ": "Bolzano (Trentino-Alto Adige)",
  "signup_enum_IT_area_BS": "Brescia (Lombardia)",
  "signup_enum_IT_area_BR": "Brindisi (Puglia)",
  "signup_enum_IT_area_CA": "Cagliari (Sardegna)",
  "signup_enum_IT_area_CL": "Caltanissetta (Sicilia)",
  "signup_enum_IT_area_CB": "Campobasso (Molise)",
  "signup_enum_IT_area_CI": "Carbonia-Iglesias (Sardegna)",
  "signup_enum_IT_area_CE": "Caserta (Campania)",
  "signup_enum_IT_area_CT": "Catania (Sicilia)",
  "signup_enum_IT_area_CZ": "Catanzaro (Calabria)",
  "signup_enum_IT_area_CH": "Chieti (Abruzzo)",
  "signup_enum_IT_area_CO": "Como (Lombardia)",
  "signup_enum_IT_area_CS": "Cosenza (Calabria)",
  "signup_enum_IT_area_CR": "Cremona (Lombardia)",
  "signup_enum_IT_area_KR": "Crotone (Calabria)",
  "signup_enum_IT_area_CN": "Cuneo (Piemonte)",
  "signup_enum_IT_area_EN": "Enna (Sicilia)",
  "signup_enum_IT_area_FE": "Ferrara (Emilia-Romagna)",
  "signup_enum_IT_area_FI": "Firenze (Toscana)",
  "signup_enum_IT_area_FG": "Foggia (Puglia)",
  "signup_enum_IT_area_FC": "Forlì-Cesena (Emilia-Romagna)",
  "signup_enum_IT_area_FR": "Frosinone (Lazio)",
  "signup_enum_IT_area_GE": "Genova (Liguria)",
  "signup_enum_IT_area_GO": "Gorizia (Friuli-Venezia Giulia)",
  "signup_enum_IT_area_GR": "Grosseto (Toscana)",
  "signup_enum_IT_area_IM": "Imperia (Liguria)",
  "signup_enum_IT_area_IS": "Isernia (Molise)",
  "signup_enum_IT_area_SP": "La Spezia (Liguria)",
  "signup_enum_IT_area_AQ": "L'Aquila (Abruzzo)",
  "signup_enum_IT_area_LT": "Latina (Lazio)",
  "signup_enum_IT_area_LE": "Lecce (Puglia)",
  "signup_enum_IT_area_LC": "Lecco (Lombardia)",
  "signup_enum_IT_area_LI": "Livorno (Toscana)",
  "signup_enum_IT_area_LO": "Lodi (Lombardia)",
  "signup_enum_IT_area_LU": "Lucca (Toscana)",
  "signup_enum_IT_area_MC": "Macerata (Marche)",
  "signup_enum_IT_area_MN": "Mantova (Lombardia)",
  "signup_enum_IT_area_MS": "Massa-Carrara (Toscana)",
  "signup_enum_IT_area_MT": "Matera (Basilicata)",
  "signup_enum_IT_area_ME": "Messina (Sicilia)",
  "signup_enum_IT_area_MI": "Milano (Lombardia)",
  "signup_enum_IT_area_MO": "Modena (Emilia-Romagna)",
  "signup_enum_IT_area_NA": "Napoli (Campania)",
  "signup_enum_IT_area_NO": "Novara (Piemonte)",
  "signup_enum_IT_area_NU": "Nuoro (Sardegna)",
  "signup_enum_IT_area_OT": "Olbia-Tempio (Sardegna)",
  "signup_enum_IT_area_OR": "Oristano (Sardegna)",
  "signup_enum_IT_area_PD": "Padova (Veneto)",
  "signup_enum_IT_area_PA": "Palermo (Sicilia)",
  "signup_enum_IT_area_PR": "Parma (Emilia-Romagna)",
  "signup_enum_IT_area_PV": "Pavia (Lombardia)",
  "signup_enum_IT_area_PG": "Perugia (Umbria)",
  "signup_enum_IT_area_PU": "Pesaro e Urbino (Marche)",
  "signup_enum_IT_area_PE": "Pescara (Abruzzo)",
  "signup_enum_IT_area_PC": "Piacenza (Emilia-Romagna)",
  "signup_enum_IT_area_PI": "Pisa (Toscana)",
  "signup_enum_IT_area_PT": "Pistoia (Toscana)",
  "signup_enum_IT_area_PN": "Pordenone (Friuli-Venezia Giulia)",
  "signup_enum_IT_area_PZ": "Potenza (Basilicata)",
  "signup_enum_IT_area_PO": "Prato (Toscana)",
  "signup_enum_IT_area_RG": "Ragusa (Sicilia)",
  "signup_enum_IT_area_RA": "Ravenna (Emilia-Romagna)",
  "signup_enum_IT_area_RC": "Reggio Calabria (Calabria)",
  "signup_enum_IT_area_RE": "Reggio Emilia (Emilia-Romagna)",
  "signup_enum_IT_area_RI": "Rieti (Lazio)",
  "signup_enum_IT_area_RN": "Rimini (Emilia-Romagna)",
  "signup_enum_IT_area_RM": "Roma (Lazio)",
  "signup_enum_IT_area_RO": "Rovigo (Veneto)",
  "signup_enum_IT_area_SA": "Salerno (Campania)",
  "signup_enum_IT_area_VS": "Medio Campidano (Sardegna)",
  "signup_enum_IT_area_SS": "Sassari (Sardegna)",
  "signup_enum_IT_area_SV": "Savona (Liguria)",
  "signup_enum_IT_area_SI": "Siena (Toscana)",
  "signup_enum_IT_area_SR": "Siracusa (Sicilia)",
  "signup_enum_IT_area_SO": "Sondrio (Lombardia)",
  "signup_enum_IT_area_TA": "Taranto (Puglia)",
  "signup_enum_IT_area_TE": "Teramo (Abruzzo)",
  "signup_enum_IT_area_TR": "Terni (Umbria)",
  "signup_enum_IT_area_TO": "Torino (Piemonte)",
  "signup_enum_IT_area_OG": "Ogliastra (Sardegna)",
  "signup_enum_IT_area_TP": "Trapani (Sicilia)",
  "signup_enum_IT_area_TN": "Trento (Trentino-Alto Adige)",
  "signup_enum_IT_area_TV": "Treviso (Veneto)",
  "signup_enum_IT_area_TS": "Trieste (Friuli-Venezia Giulia)",
  "signup_enum_IT_area_UD": "Udine (Friuli-Venezia Giulia)",
  "signup_enum_IT_area_VA": "Varese (Lombardia)",
  "signup_enum_IT_area_VE": "Venezia (Veneto)",
  "signup_enum_IT_area_VB": "Verbano-Cusio-Ossola (Piemonte)",
  "signup_enum_IT_area_VC": "Vercelli (Piemonte)",
  "signup_enum_IT_area_VR": "Verona (Veneto)",
  "signup_enum_IT_area_VV": "Vibo Valentia (Calabria)",
  "signup_enum_IT_area_VI": "Vicenza (Veneto)",
  "signup_enum_IT_area_VT": "Viterbo (Lazio)",
  "signup_enum_IT_area_BT": "Barletta-Andria-Trani (Puglia)",
  "signup_enum_IT_area_FM": "Fermo (Marche)",
  "signup_enum_IT_area_MB": "Monza E Brianza (Lombardia)"
}
