{
  "signup_submit": "Crea un account",
  "signup_submit_error": "Ops! Si è verificato un errore durante la creazione dell'account.",
  "signup_not_mandatory_field": "(facoltativo)",
  "signup_email_in_use": "Per questa email esiste già un account cliente OVHcloud.",
  "signup_password_invalid": "Deve contenere almeno una cifra, una lettera maiuscola e una minuscola ed essere costituita da 8 o più caratteri.",
  "signup_section_account": "Il tuo account",
  "signup_section_personal": "Informazioni personali",
  "signup_section_contact": "I tuoi dati",
  "signup_section_other": "Ulteriori informazioni",
  "signup_field_date_placeholder": "aaaa-mm-gg",
  "signup_field_date_calendar": "Scegli la data",
  "signup_field_legalform": "Tipo di account",
  "signup_field_country": "Paese",
  "signup_field_language": "Lingua",
  "signup_field_firstname": "Nome",
  "signup_field_name": "Nome",
  "signup_field_email": "Email",
  "signup_field_commercialCommunicationsApproval": "Accetto di ricevere informazioni relative ai servizi OVH.",
  "signup_field_password": "Password",
  "signup_field_corporationType": "Tipo di azienda",
  "signup_field_organisation": "Organizzazione",
  "signup_field_companyNationalIdentificationNumber": "Codice fiscale organizzazione",
  "signup_field_sex": "Sesso",
  "signup_field_vat": "Partita IVA comunitaria",
  "signup_field_address": "Indirizzo",
  "signup_field_area": "Region",
  "signup_field_state": "Stato",
  "signup_field_zip": "Codice postale",
  "signup_field_city": "Città",
  "signup_field_birthDay": "Data di nascita",
  "signup_field_birthCity": "Luogo di nascita",
  "signup_field_nationalIdentificationNumber": "Codice fiscale",
  "signup_field_phone": "Telefono",
  "signup_field_fax": "Fax",
  "signup_field_spareEmail": "Email di recupero",
  "signup_field_ovhCompany": "Gruppo",
  "signup_field_ovhSubsidiary": "Filiale OVHcloud",
  "signup_field_timezone": "Fuso orario:",
  "signup_field_customerCode": "Codice cliente",
  "signup_field_italianSDI": "SDI (per fatturazione elettronica)",
  "signup_enum_legalform_association": "Associazione",
  "signup_enum_legalform_corporation": "Società",
  "signup_enum_legalform_personalcorporation": "Ditta individuale",
  "signup_enum_legalform_individual": "Privato",
  "signup_enum_legalform_administration": "Pubblica amministrazione",
  "signup_enum_legalform_other": "Altro",
  "signup_enum_ovhCompany_kimsufi": "Kimsufi",
  "signup_enum_ovhCompany_ovh": "OVHcloud",
  "signup_enum_ovhCompany_soyoustart": "So you Start",
  "signup_enum_sex_female": "F",
  "signup_enum_sex_male": "M",
  "signup_enum_corporationType_sapa": "SAPA",
  "signup_enum_corporationType_sas": "SAS",
  "signup_enum_corporationType_scarl": "SCARL",
  "signup_enum_corporationType_snc": "SNC",
  "signup_enum_corporationType_spa": "SPA",
  "signup_enum_corporationType_srl": "SRL",
  "signup_enum_corporationType_ss": "SS",
  "signup_enum_corporationType_personnelle": "Personale",
  "signup_enum_language_de_DE": "Tedesco",
  "signup_enum_language_en_GB": "Inglese",
  "signup_enum_language_en_AU": "Inglese (Australia)",
  "signup_enum_language_en_US": "Inglese (Stati Uniti)",
  "signup_enum_language_en_CA": "Inglese (Canada)",
  "signup_enum_language_es_ES": "Spagnolo",
  "signup_enum_language_fr_FR": "Francese",
  "signup_enum_language_fr_CA": "Francese (Canada)",
  "signup_enum_language_fr_MA": "Francese (Marocco)",
  "signup_enum_language_fr_SN": "Francese (Senegal)",
  "signup_enum_language_fr_TN": "Francese (Tunisia)",
  "signup_enum_language_pl_PL": "Polacco",
  "signup_enum_language_cs_CZ": "Ceco",
  "signup_enum_language_fi_FI": "Finlandese",
  "signup_enum_language_en_IE": "Irlandese",
  "signup_enum_language_it_IT": "Italiano",
  "signup_enum_language_lt_LT": "Lituano",
  "signup_enum_language_nl_NL": "Olandese",
  "signup_enum_language_pt_PT": "Portoghese",
  "signup_enum_ovhSubsidiary_ASIA": "Asia",
  "signup_enum_ovhSubsidiary_AU": "Australia",
  "signup_enum_ovhSubsidiary_CA": "Canada",
  "signup_enum_ovhSubsidiary_CZ": "Repubblica Ceca",
  "signup_enum_ovhSubsidiary_DE": "Germania",
  "signup_enum_ovhSubsidiary_ES": "Spagna",
  "signup_enum_ovhSubsidiary_EU": "Europa",
  "signup_enum_ovhSubsidiary_FI": "Finlandia",
  "signup_enum_ovhSubsidiary_FR": "Francia",
  "signup_enum_ovhSubsidiary_GB": "Regno Unito",
  "signup_enum_ovhSubsidiary_IE": "Irlanda",
  "signup_enum_ovhSubsidiary_IT": "Italia",
  "signup_enum_ovhSubsidiary_LT": "Lituania",
  "signup_enum_ovhSubsidiary_LTE": "Lituania",
  "signup_enum_ovhSubsidiary_MA": "Marocco",
  "signup_enum_ovhSubsidiary_NL": "Paesi Bassi",
  "signup_enum_ovhSubsidiary_PL": "Polonia",
  "signup_enum_ovhSubsidiary_PT": "Portogallo",
  "signup_enum_ovhSubsidiary_QC": "Quebec",
  "signup_enum_ovhSubsidiary_SG": "Singapore",
  "signup_enum_ovhSubsidiary_SN": "Senegal",
  "signup_enum_ovhSubsidiary_TN": "Tunisia",
  "signup_enum_ovhSubsidiary_US": "Stati Uniti",
  "signup_enum_ovhSubsidiary_WE": "Stati Uniti",
  "signup_enum_ovhSubsidiary_WS": "America Latina",
  "signup_enum_country_AD": "Andorra",
  "signup_enum_country_AE": "Emirati Arabi Uniti",
  "signup_enum_country_AF": "Afghanistan",
  "signup_enum_country_AG": "Antigua e Barbuda",
  "signup_enum_country_AI": "Anguilla",
  "signup_enum_country_AL": "Albania",
  "signup_enum_country_AM": "Armenia",
  "signup_enum_country_AO": "Angola",
  "signup_enum_country_AR": "Argentina",
  "signup_enum_country_AS": "Samoa Americane",
  "signup_enum_country_AT": "Austria",
  "signup_enum_country_AU": "Australia",
  "signup_enum_country_AW": "Aruba",
  "signup_enum_country_AX": "Åland, Isole",
  "signup_enum_country_AZ": "Azerbaigian",
  "signup_enum_country_BA": "Bosnia-Erzegovina",
  "signup_enum_country_BB": "Barbados",
  "signup_enum_country_BD": "Bangladesh",
  "signup_enum_country_BE": "Belgio",
  "signup_enum_country_BF": "Burkina Faso",
  "signup_enum_country_BG": "Bulgaria",
  "signup_enum_country_BH": "Bahrein",
  "signup_enum_country_BI": "Burundi",
  "signup_enum_country_BJ": "Benin",
  "signup_enum_country_BL": "Saint-Barthélemy",
  "signup_enum_country_BM": "Bermuda",
  "signup_enum_country_BN": "Brunei Darussalam",
  "signup_enum_country_BO": "Bolivia",
  "signup_enum_country_BQ": "Paesi Bassi caraibici",
  "signup_enum_country_BR": "Brasile",
  "signup_enum_country_BS": "Bahamas",
  "signup_enum_country_BT": "Bhutan",
  "signup_enum_country_BW": "Botswana",
  "signup_enum_country_BY": "Bielorussia",
  "signup_enum_country_BZ": "Belize",
  "signup_enum_country_CA": "Canada",
  "signup_enum_country_CC": "Cocos (Keeling), Isole",
  "signup_enum_country_CD": "Congo, Repubblica Democratica",
  "signup_enum_country_CF": "Centrafrica, Repubblica",
  "signup_enum_country_CG": "Congo",
  "signup_enum_country_CH": "Svizzera",
  "signup_enum_country_CI": "Costa d'Avorio",
  "signup_enum_country_CK": "Cook, Isole",
  "signup_enum_country_CL": "Cile",
  "signup_enum_country_CM": "Camerun",
  "signup_enum_country_CN": "Cina",
  "signup_enum_country_CO": "Colombia",
  "signup_enum_country_CR": "Costa Rica",
  "signup_enum_country_CU": "Cuba",
  "signup_enum_country_CV": "Capo Verde",
  "signup_enum_country_CW": "Curaçao",
  "signup_enum_country_CX": "Christmas, Isole",
  "signup_enum_country_CY": "Cipro",
  "signup_enum_country_CZ": "Repubblica Ceca",
  "signup_enum_country_DE": "Germania",
  "signup_enum_country_DJ": "Gibuti",
  "signup_enum_country_DK": "Danimarca",
  "signup_enum_country_DM": "Santo Domingo",
  "signup_enum_country_DO": "Dominicana, Repubblica",
  "signup_enum_country_DZ": "Algeria",
  "signup_enum_country_EC": "Ecuador",
  "signup_enum_country_EE": "Estonia",
  "signup_enum_country_EG": "Egitto",
  "signup_enum_country_EH": "Sahara Occidentale",
  "signup_enum_country_ER": "Eritrea",
  "signup_enum_country_ES": "Spagna",
  "signup_enum_country_ET": "Etiopia",
  "signup_enum_country_FI": "Finlandia",
  "signup_enum_country_FJ": "Fiji",
  "signup_enum_country_FK": "Falkland, Isole",
  "signup_enum_country_FM": "Micronesia, Stati Federali",
  "signup_enum_country_FO": "Fær Øer, Isole",
  "signup_enum_country_FR": "Francia",
  "signup_enum_country_GA": "Gabon",
  "signup_enum_country_GB": "Regno Unito",
  "signup_enum_country_GD": "Grenada",
  "signup_enum_country_GE": "Georgia",
  "signup_enum_country_GF": "Guyana Francese",
  "signup_enum_country_GG": "Guernsey",
  "signup_enum_country_GH": "Ghana",
  "signup_enum_country_GI": "Gibilterra",
  "signup_enum_country_GL": "Groenlandia",
  "signup_enum_country_GM": "Gambia",
  "signup_enum_country_GN": "Guinea",
  "signup_enum_country_GP": "Guadalupa",
  "signup_enum_country_GQ": "Guinea Equatoriale",
  "signup_enum_country_GR": "Grecia",
  "signup_enum_country_GS": "Georgia del Sud e Sandwich Australi",
  "signup_enum_country_GT": "Guatemala",
  "signup_enum_country_GU": "Guam",
  "signup_enum_country_GW": "Guinea-Bissau",
  "signup_enum_country_GY": "Guyana",
  "signup_enum_country_HK": "Hong-Kong",
  "signup_enum_country_HN": "Honduras",
  "signup_enum_country_HR": "Croazia",
  "signup_enum_country_HT": "Haiti",
  "signup_enum_country_HU": "Ungheria",
  "signup_enum_country_ID": "Indonesia",
  "signup_enum_country_IE": "Irlanda",
  "signup_enum_country_IL": "Israele",
  "signup_enum_country_IM": "Isola di Man",
  "signup_enum_country_IN": "India",
  "signup_enum_country_IO": "Oceano Indiano, Territorio Britannico ",
  "signup_enum_country_IQ": "Iraq",
  "signup_enum_country_IR": "Iran, Repubblica Islamica",
  "signup_enum_country_IS": "Islanda",
  "signup_enum_country_IT": "Italia",
  "signup_enum_country_JE": "Jersey",
  "signup_enum_country_JM": "Giamaica",
  "signup_enum_country_JO": "Giordania",
  "signup_enum_country_JP": "Giappone",
  "signup_enum_country_KE": "Kenya",
  "signup_enum_country_KG": "Kirghizistan",
  "signup_enum_country_KH": "Cambogia",
  "signup_enum_country_KI": "Kiribati",
  "signup_enum_country_KM": "Comore",
  "signup_enum_country_KN": "San-Kitts-e-Nevis",
  "signup_enum_country_KP": "Corea, Repubblica Popolare Democratica",
  "signup_enum_country_KR": "Corea, Repubblica",
  "signup_enum_country_KW": "Kuwait",
  "signup_enum_country_KY": "Caiman, Isole",
  "signup_enum_country_KZ": "Kazakistan",
  "signup_enum_country_LA": "Laos, Repubblica Popolare Democratica",
  "signup_enum_country_LB": "Libano",
  "signup_enum_country_LC": "Saint-Lucia",
  "signup_enum_country_LI": "Liechtenstein",
  "signup_enum_country_LK": "Sri Lanka",
  "signup_enum_country_LR": "Liberia",
  "signup_enum_country_LS": "Lesotho",
  "signup_enum_country_LT": "Lituania",
  "signup_enum_country_LU": "Lussemburgo",
  "signup_enum_country_LV": "Lettonia",
  "signup_enum_country_LY": "Libia",
  "signup_enum_country_MA": "Marocco",
  "signup_enum_country_MC": "Monaco",
  "signup_enum_country_MD": "Moldavia",
  "signup_enum_country_ME": "Montenegro",
  "signup_enum_country_MF": "Saint Martin (parte francese)",
  "signup_enum_country_MG": "Madagascar",
  "signup_enum_country_MH": "Marshall, Isole",
  "signup_enum_country_MK": "Macedonia",
  "signup_enum_country_ML": "Mali",
  "signup_enum_country_MM": "Myanmar",
  "signup_enum_country_MN": "Mongolia",
  "signup_enum_country_MO": "Macao",
  "signup_enum_country_MP": "Marianne del Nord, Isole",
  "signup_enum_country_MQ": "Martinica",
  "signup_enum_country_MR": "Mauritania",
  "signup_enum_country_MS": "Monserrato",
  "signup_enum_country_MT": "Malta",
  "signup_enum_country_MU": "Repubblica di Mauritius",
  "signup_enum_country_MV": "Maldive",
  "signup_enum_country_MW": "Malawi",
  "signup_enum_country_MX": "Messico",
  "signup_enum_country_MY": "Malaisia",
  "signup_enum_country_MZ": "Mozambico",
  "signup_enum_country_NA": "Namibia",
  "signup_enum_country_NC": "Nuova Caledonia",
  "signup_enum_country_NE": "Niger",
  "signup_enum_country_NF": "Norfolk, Isola",
  "signup_enum_country_NG": "Nigeria",
  "signup_enum_country_NI": "Nicaragua",
  "signup_enum_country_NL": "Paesi Bassi",
  "signup_enum_country_NO": "Norvegia",
  "signup_enum_country_NP": "Nepal",
  "signup_enum_country_NR": "Nauru",
  "signup_enum_country_NU": "Niue",
  "signup_enum_country_NZ": "Nuova Zelanda",
  "signup_enum_country_OM": "Oman",
  "signup_enum_country_PA": "Panama",
  "signup_enum_country_PE": "Perù",
  "signup_enum_country_PF": "Polinesia francese",
  "signup_enum_country_PG": "Papua Nuova Guinea",
  "signup_enum_country_PH": "Filippine",
  "signup_enum_country_PK": "Pakistan",
  "signup_enum_country_PL": "Polonia",
  "signup_enum_country_PM": "Saint Pierre e Miquelon",
  "signup_enum_country_PN": "Pitcairn, Isole",
  "signup_enum_country_PR": "Porto Rico",
  "signup_enum_country_PS": "Territori Palestinesi",
  "signup_enum_country_PT": "Portogallo",
  "signup_enum_country_PW": "Palau",
  "signup_enum_country_PY": "Paraguay",
  "signup_enum_country_QA": "Qatar",
  "signup_enum_country_QC": "Quebec",
  "signup_enum_country_RE": "Isola della Riunione",
  "signup_enum_country_RO": "Romania",
  "signup_enum_country_RS": "Repubblica di Serbia ",
  "signup_enum_country_RU": "Russia",
  "signup_enum_country_RW": "Ruanda",
  "signup_enum_country_SA": "Arabia Saudita",
  "signup_enum_country_SB": "Salomone, Isole",
  "signup_enum_country_SC": "Seychelles",
  "signup_enum_country_SD": "Sudan",
  "signup_enum_country_SE": "Svezia",
  "signup_enum_country_SG": "Singapore",
  "signup_enum_country_SH": "Sant'Elena",
  "signup_enum_country_SI": "Slovenia",
  "signup_enum_country_SJ": "Svalbard and Jan Mayen",
  "signup_enum_country_SK": "Slovacchia",
  "signup_enum_country_SL": "Sierra Leone",
  "signup_enum_country_SM": "San Marino",
  "signup_enum_country_SN": "Senegal",
  "signup_enum_country_SO": "Somalia",
  "signup_enum_country_SR": "Suriname",
  "signup_enum_country_SS": "Sudan del Sud",
  "signup_enum_country_ST": "Sao Tomé e Principe",
  "signup_enum_country_SV": "El Salvador",
  "signup_enum_country_SX": "Saint-Martin (Olanda)",
  "signup_enum_country_SY": "Siria",
  "signup_enum_country_SZ": "Swaziland",
  "signup_enum_country_TC": "Turks e Caicos, Isole",
  "signup_enum_country_TD": "Ciad",
  "signup_enum_country_TF": "Terre australi e antartiche francesi",
  "signup_enum_country_TG": "Togo",
  "signup_enum_country_TH": "Thailandia",
  "signup_enum_country_TJ": "Tagikistan",
  "signup_enum_country_TK": "Tokelau",
  "signup_enum_country_TL": "Timor-Est",
  "signup_enum_country_TM": "Turkmenistan",
  "signup_enum_country_TN": "Tunisia",
  "signup_enum_country_TO": "Tonga",
  "signup_enum_country_TR": "Turchia",
  "signup_enum_country_TT": "Trinidad e Tobago",
  "signup_enum_country_TV": "Tuvalu",
  "signup_enum_country_TW": "Taiwan, provincia cinese",
  "signup_enum_country_TZ": "Tanzania, Repubblica Unita",
  "signup_enum_country_UA": "Ucraina",
  "signup_enum_country_UG": "Uganda",
  "signup_enum_country_UK": "Regno Unito",
  "signup_enum_country_UM": "Isole Minori USA",
  "signup_enum_country_US": "Stati Uniti",
  "signup_enum_country_UY": "Uruguay",
  "signup_enum_country_UZ": "Uzbekistan",
  "signup_enum_country_VA": "Vaticano",
  "signup_enum_country_VC": "Saint Vincent e Grenadine",
  "signup_enum_country_VE": "Venezuela",
  "signup_enum_country_VG": "Isole Vergini Britanniche",
  "signup_enum_country_VI": "Isole Vergini USA",
  "signup_enum_country_VN": "Vietnam",
  "signup_enum_country_VU": "Vanuatu",
  "signup_enum_country_WF": "Wallis e Futuna",
  "signup_enum_country_WS": "Samoa",
  "signup_enum_country_YE": "Yemen",
  "signup_enum_country_YT": "Mayotte",
  "signup_enum_country_ZA": "Sudafrica",
  "signup_enum_country_ZM": "Zambia",
  "signup_enum_country_ZW": "Zimbabwe",
  "signup_enum_country_ASIA": "Asia",
  "signup_enum_country_EU": "Europa",
  "signup_enum_country_LTE": "Lituania",
  "signup_enum_country_WE": "Stati Uniti",
  "signup_enum_country_AC": "Isola di Ascensione",
  "signup_enum_country_AQ": "Antartide",
  "signup_enum_country_DG": "Diego Garcia",
  "signup_enum_country_EA": "Ceuta",
  "signup_enum_country_IC": "Isole Canarie",
  "signup_enum_country_TA": "Tristan da Cunha (arcipelago)",
  "signup_enum_country_XK": "Repubblica del Kosovo",
  "signup_enum_AU_area_NSW": "Nuovo Galles del Sud",
  "signup_enum_AU_area_QLD": "Queensland",
  "signup_enum_AU_area_SA": "Australia Meridionale",
  "signup_enum_AU_area_TAS": "Tasmania",
  "signup_enum_AU_area_VIC": "Victoria",
  "signup_enum_AU_area_WA": "Australia Occidentale",
  "signup_enum_AU_area_ACT": "Territorio della Capitale Australiana",
  "signup_enum_AU_area_NT": "Territorio del Nord",
  "signup_enum_WE_area_AL": "Alabama",
  "signup_enum_WE_area_AK": "Alaska",
  "signup_enum_WE_area_AZ": "Arizona",
  "signup_enum_WE_area_AR": "Arkansas",
  "signup_enum_WE_area_CA": "California",
  "signup_enum_WE_area_CO": "Colorado",
  "signup_enum_WE_area_CT": "Connecticut",
  "signup_enum_WE_area_DE": "Delaware",
  "signup_enum_WE_area_DC": "Distretto di Columbia",
  "signup_enum_WE_area_FL": "Florida",
  "signup_enum_WE_area_GA": "Georgia",
  "signup_enum_WE_area_HI": "Hawaii",
  "signup_enum_WE_area_ID": "Idaho",
  "signup_enum_WE_area_IL": "Illinois",
  "signup_enum_WE_area_IN": "Indiana",
  "signup_enum_WE_area_IA": "Iowa",
  "signup_enum_WE_area_KS": "Kansas",
  "signup_enum_WE_area_KY": "Kentucky",
  "signup_enum_WE_area_LA": "Louisiana",
  "signup_enum_WE_area_ME": "Maine",
  "signup_enum_WE_area_MD": "Maryland",
  "signup_enum_WE_area_MA": "Massachusetts",
  "signup_enum_WE_area_MI": "Michigan",
  "signup_enum_WE_area_MN": "Minnesota",
  "signup_enum_WE_area_MS": "Mississippi",
  "signup_enum_WE_area_MO": "Missouri",
  "signup_enum_WE_area_MT": "Montana",
  "signup_enum_WE_area_NE": "Nebraska",
  "signup_enum_WE_area_NV": "Nevada",
  "signup_enum_WE_area_NH": "New Hampshire",
  "signup_enum_WE_area_NJ": "New Jersey",
  "signup_enum_WE_area_NM": "Nuovo Messico",
  "signup_enum_WE_area_NY": "New York",
  "signup_enum_WE_area_NC": "Carolina del Nord",
  "signup_enum_WE_area_ND": "Dakota del Nord",
  "signup_enum_WE_area_OH": "Ohio",
  "signup_enum_WE_area_OK": "Oklahoma",
  "signup_enum_WE_area_OR": "Oregon",
  "signup_enum_WE_area_PA": "Pennsylvania",
  "signup_enum_WE_area_RI": "Rhode Island",
  "signup_enum_WE_area_SC": "Carolina del Sud",
  "signup_enum_WE_area_SD": "Dakota del Sud",
  "signup_enum_WE_area_TN": "Tennessee",
  "signup_enum_WE_area_TX": "Texas",
  "signup_enum_WE_area_UT": "Utah",
  "signup_enum_WE_area_VT": "Vermont",
  "signup_enum_WE_area_VA": "Virginia",
  "signup_enum_WE_area_WA": "Washington",
  "signup_enum_WE_area_WV": "Virginia Occidentale",
  "signup_enum_WE_area_WI": "Wisconsin",
  "signup_enum_WE_area_WY": "Wyoming",
  "signup_enum_US_area_AL": "Alabama",
  "signup_enum_US_area_AK": "Alaska",
  "signup_enum_US_area_AZ": "Arizona",
  "signup_enum_US_area_AR": "Arkansas",
  "signup_enum_US_area_CA": "California",
  "signup_enum_US_area_CO": "Colorado",
  "signup_enum_US_area_CT": "Connecticut",
  "signup_enum_US_area_DE": "Delaware",
  "signup_enum_US_area_DC": "Distretto di Columbia",
  "signup_enum_US_area_FL": "Florida",
  "signup_enum_US_area_GA": "Georgia",
  "signup_enum_US_area_HI": "Hawaii",
  "signup_enum_US_area_ID": "Idaho",
  "signup_enum_US_area_IL": "Illinois",
  "signup_enum_US_area_IN": "Indiana",
  "signup_enum_US_area_IA": "Iowa",
  "signup_enum_US_area_KS": "Kansas",
  "signup_enum_US_area_KY": "Kentucky",
  "signup_enum_US_area_LA": "Louisiana",
  "signup_enum_US_area_ME": "Maine",
  "signup_enum_US_area_MD": "Maryland",
  "signup_enum_US_area_MA": "Massachusetts",
  "signup_enum_US_area_MI": "Michigan",
  "signup_enum_US_area_MN": "Minnesota",
  "signup_enum_US_area_MS": "Mississippi",
  "signup_enum_US_area_MO": "Missouri",
  "signup_enum_US_area_MT": "Montana",
  "signup_enum_US_area_NE": "Nebraska",
  "signup_enum_US_area_NV": "Nevada",
  "signup_enum_US_area_NH": "New Hampshire",
  "signup_enum_US_area_NJ": "New Jersey",
  "signup_enum_US_area_NM": "Nuovo Messico",
  "signup_enum_US_area_NY": "New York",
  "signup_enum_US_area_NC": "Carolina del Nord",
  "signup_enum_US_area_ND": "Dakota del Nord",
  "signup_enum_US_area_OH": "Ohio",
  "signup_enum_US_area_OK": "Oklahoma",
  "signup_enum_US_area_OR": "Oregon",
  "signup_enum_US_area_PA": "Pennsylvania",
  "signup_enum_US_area_RI": "Rhode Island",
  "signup_enum_US_area_SC": "Carolina del Sud",
  "signup_enum_US_area_SD": "Dakota del Sud",
  "signup_enum_US_area_TN": "Tennessee",
  "signup_enum_US_area_TX": "Texas",
  "signup_enum_US_area_UT": "Utah",
  "signup_enum_US_area_VT": "Vermont",
  "signup_enum_US_area_VA": "Virginia",
  "signup_enum_US_area_WA": "Washington",
  "signup_enum_US_area_WV": "Virginia Occidentale",
  "signup_enum_US_area_WI": "Wisconsin",
  "signup_enum_US_area_WY": "Wyoming",
  "signup_enum_IE_area_CW": "Carlow",
  "signup_enum_IE_area_CN": "Cavan",
  "signup_enum_IE_area_CE": "Clare",
  "signup_enum_IE_area_CO": "Cork",
  "signup_enum_IE_area_DL": "Donegal",
  "signup_enum_IE_area_D": "Dublino",
  "signup_enum_IE_area_G": "Galway",
  "signup_enum_IE_area_KY": "Kerry",
  "signup_enum_IE_area_KE": "Kildare",
  "signup_enum_IE_area_KK": "Kilkenny",
  "signup_enum_IE_area_LS": "Laois",
  "signup_enum_IE_area_LM": "Leitrim",
  "signup_enum_IE_area_LK": "Limerick",
  "signup_enum_IE_area_LD": "Longford",
  "signup_enum_IE_area_LH": "Louth",
  "signup_enum_IE_area_MO": "Mayo",
  "signup_enum_IE_area_MH": "Meath",
  "signup_enum_IE_area_MN": "Monaghan",
  "signup_enum_IE_area_OY": "Offaly",
  "signup_enum_IE_area_RN": "Roscommon",
  "signup_enum_IE_area_SO": "Sligo",
  "signup_enum_IE_area_TA": "Tipperary",
  "signup_enum_IE_area_WD": "Waterford",
  "signup_enum_IE_area_WH": "Westmeath",
  "signup_enum_IE_area_WW": "Wexford",
  "signup_enum_IE_area_WX": "Wicklow",
  "signup_enum_IE_area_D1": "Dublin 1",
  "signup_enum_IE_area_D2": "Dublin 2",
  "signup_enum_IE_area_D3": "Dublin 3",
  "signup_enum_IE_area_D4": "Dublin 4",
  "signup_enum_IE_area_D5": "Dublin 5",
  "signup_enum_IE_area_D6": "Dublin 6",
  "signup_enum_IE_area_D7": "Dublin 7",
  "signup_enum_IE_area_D8": "Dublin 8",
  "signup_enum_IE_area_D9": "Dublin 9",
  "signup_enum_IE_area_D10": "Dublin 10",
  "signup_enum_IE_area_D11": "Dublin 11",
  "signup_enum_IE_area_D12": "Dublin 12",
  "signup_enum_IE_area_D13": "Dublin 13",
  "signup_enum_IE_area_D14": "Dublin 14",
  "signup_enum_IE_area_D15": "Dublin 15",
  "signup_enum_IE_area_D16": "Dublin 16",
  "signup_enum_IE_area_D17": "Dublin 17",
  "signup_enum_IE_area_D18": "Dublin 18",
  "signup_enum_IE_area_D19": "Dublin 19",
  "signup_enum_IE_area_D20": "Dublin 20",
  "signup_enum_IE_area_D21": "Dublin 21",
  "signup_enum_IE_area_D22": "Dublin 22",
  "signup_enum_IE_area_D23": "Dublin 23",
  "signup_enum_IE_area_D24": "Dublin 24",
  "signup_enum_CA_area_AB": "Alberta",
  "signup_enum_CA_area_BC": "Columbia Britannica",
  "signup_enum_CA_area_MB": "Manitoba",
  "signup_enum_CA_area_NB": "Nuovo Brunswick",
  "signup_enum_CA_area_NL": "Terranova e Labrador",
  "signup_enum_CA_area_NS": "Nuova Scozia",
  "signup_enum_CA_area_NT": "Territori del Nord-Ovest",
  "signup_enum_CA_area_NU": "Nunavut",
  "signup_enum_CA_area_ON": "Ontario",
  "signup_enum_CA_area_PE": "Isola del Principe Edoardo",
  "signup_enum_CA_area_QC": "Quebec",
  "signup_enum_CA_area_SK": "Saskatchewan",
  "signup_enum_CA_area_YT": "Yukon",
  "signup_enum_ES_area_01": "Álava",
  "signup_enum_ES_area_02": "Albacete",
  "signup_enum_ES_area_03": "Alicante",
  "signup_enum_ES_area_04": "Almería",
  "signup_enum_ES_area_05": "Ávila",
  "signup_enum_ES_area_06": "Badajoz",
  "signup_enum_ES_area_07": "Isole Baleari",
  "signup_enum_ES_area_08": "Barcellona",
  "signup_enum_ES_area_09": "Burgos",
  "signup_enum_ES_area_10": "Cáceres",
  "signup_enum_ES_area_11": "Cadice",
  "signup_enum_ES_area_12": "Castellón",
  "signup_enum_ES_area_13": "Ciudad Real",
  "signup_enum_ES_area_14": "Cordova",
  "signup_enum_ES_area_15": "La Coruña",
  "signup_enum_ES_area_16": "Cuenca",
  "signup_enum_ES_area_17": "Girona",
  "signup_enum_ES_area_18": "Granada",
  "signup_enum_ES_area_19": "Guadalajara",
  "signup_enum_ES_area_20": "Guipúzcoa",
  "signup_enum_ES_area_21": "Huelva",
  "signup_enum_ES_area_22": "Huesca",
  "signup_enum_ES_area_23": "Jaén",
  "signup_enum_ES_area_24": "León",
  "signup_enum_ES_area_25": "Lleida",
  "signup_enum_ES_area_26": "La Rioja",
  "signup_enum_ES_area_27": "Lugo",
  "signup_enum_ES_area_28": "Madrid",
  "signup_enum_ES_area_29": "Malaga",
  "signup_enum_ES_area_30": "Murcia",
  "signup_enum_ES_area_31": "Navarra",
  "signup_enum_ES_area_32": "Orense",
  "signup_enum_ES_area_33": "Asturie",
  "signup_enum_ES_area_34": "Palencia",
  "signup_enum_ES_area_35": "Las Palmas",
  "signup_enum_ES_area_36": "Pontevedra",
  "signup_enum_ES_area_37": "Salamanca",
  "signup_enum_ES_area_38": "Santa Cruz de Tenerife",
  "signup_enum_ES_area_39": "Cantabria",
  "signup_enum_ES_area_40": "Segovia",
  "signup_enum_ES_area_41": "Siviglia",
  "signup_enum_ES_area_42": "Soria",
  "signup_enum_ES_area_43": "Tarragona",
  "signup_enum_ES_area_44": "Teruel",
  "signup_enum_ES_area_45": "Toledo",
  "signup_enum_ES_area_46": "Valencia",
  "signup_enum_ES_area_47": "Valladolid",
  "signup_enum_ES_area_48": "Biscaglia",
  "signup_enum_ES_area_49": "Zamora",
  "signup_enum_ES_area_50": "Saragozza",
  "signup_enum_ES_area_51": "Ceuta",
  "signup_enum_ES_area_52": "Melilla",
  "signup_enum_QC_area_AB": "Alberta",
  "signup_enum_QC_area_BC": "Columbia Britannica",
  "signup_enum_QC_area_MB": "Manitoba",
  "signup_enum_QC_area_NB": "Nuovo Brunswick",
  "signup_enum_QC_area_NL": "Terranova e Labrador",
  "signup_enum_QC_area_NS": "Nuova Scozia",
  "signup_enum_QC_area_NT": "Territori del Nord-Ovest",
  "signup_enum_QC_area_NU": "Nunavut",
  "signup_enum_QC_area_ON": "Ontario",
  "signup_enum_QC_area_PE": "Isola del Principe Edoardo",
  "signup_enum_QC_area_QC": "Québec",
  "signup_enum_QC_area_SK": "Saskatchewan",
  "signup_enum_QC_area_YT": "Yukon",
  "signup_enum_IT_area_AG": "Agrigento (Sicilia)",
  "signup_enum_IT_area_AL": "Alessandria (Piemonte)",
  "signup_enum_IT_area_AN": "Ancona (Marche)",
  "signup_enum_IT_area_AO": "Aosta (Valle d'Aosta)",
  "signup_enum_IT_area_AR": "Arezzo (Toscana)",
  "signup_enum_IT_area_AP": "Ascoli Piceno (Marche)",
  "signup_enum_IT_area_AT": "Asti (Piemonte)",
  "signup_enum_IT_area_AV": "Avellino (Campania)",
  "signup_enum_IT_area_BA": "Bari (Puglia)",
  "signup_enum_IT_area_BL": "Belluno (Veneto)",
  "signup_enum_IT_area_BN": "Benevento (Campania)",
  "signup_enum_IT_area_BG": "Bergamo (Lombardia)",
  "signup_enum_IT_area_BI": "Biella (Piemonte)",
  "signup_enum_IT_area_BO": "Bologna (Emilia-Romagna)",
  "signup_enum_IT_area_BZ": "Bolzano (Trentino-Alto Adige)",
  "signup_enum_IT_area_BS": "Brescia (Lombardia)",
  "signup_enum_IT_area_BR": "Brindisi (Puglia)",
  "signup_enum_IT_area_CA": "Cagliari (Sardegna)",
  "signup_enum_IT_area_CL": "Caltanissetta (Sicilia)",
  "signup_enum_IT_area_CB": "Campobasso (Molise)",
  "signup_enum_IT_area_CI": "Carbonia-Iglesias (Sardegna)",
  "signup_enum_IT_area_CE": "Caserta (Campania)",
  "signup_enum_IT_area_CT": "Catania (Sicilia)",
  "signup_enum_IT_area_CZ": "Catanzaro (Calabria)",
  "signup_enum_IT_area_CH": "Chieti (Abruzzo)",
  "signup_enum_IT_area_CO": "Como (Lombardia)",
  "signup_enum_IT_area_CS": "Cosenza (Calabria)",
  "signup_enum_IT_area_CR": "Cremona (Lombardia)",
  "signup_enum_IT_area_KR": "Crotone (Calabria)",
  "signup_enum_IT_area_CN": "Cuneo (Piemonte)",
  "signup_enum_IT_area_EN": "Enna (Sicilia)",
  "signup_enum_IT_area_FE": "Ferrara (Emilia-Romagna)",
  "signup_enum_IT_area_FI": "Firenze (Toscana)",
  "signup_enum_IT_area_FG": "Foggia (Puglia)",
  "signup_enum_IT_area_FC": "Forlì-Cesena (Emilia-Romagna)",
  "signup_enum_IT_area_FR": "Frosinone (Lazio)",
  "signup_enum_IT_area_GE": "Genova (Liguria)",
  "signup_enum_IT_area_GO": "Gorizia (Friuli-Venezia Giulia)",
  "signup_enum_IT_area_GR": "Grosseto (Toscana)",
  "signup_enum_IT_area_IM": "Imperia (Liguria)",
  "signup_enum_IT_area_IS": "Isernia (Molise)",
  "signup_enum_IT_area_SP": "La Spezia (Liguria)",
  "signup_enum_IT_area_AQ": "L'Aquila (Abruzzo)",
  "signup_enum_IT_area_LT": "Latina (Lazio)",
  "signup_enum_IT_area_LE": "Lecce (Puglia)",
  "signup_enum_IT_area_LC": "Lecco (Lombardia)",
  "signup_enum_IT_area_LI": "Livorno (Toscana)",
  "signup_enum_IT_area_LO": "Lodi (Lombardia)",
  "signup_enum_IT_area_LU": "Lucca (Toscana)",
  "signup_enum_IT_area_MC": "Macerata (Marche)",
  "signup_enum_IT_area_MN": "Mantova (Lombardia)",
  "signup_enum_IT_area_MS": "Massa-Carrara (Toscana)",
  "signup_enum_IT_area_MT": "Matera (Basilicata)",
  "signup_enum_IT_area_ME": "Messina (Sicilia)",
  "signup_enum_IT_area_MI": "Milano (Lombardia)",
  "signup_enum_IT_area_MO": "Modena (Emilia-Romagna)",
  "signup_enum_IT_area_NA": "Napoli (Campania)",
  "signup_enum_IT_area_NO": "Novara (Piemonte)",
  "signup_enum_IT_area_NU": "Nuoro (Sardegna)",
  "signup_enum_IT_area_OT": "Olbia-Tempio (Sardegna)",
  "signup_enum_IT_area_OR": "Oristano (Sardegna)",
  "signup_enum_IT_area_PD": "Padova (Veneto)",
  "signup_enum_IT_area_PA": "Palermo (Sicilia)",
  "signup_enum_IT_area_PR": "Parma (Emilia-Romagna)",
  "signup_enum_IT_area_PV": "Pavia (Lombardia)",
  "signup_enum_IT_area_PG": "Perugia (Umbria)",
  "signup_enum_IT_area_PU": "Pesaro e Urbino (Marche)",
  "signup_enum_IT_area_PE": "Pescara (Abruzzo)",
  "signup_enum_IT_area_PC": "Piacenza (Emilia-Romagna)",
  "signup_enum_IT_area_PI": "Pisa (Toscana)",
  "signup_enum_IT_area_PT": "Pistoia (Toscana)",
  "signup_enum_IT_area_PN": "Pordenone (Friuli-Venezia Giulia)",
  "signup_enum_IT_area_PZ": "Potenza (Basilicata)",
  "signup_enum_IT_area_PO": "Prato (Toscana)",
  "signup_enum_IT_area_RG": "Ragusa (Sicilia)",
  "signup_enum_IT_area_RA": "Ravenna (Emilia-Romagna)",
  "signup_enum_IT_area_RC": "Reggio Calabria (Calabria)",
  "signup_enum_IT_area_RE": "Reggio Emilia (Emilia-Romagna)",
  "signup_enum_IT_area_RI": "Rieti (Lazio)",
  "signup_enum_IT_area_RN": "Rimini (Emilia-Romagna)",
  "signup_enum_IT_area_RM": "Roma (Lazio)",
  "signup_enum_IT_area_RO": "Rovigo (Veneto)",
  "signup_enum_IT_area_SA": "Salerno (Campania)",
  "signup_enum_IT_area_VS": "Medio Campidano (Sardegna)",
  "signup_enum_IT_area_SS": "Sassari (Sardegna)",
  "signup_enum_IT_area_SV": "Savona (Liguria)",
  "signup_enum_IT_area_SI": "Siena (Toscana)",
  "signup_enum_IT_area_SR": "Siracusa (Sicilia)",
  "signup_enum_IT_area_SO": "Sondrio (Lombardia)",
  "signup_enum_IT_area_TA": "Taranto (Puglia)",
  "signup_enum_IT_area_TE": "Teramo (Abruzzo)",
  "signup_enum_IT_area_TR": "Terni (Umbria)",
  "signup_enum_IT_area_TO": "Torino (Piemonte)",
  "signup_enum_IT_area_OG": "Ogliastra (Sardegna)",
  "signup_enum_IT_area_TP": "Trapani (Sicilia)",
  "signup_enum_IT_area_TN": "Trento (Trentino-Alto Adige)",
  "signup_enum_IT_area_TV": "Treviso (Veneto)",
  "signup_enum_IT_area_TS": "Trieste (Friuli-Venezia Giulia)",
  "signup_enum_IT_area_UD": "Udine (Friuli-Venezia Giulia)",
  "signup_enum_IT_area_VA": "Varese (Lombardia)",
  "signup_enum_IT_area_VE": "Venezia (Veneto)",
  "signup_enum_IT_area_VB": "Verbano-Cusio-Ossola (Piemonte)",
  "signup_enum_IT_area_VC": "Vercelli (Piemonte)",
  "signup_enum_IT_area_VR": "Verona (Veneto)",
  "signup_enum_IT_area_VV": "Vibo Valentia (Calabria)",
  "signup_enum_IT_area_VI": "Vicenza (Veneto)",
  "signup_enum_IT_area_VT": "Viterbo (Lazio)",
  "signup_enum_IT_area_BT": "Barletta-Andria-Trani (Puglia)",
  "signup_enum_IT_area_FM": "Fermo (Marche)",
  "signup_enum_IT_area_MB": "Monza e Brianza (Lombardia)",
  "signup_field_managerLanguage": "Lingua dello Spazio Cliente"
}
