{
  "country_AD": "Andorra",
  "country_AE": "Vereinigte Arabische Emirate",
  "country_AF": "Afghanistan",
  "country_AG": "Antigua und Barbuda",
  "country_AI": "Vereinigtes Königreich – Anguilla",
  "country_AL": "Albanien",
  "country_AM": "Armenien",
  "country_AO": "Angola",
  "country_AR": "Argentinien",
  "country_AS": "Vereinigte Staaten – Amerikanisch-Samoa",
  "country_AT": "Österreich",
  "country_AU": "Australien",
  "country_AW": "Niederlande – Aruba",
  "country_AX": "Finnland – Ålandinseln",
  "country_AZ": "Aserbaidschan",
  "country_BA": "Bosnien-Herzegowina",
  "country_BB": "Barbados",
  "country_BD": "Bangladesch",
  "country_BE": "Belgien",
  "country_BF": "Burkina Faso",
  "country_BG": "Bulgarien",
  "country_BH": "Bahrein",
  "country_BI": "Burundi",
  "country_BJ": "Benin",
  "country_BL": "Frankreich – Saint Barthélemy",
  "country_BM": "Vereinigtes Königreich – Bermuda",
  "country_BN": "Brunei Darussalam",
  "country_BO": "Bolivien",
  "country_BQ": "Niederlande – Bonaire, St. Eustаtius und Saba",
  "country_BR": "Brasilien",
  "country_BS": "Bahamas",
  "country_BT": "Bhutan",
  "country_BV": "Norwegen  – Bouvetinsel",
  "country_BW": "Botswana",
  "country_BY": "Weißrussland",
  "country_BZ": "Belize",
  "country_CA": "Kanada",
  "country_CC": "Cocos (Keeling) Islands",
  "country_CD": "Demokratische Republik Kongo",
  "country_CF": "Zentralafrikanische Republik",
  "country_CG": "Kongo",
  "country_CH": "Schweiz",
  "country_CI": "Elfenbeinküste",
  "country_CK": "Vereinigtes Königreich – Cookinseln",
  "country_CL": "Chile",
  "country_CM": "Kamerun",
  "country_CN": "China",
  "country_CO": "Kolumbien",
  "country_CR": "Costa Rica",
  "country_CU": "Kuba",
  "country_CV": "Cabo Verde",
  "country_CW": "Niederlande – Curaçaо",
  "country_CX": "Australien – Weihnachtsinsel",
  "country_CY": "Zypern",
  "country_CZ": "Tschechien",
  "country_DE": "Deutschland",
  "country_DJ": "Dschibuti",
  "country_DK": "Dänemark",
  "country_DM": "Dominika",
  "country_DO": "Dominikanische Republik",
  "country_DZ": "Algerien",
  "country_EC": "Ecuador",
  "country_EE": "Estland",
  "country_EG": "Ägypten",
  "country_EH": "Westsahara",
  "country_ER": "Eritrea",
  "country_ES": "Spanien",
  "country_ET": "Äthiopien",
  "country_FI": "Finnland",
  "country_FJ": "Fidschi",
  "country_FK": "Vereinigtes Königreich – Falklandinseln (Malwinen)",
  "country_FM": "Mikronesien",
  "country_FO": "Dänemark – Färöer",
  "country_FR": "Frankreich – Metropole",
  "country_GA": "Gabun",
  "country_GB": "Vereinigtes Königreich",
  "country_GD": "Grenada",
  "country_GE": "Georgien",
  "country_GF": "Frankreich – Französisch-Guayana",
  "country_GG": "Vereinigtes Königreich – Guernsey",
  "country_GH": "Ghana",
  "country_GI": "Vereinigtes Königreich – Gibraltar",
  "country_GL": "Dänemark – Grönland",
  "country_GM": "Gambia",
  "country_GN": "Guinea",
  "country_GP": "Frankreich – Guadeloupe",
  "country_GQ": "Äquatorial-Guinea",
  "country_GR": "Griechenland",
  "country_GS": "Vereinigtes Königreich – Südgeorgien und Südliche Sandwichinseln",
  "country_GT": "Guatemala",
  "country_GU": "Vereinigte Staaten – Guam",
  "country_GW": "Guinea-Bissau",
  "country_GY": "Guyana",
  "country_HK": "Hongkong",
  "country_HM": "Vereinigtes Königreich – Heard und MacDonald-Inseln",
  "country_HN": "Honduras",
  "country_HR": "Kroatien",
  "country_HT": "Haiti",
  "country_HU": "Ungarn",
  "country_ID": "Indonesien",
  "country_IE": "Irland",
  "country_IL": "Israel",
  "country_IM": "Vereinigtes Königreich – Isle of Man",
  "country_IN": "Indien",
  "country_IO": "Vereinigtes Königreich – Britisches Territorium im Indischen Ozean",
  "country_IQ": "Irak",
  "country_IR": "Iran",
  "country_IS": "Island",
  "country_IT": "Italien",
  "country_JE": "Vereinigtes Königreich – Jersey",
  "country_JM": "Jamaika",
  "country_JO": "Jordanien",
  "country_JP": "Japan",
  "country_KE": "Kenia",
  "country_KG": "Kirgisistan",
  "country_KH": "Kambodscha",
  "country_KI": "Kiribati",
  "country_KM": "Komoren",
  "country_KN": "St. Kitts und Nevis",
  "country_KP": "Demokratische Volksrepublik Korea",
  "country_KR": "Republik Korea",
  "country_KW": "Kuwait",
  "country_KY": "Vereinigtes Königreich – Kaimaninseln",
  "country_KZ": "Kasachstan",
  "country_LA": "Laos, Demokratische Volksrepublik",
  "country_LB": "Libanon",
  "country_LC": "St. Lucia",
  "country_LI": "Liechtenstein",
  "country_LK": "Sri Lanka",
  "country_LR": "Liberia",
  "country_LS": "Lesotho",
  "country_LT": "Litauen",
  "country_LU": "Luxemburg",
  "country_LV": "Lettland",
  "country_LY": "Libyen",
  "country_MA": "Marokko*",
  "country_MC": "Monaco",
  "country_MD": "Moldawien",
  "country_ME": "Montenegro",
  "country_MF": "Frankreich – Saint-Martin",
  "country_MG": "Madagaskar",
  "country_MH": "Marshall-Inseln",
  "country_MK": "Nordmazedonien",
  "country_ML": "Mali",
  "country_MM": "Myanmar",
  "country_MN": "Mongolei",
  "country_MO": "China – Macao",
  "country_MP": "Vereinigtes Königreich – Nördliche Marianen",
  "country_MQ": "Frankreich – Martinique",
  "country_MR": "Mauretanien",
  "country_MS": "Vereinigtes Königreich – Montserrat",
  "country_MT": "Malta",
  "country_MU": "Mauritius",
  "country_MV": "Malediven",
  "country_MW": "Malawi",
  "country_MX": "Mexiko",
  "country_MY": "Malaysia",
  "country_MZ": "Mosambik",
  "country_NA": "Namibia",
  "country_NC": "Frankreich – Neukaledonien",
  "country_NE": "Niger",
  "country_NF": "Australien – Norfolkinsel",
  "country_NG": "Nigeria",
  "country_NI": "Nicaragua",
  "country_NL": "Niederlande",
  "country_NO": "Norwegen",
  "country_NP": "Nepal",
  "country_NR": "Nauru",
  "country_NU": "Vereinigtes Königreich – Niue",
  "country_NZ": "Neuseeland",
  "country_OM": "Oman",
  "country_PA": "Panama",
  "country_PE": "Peru",
  "country_PF": "Frankreich – Französisch-Polynesien",
  "country_PG": "Papua-Neuguinea",
  "country_PH": "Philippinen",
  "country_PK": "Pakistan",
  "country_PL": "Polen",
  "country_PM": "Frankreich – Saint-Pierre und Miquelon",
  "country_PN": "Vereinigtes Königreich – Pitcairninseln",
  "country_PR": "Vereinigte Staaten – Puerto Rico",
  "country_PS": "Staat Palästina",
  "country_PT": "Portugal",
  "country_PW": "Palau",
  "country_PY": "Paraguay",
  "country_QA": "Katar",
  "country_QC": "Quebec",
  "country_RE": "Frankreich – Réunion",
  "country_RO": "Rumänien",
  "country_RS": "Serbien",
  "country_RU": "Russland",
  "country_RW": "Ruanda",
  "country_SA": "Saudi-Arabien",
  "country_SB": "Salomon-Inseln",
  "country_SC": "Seychellen",
  "country_SD": "Sudan",
  "country_SE": "Schweden",
  "country_SG": "Singapur",
  "country_SH": "Vereinigtes Königreich – St. Helena, Ascension und Tristan da Cunha",
  "country_SI": "Slowenien",
  "country_SJ": "Norwegen – Svalbard und Jan Mayen Insel",
  "country_SK": "Slowakei",
  "country_SL": "Sierra Leone",
  "country_SM": "San Marino",
  "country_SN": "Senegal*",
  "country_SO": "Somalia",
  "country_SR": "Suriname",
  "country_SS": "Süd-Sudan",
  "country_ST": "Sao Tome und Principe",
  "country_SV": "El Salvador",
  "country_SX": "Niederlande – Saint-Martin",
  "country_SY": "Syrien",
  "country_SZ": "Eswatini",
  "country_TC": "Vereinigtes Königreich – Turks- und Caicosinseln",
  "country_TD": "Tschad",
  "country_TF": "Frankreich – Südliche Französische Territorien",
  "country_TG": "Togo",
  "country_TH": "Thailand",
  "country_TJ": "Tadschikistan",
  "country_TK": "Neuseeland – Tokelau",
  "country_TL": "Osttimor",
  "country_TM": "Turkmenistan",
  "country_TN": "Tunesien*",
  "country_TO": "Tonga",
  "country_TR": "Türkei",
  "country_TT": "Trinidad und Tobago",
  "country_TV": "Tuvalu",
  "country_TW": "China – Taiwan",
  "country_TZ": "Vereinigte Republik Tansania",
  "country_UA": "Ukraine",
  "country_UG": "Uganda",
  "country_UK": "Vereinigtes Königreich",
  "country_UM": "Vereinigte Staaten – Kleinere Inselbesitzungen der Vereinigten Staaten",
  "country_US": "USA",
  "country_UY": "Uruguay",
  "country_UZ": "Usbekistan",
  "country_VA": "Heiliger Stuhl (Vatikanstadt)",
  "country_VC": "St. Vincent und die Grenadinen",
  "country_VE": "Venezuela",
  "country_VG": "Vereinigtes Königreich – Britische Jungferninseln",
  "country_VI": "Vereinigte Staaten – Amerikanische Jungferninseln",
  "country_VN": "Vietnam",
  "country_VU": "Vanuatu",
  "country_WF": "Frankreich – Wallis und Futunа",
  "country_WS": "Samoa",
  "country_YE": "Jemen",
  "country_YT": "Frankreich – Mayotte",
  "country_ZA": "Südafrika",
  "country_ZM": "Sambia",
  "country_ZW": "Simbabwe",
  "country_ASIA": "Asien",
  "country_EU": "Europa",
  "country_LTE": "Litauen",
  "country_WE": "USA",
  "country_AC": "Ascension",
  "country_AQ": "Antarktis",
  "country_DG": "Diego Garcia",
  "country_EA": "Ceuta",
  "country_IC": "Kanarische Inseln",
  "country_TA": "Tristan da Cunha (Archipel)",
  "country_XK": "Republik Kosovo"
}
