{
  "country_AD": "Andorra",
  "country_AE": "Emiratos Árabes Unidos",
  "country_AF": "Afganistán",
  "country_AG": "Antigua y Barbuda",
  "country_AI": "Reino Unido - Anguila",
  "country_AL": "Albania",
  "country_AM": "Armenia",
  "country_AO": "Angola",
  "country_AR": "Argentina",
  "country_AS": "Estados Unidos - Samoa Americana",
  "country_AT": "Austria",
  "country_AU": "Australia",
  "country_AW": "Países Bajos - Aruba",
  "country_AX": "Finlandia - Åland",
  "country_AZ": "Azerbaiyán",
  "country_BA": "Bosnia-Herzegovina",
  "country_BB": "Barbados",
  "country_BD": "Bangladés",
  "country_BE": "Bélgica",
  "country_BF": "Burkina Faso",
  "country_BG": "Bulgaria",
  "country_BH": "Baréin",
  "country_BI": "Burundi",
  "country_BJ": "Benín",
  "country_BL": "Francia - San Bartolomé",
  "country_BM": "Reino Unido - Bermudas",
  "country_BN": "Brunéi",
  "country_BO": "Bolivia",
  "country_BQ": "Países Bajos - Bonaire, San Eustaquio y Saba",
  "country_BR": "Brasil",
  "country_BS": "Bahamas",
  "country_BT": "Bután",
  "country_BV": "Noruega - Isla Bouvet",
  "country_BW": "Botsuana",
  "country_BY": "Bielorrusia",
  "country_BZ": "Belice",
  "country_CA": "Canadá",
  "country_CC": "Cocos (Keeling), Islas",
  "country_CD": "Congo, República Democrática del",
  "country_CF": "Centroafricana, República",
  "country_CG": "Congo",
  "country_CH": "Suiza",
  "country_CI": "Costa de Marfil",
  "country_CK": "Reino Unido - Islas Cook",
  "country_CL": "Chile",
  "country_CM": "Camerún",
  "country_CN": "China",
  "country_CO": "Colombia",
  "country_CR": "Costa Rica",
  "country_CU": "Cuba",
  "country_CV": "Cabo Verde",
  "country_CW": "Países Bajos - Curazao",
  "country_CX": "Australia - Isla de Navidad",
  "country_CY": "Chipre",
  "country_CZ": "República Checa",
  "country_DE": "Alemania",
  "country_DJ": "Yibuti",
  "country_DK": "Dinamarca",
  "country_DM": "Dominica",
  "country_DO": "Dominicana, República",
  "country_DZ": "Argelia",
  "country_EC": "Ecuador",
  "country_EE": "Estonia",
  "country_EG": "Egipto",
  "country_EH": "Sáhara Occidental",
  "country_ER": "Eritrea",
  "country_ES": "España",
  "country_ET": "Etiopía",
  "country_FI": "Finlandia",
  "country_FJ": "Fiyi",
  "country_FK": "Reino Unido - Islas Malvinas (Falklands)",
  "country_FM": "Micronesia, Estados Federados de",
  "country_FO": "Dinamarca - Islas Feroe",
  "country_FR": "Francia metropolitana",
  "country_GA": "Gabón",
  "country_GB": "Reino Unido",
  "country_GD": "Granada",
  "country_GE": "Georgia",
  "country_GF": "Francia - Guayana Francesa",
  "country_GG": "Reino Unido - Guernsey",
  "country_GH": "Ghana",
  "country_GI": "Reino Unido - Gibraltar",
  "country_GL": "Dinamarca - Groenlandia",
  "country_GM": "Gambia",
  "country_GN": "Guinea",
  "country_GP": "Francia - Guadalupe",
  "country_GQ": "Guinea Ecuatorial",
  "country_GR": "Grecia",
  "country_GS": "Reino Unido - Georgia del Sur y las Islas Sandwich del Sur",
  "country_GT": "Guatemala",
  "country_GU": "Estados Unidos - Guam",
  "country_GW": "Guinea-Bisáu",
  "country_GY": "Guyana",
  "country_HK": "Hong Kong",
  "country_HM": "Reino Unido - Islas Heard y McDonald",
  "country_HN": "Honduras",
  "country_HR": "Croacia",
  "country_HT": "Haití",
  "country_HU": "Hungría",
  "country_ID": "Indonesia",
  "country_IE": "Irlanda",
  "country_IL": "Israel",
  "country_IM": "Reino Unido - Isla de Man",
  "country_IN": "India",
  "country_IO": "Reino Unido - Territorio Británico del Océano Índico",
  "country_IQ": "Irak",
  "country_IR": "Irán, República Islámica de",
  "country_IS": "Islandia",
  "country_IT": "Italia",
  "country_JE": "Reino Unido - Jersey",
  "country_JM": "Jamaica",
  "country_JO": "Jordania",
  "country_JP": "Japón",
  "country_KE": "Kenia",
  "country_KG": "Kirguistán",
  "country_KH": "Camboya",
  "country_KI": "Kiribati",
  "country_KM": "Comoras",
  "country_KN": "San Cristóbal y Nieves",
  "country_KP": "Corea, República Popular Democrática de",
  "country_KR": "Corea, República de",
  "country_KW": "Kuwait",
  "country_KY": "Reino Unido - Islas Caimán",
  "country_KZ": "Kazajistán",
  "country_LA": "Laos, República Democrática Popular",
  "country_LB": "Líbano",
  "country_LC": "Santa Lucía",
  "country_LI": "Liechtenstein",
  "country_LK": "Sri Lanka",
  "country_LR": "Liberia",
  "country_LS": "Lesoto",
  "country_LT": "Lituania",
  "country_LU": "Luxemburgo",
  "country_LV": "Letonia",
  "country_LY": "Libia",
  "country_MA": "Marruecos",
  "country_MC": "Mónaco",
  "country_MD": "Moldavia",
  "country_ME": "Montenegro",
  "country_MF": "Francia - San Martín",
  "country_MG": "Madagascar",
  "country_MH": "Marshall, Islas",
  "country_MK": "Macedonia del Norte",
  "country_ML": "Mali",
  "country_MM": "Myanmar",
  "country_MN": "Mongolia",
  "country_MO": "China - Macao",
  "country_MP": "Reino Unido - Islas Marianas del Norte",
  "country_MQ": "Francia - Martinica",
  "country_MR": "Mauritania",
  "country_MS": "Reino Unido - Montserrat",
  "country_MT": "Malta",
  "country_MU": "Mauricio",
  "country_MV": "Maldivas",
  "country_MW": "Malaui",
  "country_MX": "México",
  "country_MY": "Malasia",
  "country_MZ": "Mozambique",
  "country_NA": "Namibia",
  "country_NC": "Francia - Nueva Caledonia",
  "country_NE": "Níger",
  "country_NF": "Australia - Isla Norfolk",
  "country_NG": "Nigeria",
  "country_NI": "Nicaragua",
  "country_NL": "Países Bajos",
  "country_NO": "Noruega",
  "country_NP": "Nepal",
  "country_NR": "Nauru",
  "country_NU": "Reino Unido - Niue",
  "country_NZ": "Nueva Zelanda",
  "country_OM": "Omán",
  "country_PA": "Panamá",
  "country_PE": "Perú",
  "country_PF": "Francia - Polinesia Francesa",
  "country_PG": "Papúa Nueva Guinea",
  "country_PH": "Filipinas",
  "country_PK": "Pakistán",
  "country_PL": "Polonia",
  "country_PM": "Francia - San Pedro y Miquelón",
  "country_PN": "Reino Unido - Islas Pitcairn",
  "country_PR": "Estados Unidos - Puerto Rico",
  "country_PS": "Palestina, Estado de",
  "country_PT": "Portugal",
  "country_PW": "Palaos",
  "country_PY": "Paraguay",
  "country_QA": "Qatar",
  "country_QC": "Quebec",
  "country_RE": "Francia - Reunión",
  "country_RO": "Rumanía",
  "country_RS": "Serbia",
  "country_RU": "Rusia",
  "country_RW": "Ruanda",
  "country_SA": "Arabia Saudí",
  "country_SB": "Salomón, Islas",
  "country_SC": "Seychelles",
  "country_SD": "Sudán",
  "country_SE": "Suecia",
  "country_SG": "Singapur",
  "country_SH": "Reino Unido - Santa Elena, Ascensión y Tristán de Acuña",
  "country_SI": "Eslovenia",
  "country_SJ": "Noruega - Svalbard y Jan Mayen",
  "country_SK": "Eslovaquia",
  "country_SL": "Sierra Leona",
  "country_SM": "San Marino",
  "country_SN": "Senegal",
  "country_SO": "Somalia",
  "country_SR": "Surinam",
  "country_SS": "Sudán del Sur",
  "country_ST": "Santo Tomé y Príncipe",
  "country_SV": "El Salvador",
  "country_SX": "Países Bajos - Sint Maarten",
  "country_SY": "Siria, República Árabe",
  "country_SZ": "Suazilandia",
  "country_TC": "Reino Unido - Islas Turcas y Caicos",
  "country_TD": "Chad",
  "country_TF": "Francia - Tierras Australes y Antárticas Francesas",
  "country_TG": "Togo",
  "country_TH": "Tailandia",
  "country_TJ": "Tayikistán",
  "country_TK": "Nueva Zelanda - Tokelau",
  "country_TL": "Timor oriental",
  "country_TM": "Turkmenistán",
  "country_TN": "Túnez",
  "country_TO": "Tonga",
  "country_TR": "Turquía",
  "country_TT": "Trinidad y Tobago",
  "country_TV": "Tuvalu",
  "country_TW": "China - Taiwán",
  "country_TZ": "Tanzania, República Unida de",
  "country_UA": "Ucrania",
  "country_UG": "Uganda",
  "country_UK": "Reino Unido",
  "country_UM": "Estados Unidos - Islas ultramarinas de Estados Unidos",
  "country_US": "Estados Unidos",
  "country_UY": "Uruguay",
  "country_UZ": "Uzbekistán",
  "country_VA": "Santa Sede (Ciudad del Vaticano)",
  "country_VC": "San Vicente y las Granadinas",
  "country_VE": "Venezuela",
  "country_VG": "Reino Unido - Islas Vírgenes Británicas",
  "country_VI": "Estados Unidos - Islas Vírgenes de los Estados Unidos",
  "country_VN": "Vietnam",
  "country_VU": "Vanuatu",
  "country_WF": "Francia - Wallis y Futuna",
  "country_WS": "Samoa",
  "country_YE": "Yemen",
  "country_YT": "Francia - Mayotte",
  "country_ZA": "Sudáfrica",
  "country_ZM": "Zambia",
  "country_ZW": "Zimbabue",
  "country_ASIA": "Asia",
  "country_EU": "Europa",
  "country_LTE": "Lituania",
  "country_WE": "Estados Unidos",
  "country_AC": "Isla Ascensión",
  "country_AQ": "Antártida",
  "country_DG": "Diego García",
  "country_EA": "Ceuta",
  "country_IC": "Islas Canarias",
  "country_TA": "Tristán da Cunha (archipiélago)",
  "country_XK": "República de Kosovo"
}
