{
  "country_AD": "Andorra",
  "country_AE": "Emirati Arabi Uniti",
  "country_AF": "Afghanistan",
  "country_AG": "Antigua e Barbuda",
  "country_AI": "Regno Unito - Anguilla",
  "country_AL": "Albania",
  "country_AM": "Armenia",
  "country_AO": "Angola",
  "country_AR": "Argentina",
  "country_AS": "Stati Uniti - Samoa Americane",
  "country_AT": "Austria",
  "country_AU": "Australia",
  "country_AW": "Paesi Bassi - Aruba",
  "country_AX": "Finlandia - Isole Åland",
  "country_AZ": "Azerbaigian",
  "country_BA": "Bosnia-Erzegovina",
  "country_BB": "Barbados",
  "country_BD": "Bangladesh",
  "country_BE": "Belgio",
  "country_BF": "Burkina Faso",
  "country_BG": "Bulgaria",
  "country_BH": "Bahrein",
  "country_BI": "Burundi",
  "country_BJ": "Benin",
  "country_BL": "Francia - Saint-Barthélemy",
  "country_BM": "Regno Unito - Bermuda",
  "country_BN": "Brunei Darussalam",
  "country_BO": "Bolivia",
  "country_BQ": "Paesi Bassi - Bonaire, Sint Eustatius e Saba",
  "country_BR": "Brasile",
  "country_BS": "Bahamas",
  "country_BT": "Bhutan",
  "country_BV": "Norvegia - Isola Bouvet",
  "country_BW": "Botswana",
  "country_BY": "Bielorussia",
  "country_BZ": "Belize",
  "country_CA": "Canada",
  "country_CC": "Cocos (Keeling), Isole",
  "country_CD": "Congo, Repubblica Democratica",
  "country_CF": "Centrafrica, Repubblica",
  "country_CG": "Congo",
  "country_CH": "Svizzera",
  "country_CI": "Costa d'Avorio",
  "country_CK": "Regno Unito - Isole Cook",
  "country_CL": "Cile",
  "country_CM": "Camerun",
  "country_CN": "Cina",
  "country_CO": "Colombia",
  "country_CR": "Costa Rica",
  "country_CU": "Cuba",
  "country_CV": "Capo Verde",
  "country_CW": "Paesi Bassi - Curaçao",
  "country_CX": "Australia - Isola di Natale",
  "country_CY": "Cipro",
  "country_CZ": "Repubblica Ceca",
  "country_DE": "Germania",
  "country_DJ": "Gibuti",
  "country_DK": "Danimarca",
  "country_DM": "Santo Domingo",
  "country_DO": "Dominicana, Repubblica",
  "country_DZ": "Algeria",
  "country_EC": "Ecuador",
  "country_EE": "Estonia",
  "country_EG": "Egitto",
  "country_EH": "Sahara Occidentale",
  "country_ER": "Eritrea",
  "country_ES": "Spagna",
  "country_ET": "Etiopia",
  "country_FI": "Finlandia",
  "country_FJ": "Fiji",
  "country_FK": "Regno Unito - Isole Falkland (Malvine)",
  "country_FM": "Micronesia, Stati Federali",
  "country_FO": "Danimarca - Isole Fær Øer",
  "country_FR": "Francia metropolitana",
  "country_GA": "Gabon",
  "country_GB": "Regno Unito",
  "country_GD": "Grenada",
  "country_GE": "Georgia",
  "country_GF": "Francia - Guyana francese",
  "country_GG": "Regno Unito - Guernsey",
  "country_GH": "Ghana",
  "country_GI": "Regno Unito - Gibilterra",
  "country_GL": "Danimarca - Groenlandia",
  "country_GM": "Gambia",
  "country_GN": "Guinea",
  "country_GP": "Francia - Guadalupa",
  "country_GQ": "Guinea Equatoriale",
  "country_GR": "Grecia",
  "country_GS": "Regno Unito - Georgia del Sud e Isole Sandwich del Sud",
  "country_GT": "Guatemala",
  "country_GU": "Stati Uniti - Guam",
  "country_GW": "Guinea-Bissau",
  "country_GY": "Guyana",
  "country_HK": "Hong Kong",
  "country_HM": "Regno Unito - Isole Heard e McDonald",
  "country_HN": "Honduras",
  "country_HR": "Croazia",
  "country_HT": "Haiti",
  "country_HU": "Ungheria",
  "country_ID": "Indonesia",
  "country_IE": "Irlanda",
  "country_IL": "Israele",
  "country_IM": "Regno Unito - Isola di Man",
  "country_IN": "India",
  "country_IO": "Regno Unito - Territorio britannico dell'Oceano Indiano",
  "country_IQ": "Iraq",
  "country_IR": "Iran, Repubblica Islamica",
  "country_IS": "Islanda",
  "country_IT": "Italia",
  "country_JE": "Regno Unito - Jersey",
  "country_JM": "Giamaica",
  "country_JO": "Giordania",
  "country_JP": "Giappone",
  "country_KE": "Kenya",
  "country_KG": "Kirghizistan",
  "country_KH": "Cambogia",
  "country_KI": "Kiribati",
  "country_KM": "Comore",
  "country_KN": "San-Kitts-e-Nevis",
  "country_KP": "Corea, Repubblica Popolare Democratica",
  "country_KR": "Corea, Repubblica",
  "country_KW": "Kuwait",
  "country_KY": "Regno Unito - Isole Cayman",
  "country_KZ": "Kazakistan",
  "country_LA": "Laos, Repubblica Popolare Democratica ",
  "country_LB": "Libano",
  "country_LC": "Saint-Lucia",
  "country_LI": "Liechtenstein",
  "country_LK": "Sri Lanka",
  "country_LR": "Liberia",
  "country_LS": "Lesotho",
  "country_LT": "Lituania",
  "country_LU": "Lussemburgo",
  "country_LV": "Lettonia",
  "country_LY": "Libia",
  "country_MA": "Marocco",
  "country_MC": "Monaco",
  "country_MD": "Moldavia",
  "country_ME": "Montenegro",
  "country_MF": "Francia - Saint-Martin",
  "country_MG": "Madagascar",
  "country_MH": "Marshall, Isole",
  "country_MK": "Macedonia del Nord",
  "country_ML": "Mali",
  "country_MM": "Myanmar",
  "country_MN": "Mongolia",
  "country_MO": "Cina - Macao",
  "country_MP": "Regno Unito - Isole Marianne Settentrionali",
  "country_MQ": "Francia - Martinica",
  "country_MR": "Mauritania",
  "country_MS": "Regno Unito - Montserrat",
  "country_MT": "Malta",
  "country_MU": "Mauritius",
  "country_MV": "Maldive",
  "country_MW": "Malawi",
  "country_MX": "Messico",
  "country_MY": "Malesia",
  "country_MZ": "Mozambico",
  "country_NA": "Namibia",
  "country_NC": "Francia - Nuova Caledonia",
  "country_NE": "Niger",
  "country_NF": "Australia - Isola Norfolk",
  "country_NG": "Nigeria",
  "country_NI": "Nicaragua",
  "country_NL": "Paesi Bassi",
  "country_NO": "Norvegia",
  "country_NP": "Nepal",
  "country_NR": "Nauru",
  "country_NU": "Regno Unito - Niue",
  "country_NZ": "Nuova Zelanda",
  "country_OM": "Oman",
  "country_PA": "Panama",
  "country_PE": "Perù",
  "country_PF": "Francia - Polinesia francese",
  "country_PG": "Papua Nuova Guinea",
  "country_PH": "Filippine",
  "country_PK": "Pakistan",
  "country_PL": "Polonia",
  "country_PM": "Francia - Saint Pierre e Miquelon",
  "country_PN": "Regno Unito - Isole Pitcairn",
  "country_PR": "Stati Uniti - Porto Rico",
  "country_PS": "Stato di Palestina",
  "country_PT": "Portogallo",
  "country_PW": "Palau",
  "country_PY": "Paraguay",
  "country_QA": "Qatar",
  "country_QC": "Quebec",
  "country_RE": "Francia - La Riunione",
  "country_RO": "Romania",
  "country_RS": "Serbia",
  "country_RU": "Russia",
  "country_RW": "Ruanda",
  "country_SA": "Arabia Saudita",
  "country_SB": "Salomone, Isole",
  "country_SC": "Seychelles",
  "country_SD": "Sudan",
  "country_SE": "Svezia",
  "country_SG": "Singapore",
  "country_SH": "Regno Unito - Sant'Elena, Ascensione e Tristan da Cunha",
  "country_SI": "Slovenia",
  "country_SJ": "Norvegia - Svalbard e Isola Jan Mayen",
  "country_SK": "Slovacchia",
  "country_SL": "Sierra Leone",
  "country_SM": "San Marino",
  "country_SN": "Senegal",
  "country_SO": "Somalia",
  "country_SR": "Suriname",
  "country_SS": "Sudan del Sud",
  "country_ST": "Sao Tomé e Principe",
  "country_SV": "El Salvador",
  "country_SX": "Paesi Bassi - Saint-Martin",
  "country_SY": "Siria",
  "country_SZ": "eSwatini",
  "country_TC": "Regno Unito - Isole Turks e Caicos",
  "country_TD": "Ciad",
  "country_TF": "Francia - Terre australi francesi",
  "country_TG": "Togo",
  "country_TH": "Thailandia",
  "country_TJ": "Tagikistan",
  "country_TK": "Nuova Zelanda - Tokelau",
  "country_TL": "Timor Est",
  "country_TM": "Turkmenistan",
  "country_TN": "Tunisia",
  "country_TO": "Tonga",
  "country_TR": "Turchia",
  "country_TT": "Trinidad e Tobago",
  "country_TV": "Tuvalu",
  "country_TW": "Cina - Taiwan",
  "country_TZ": "Tanzania, Repubblica Unita",
  "country_UA": "Ucraina",
  "country_UG": "Uganda",
  "country_UK": "Regno Unito",
  "country_UM": "Stati Uniti - Isole minori lontane degli Stati Uniti",
  "country_US": "Stati Uniti",
  "country_UY": "Uruguay",
  "country_UZ": "Uzbekistan",
  "country_VA": "Santa Sede (Stato della Città del Vaticano)",
  "country_VC": "Saint Vincent e Grenadine",
  "country_VE": "Venezuela",
  "country_VG": "Regno Unito - Isole Vergini britanniche",
  "country_VI": "Stati Uniti - Isole Vergini Americane",
  "country_VN": "Vietnam",
  "country_VU": "Vanuatu",
  "country_WF": "Francia - Wallis e Futuna",
  "country_WS": "Samoa",
  "country_YE": "Yemen",
  "country_YT": "Francia - Mayotte",
  "country_ZA": "Sudafrica",
  "country_ZM": "Zambia",
  "country_ZW": "Zimbabwe",
  "country_ASIA": "Asia",
  "country_EU": "Europa",
  "country_LTE": "Lituania",
  "country_WE": "Stati Uniti",
  "country_AC": "Isola di Ascensione",
  "country_AQ": "Antartide",
  "country_DG": "Diego Garcia",
  "country_EA": "Ceuta",
  "country_IC": "Isole Canarie",
  "country_TA": "Tristan da Cunha (arcipelago)",
  "country_XK": "Repubblica del Kosovo"
}
