{
  "country_AD": "Andora",
  "country_AE": "Zjednoczone Emiraty Arabskie",
  "country_AF": "Afganistan",
  "country_AG": "Antigua i Barbuda",
  "country_AI": "Zjednoczone Królestwo - Anguilla",
  "country_AL": "Albania",
  "country_AM": "Armenia",
  "country_AO": "Angola",
  "country_AR": "Argentyna",
  "country_AS": "Stany Zjednoczone — Samoa Amerykańskie",
  "country_AT": "Austria",
  "country_AU": "Australia",
  "country_AW": "Holandia — Aruba",
  "country_AX": "Finlandia — Wyspy Alandzkie",
  "country_AZ": "Azerbejdżan",
  "country_BA": "Bośnia i Hercegowina",
  "country_BB": "Barbados",
  "country_BD": "Bangladesz",
  "country_BE": "Belgia",
  "country_BF": "Burkina Faso",
  "country_BG": "Bułgaria",
  "country_BH": "Bahrajn",
  "country_BI": "Burundi",
  "country_BJ": "Benin",
  "country_BL": "Francja - Saint-Barthélemy",
  "country_BM": "Zjednoczone Królestwo - Bermudy",
  "country_BN": "Brunei Darussalam",
  "country_BO": "Boliwia",
  "country_BQ": "Holandia - Bonaire, Sint Eustatius i Saba",
  "country_BR": "Brazylia",
  "country_BS": "Bahamy",
  "country_BT": "Bhoutan",
  "country_BV": "Norwegia - Wyspa Bouveta",
  "country_BW": "Botswana",
  "country_BY": "Białoruś",
  "country_BZ": "Belize",
  "country_CA": "Kanada",
  "country_CC": "Wyspy Kokosowe",
  "country_CD": "Demokratyczna Republika Konga",
  "country_CF": "Republika Środkowoafrykańska",
  "country_CG": "Kongo",
  "country_CH": "Szwajcaria",
  "country_CI": "Wybrzeże Kości Słoniowej",
  "country_CK": "Zjednoczone Królestwo - Wyspy Cooka",
  "country_CL": "Chile",
  "country_CM": "Kamerun",
  "country_CN": "Chiny",
  "country_CO": "Kolumbia",
  "country_CR": "Costa Rica",
  "country_CU": "Kuba",
  "country_CV": "Wyspy Zielonego Przylądka",
  "country_CW": "Holandia — Curaçao",
  "country_CX": "Australia — Wyspa Bożego Narodzenia",
  "country_CY": "Cypr",
  "country_CZ": "Czechy",
  "country_DE": "Niemcy",
  "country_DJ": "Dżibuti",
  "country_DK": "Dania",
  "country_DM": "Dominika",
  "country_DO": "Dominikana, Republika",
  "country_DZ": "Algieria",
  "country_EC": "Ekwador",
  "country_EE": "Estonia",
  "country_EG": "Egipt",
  "country_EH": "Sahara Zachodnia",
  "country_ER": "Erytrea",
  "country_ES": "Hiszpania",
  "country_ET": "Etiopia",
  "country_FI": "Finlandia",
  "country_FJ": "Fidżi",
  "country_FK": "Zjednoczone Królestwo - Falklandy (Malwiny)",
  "country_FM": "Sfederowane Stany Mikronezji",
  "country_FO": "Dania — Wyspy Owcze",
  "country_FR": "Francja metropolitalna ",
  "country_GA": "Gabon",
  "country_GB": "Zjednoczone Królestwo",
  "country_GD": "Grenada",
  "country_GE": "Gruzja",
  "country_GF": "Francja - Gujana Francuska",
  "country_GG": "Zjednoczone Królestwo- Guernsey",
  "country_GH": "Ghana",
  "country_GI": "Zjednoczone Królestwo - Gibraltar",
  "country_GL": "Dania — Grenlandia",
  "country_GM": "Gambia",
  "country_GN": "Gwinea",
  "country_GP": "Francja - Gwadelupa",
  "country_GQ": "Gwinea Równikowa",
  "country_GR": "Grecja",
  "country_GS": "Zjednoczone Królestwo - Georgia Południowa i Sandwich Południowy",
  "country_GT": "Gwatemala",
  "country_GU": "Stany Zjednoczone - Guam",
  "country_GW": "Gwinea Bissau",
  "country_GY": "Gujana",
  "country_HK": "Hongkong",
  "country_HM": "Zjednoczone Królestwo - Wyspy Heard i MacDonald",
  "country_HN": "Honduras",
  "country_HR": "Chorwacja",
  "country_HT": "Haiti",
  "country_HU": "Węgry",
  "country_ID": "Indonezja",
  "country_IE": "Irlandia",
  "country_IL": "Izrael",
  "country_IM": "Zjednoczone Królestwo - wyspa Man",
  "country_IN": "Indie",
  "country_IO": "Zjednoczone Królestwo - Brytyjskie Terytorium Oceanu Indyjskiego",
  "country_IQ": "Irak",
  "country_IR": "Islamska Republika Iranu",
  "country_IS": "Islandia",
  "country_IT": "Włochy",
  "country_JE": "Zjednoczone Królestwo - Jersey",
  "country_JM": "Jamajka",
  "country_JO": "Jordania",
  "country_JP": "Japonia",
  "country_KE": "Kenia",
  "country_KG": "Kirgistan",
  "country_KH": "Kambodża",
  "country_KI": "Kiribati",
  "country_KM": "Komory",
  "country_KN": "Saint Kitts i Nevis",
  "country_KP": "Korea, Demokratyczna Republika Ludowa",
  "country_KR": "Korea Południowa",
  "country_KW": "Kuwejt",
  "country_KY": "Zjednoczone Królestwo — Kajmany",
  "country_KZ": "Kazachstan",
  "country_LA": "Laos, Republika Ludowo-Demokratyczna",
  "country_LB": "Liban",
  "country_LC": "Sainte-Lucie",
  "country_LI": "Liechtenstein",
  "country_LK": "Sri Lanka",
  "country_LR": "Liberia",
  "country_LS": "Lesotho",
  "country_LT": "Litwa",
  "country_LU": "Luksemburg",
  "country_LV": "Łotwa",
  "country_LY": "Libia",
  "country_MA": "Maroko",
  "country_MC": "Monako",
  "country_MD": "Mołdawia",
  "country_ME": "Czarnogóra",
  "country_MF": "Francja - Saint-Martin",
  "country_MG": "Madagaskar",
  "country_MH": "Wyspy Marshalla",
  "country_MK": "Macedonia Północna",
  "country_ML": "Mali",
  "country_MM": "Myanmar",
  "country_MN": "Mongolia",
  "country_MO": "Chiny — Makau",
  "country_MP": "Stany Zjednoczone - Mariany Północne",
  "country_MQ": "Francja - Martynika",
  "country_MR": "Mauretania",
  "country_MS": "Zjednoczone Królestwo - Montserrat",
  "country_MT": "Malta",
  "country_MU": "Mauritius",
  "country_MV": "Malediwy",
  "country_MW": "Malawi",
  "country_MX": "Meksyk",
  "country_MY": "Malezja",
  "country_MZ": "Mozambik",
  "country_NA": "Namibia",
  "country_NC": "Francja - Nowa Kaledonia",
  "country_NE": "Niger",
  "country_NF": "Australia — Wyspa Norfolk",
  "country_NG": "Nigeria",
  "country_NI": "Nikaragua",
  "country_NL": "Holandia",
  "country_NO": "Norwegia",
  "country_NP": "Nepal",
  "country_NR": "Nauru",
  "country_NU": "Zjednoczone Królestwo - Niue",
  "country_NZ": "Nowa Zelandia",
  "country_OM": "Oman",
  "country_PA": "Panama",
  "country_PE": "Peru",
  "country_PF": "Francja - Polinezja Francuska",
  "country_PG": "Papua Nowa Gwinea",
  "country_PH": "Filipiny",
  "country_PK": "Pakistan",
  "country_PL": "Polska",
  "country_PM": "Francja - Saint-Pierre i Miquelon",
  "country_PN": "Zjednoczone Królestwo — Pitcairn",
  "country_PR": "Stany Zjednoczone — Portoryko",
  "country_PS": "Palestyna",
  "country_PT": "Portugalia",
  "country_PW": "Palaos",
  "country_PY": "Paragwaj",
  "country_QA": "Katar",
  "country_QC": "Quebec",
  "country_RE": "Francja - Reunion",
  "country_RO": "Rumunia",
  "country_RS": "Serbia",
  "country_RU": "Rosja",
  "country_RW": "Rwanda",
  "country_SA": "Arabia Saudyjska",
  "country_SB": "Wyspy Salomona",
  "country_SC": "Seszele",
  "country_SD": "Sudan",
  "country_SE": "Szwecja",
  "country_SG": "Singapur",
  "country_SH": "Zjednoczone Królestwo - Wyspa Świętej Heleny, Wyspa Wniebowstąpienia i Tristan da Cunha",
  "country_SI": "Słowenia",
  "country_SJ": "Norwegia - Svalbard i Wyspa Jan Mayen",
  "country_SK": "Słowacja",
  "country_SL": "Sierra Leone",
  "country_SM": "San Marino",
  "country_SN": "Senegal",
  "country_SO": "Somalia",
  "country_SR": "Surinam",
  "country_SS": "Południowy Sudan",
  "country_ST": "Wyspy Świętego Tomasza i Książęca",
  "country_SV": "Salwador",
  "country_SX": "Holandia - Saint Martin",
  "country_SY": "Syryjska Republika Arabska",
  "country_SZ": "Eswatini",
  "country_TC": "Zjednoczone Królestwo - Turks i Caicos",
  "country_TD": "Czad",
  "country_TF": "Francja - Francuskie Terytoria Południowe",
  "country_TG": "Togo",
  "country_TH": "Tajlandia",
  "country_TJ": "Tadżykistan",
  "country_TK": "Nowa Zelandia — Tokelau",
  "country_TL": "Wschodni Timur",
  "country_TM": "Turkmenistan",
  "country_TN": "Tunezja",
  "country_TO": "Tonga",
  "country_TR": "Turcja",
  "country_TT": "Trynidad i Tobago",
  "country_TV": "Tuvalu",
  "country_TW": "Chiny — Tajwan",
  "country_TZ": "Tanzania",
  "country_UA": "Ukraina",
  "country_UG": "Uganda",
  "country_UK": "Zjednoczone Królestwo",
  "country_UM": "Stany Zjednoczone - Dalekie Wyspy Mniejsze Stanów Zjednoczonych",
  "country_US": "Stany Zjednoczone",
  "country_UY": "Urugwaj",
  "country_UZ": "Uzbekistan",
  "country_VA": "Watykan",
  "country_VC": "Saint-Vincent i Grenadyny",
  "country_VE": "Wenezuela",
  "country_VG": "Zjednoczone Królestwo - Brytyjskie Wyspy Dziewicze",
  "country_VI": "Stany Zjednoczone - Wyspy Dziewicze Stanów Zjednoczonych",
  "country_VN": "Wietnam",
  "country_VU": "Vanuatu",
  "country_WF": "Francja - Wallis i Futuna",
  "country_WS": "Samoa",
  "country_YE": "Jemen",
  "country_YT": "Francja — Majotta",
  "country_ZA": "Republika Południowej Afryki",
  "country_ZM": "Zambia",
  "country_ZW": "Zimbabwe",
  "country_ASIA": "Azja",
  "country_EU": "Europa",
  "country_LTE": "Litwa",
  "country_WE": "Stany Zjednoczone",
  "country_AC": "Wyspa Wniebowstąpienia",
  "country_AQ": "Antarktyda",
  "country_DG": "Diego Garcia",
  "country_EA": "Ceuta",
  "country_IC": "Wyspy Kanaryjskie",
  "country_TA": "Tristan da Cunha (archipelag)",
  "country_XK": "Republika Kosowa"
}
