{
  "manager_components_region_SBG1": "Estrasburgo (SBG1)",
  "manager_components_region_BHS1": "Beauharnois (BHS1)",
  "manager_components_region_GRA1": "Gravelines (GRA1)",
  "manager_components_region_SBG": "Estrasburgo",
  "manager_components_region_SBG_micro": "Estrasburgo ({{ micro }})",
  "manager_components_region_MRS": "Marsella",
  "manager_components_region_MRS_micro": "Marsella ({{ micro }})",
  "manager_components_region_BHS": "Beauharnois",
  "manager_components_region_BHS_micro": "Beauharnois ({{ micro }})",
  "manager_components_region_ERI": "Londres",
  "manager_components_region_ERI_micro": "Londres ({{ micro }})",
  "manager_components_region_GRA": "Gravelines",
  "manager_components_region_GRA_micro": "Gravelines ({{ micro }})",
  "manager_components_region_LIM": "Limburgo",
  "manager_components_region_LIM_micro": "Limburgo ({{ micro }})",
  "manager_components_region_RBX": "Roubaix",
  "manager_components_region_RBX_micro": "Roubaix ({{ micro }})",
  "manager_components_region_WAW": "Varsovia",
  "manager_components_region_WAW_micro": "Varsovia ({{ micro }})",
  "manager_components_region_DE": "Fráncfort",
  "manager_components_region_DE_micro": "Fráncfort ({{ micro }})",
  "manager_components_region_UK": "Londres",
  "manager_components_region_UK_micro": "Londres ({{ micro }})",
  "manager_components_region_SGP": "Singapur",
  "manager_components_region_SGP_micro": "Singapur ({{ micro }})",
  "manager_components_region_VIN": "Vint Hill",
  "manager_components_region_VIN_micro": "Vint Hill ({{ micro }})",
  "manager_components_region_continent_VIN": "Norteamérica",
  "manager_components_region_HIL": "Hillsboro",
  "manager_components_region_HIL_micro": "Hillsboro ({{ micro }})",
  "manager_components_region_continent_HIL": "Norteamérica",
  "manager_components_region_OR": "Oregón",
  "manager_components_region_continent_OR": "Norteamérica",
  "manager_components_region_OR_micro": "Oregón ({{ micro }})",
  "manager_components_region_VA": "Virginia",
  "manager_components_region_VA_micro": "Virginia ({{ micro }})",
  "manager_components_region_continent_VA": "Norteamérica",
  "manager_components_region_SYD": "Sídney",
  "manager_components_region_SYD_micro": "Sídney ({{ micro }})",
  "manager_components_region_TOR": "Toronto",
  "manager_components_region_TOR_micro": "Toronto ({{ micro }})",
  "manager_components_region_continent_TOR": "Norteamérica",
  "manager_components_region_US": "Estados Unidos",
  "manager_components_region_US_micro": "Estados Unidos ({{ micro }})",
  "manager_components_region_GS": "GS",
  "manager_components_region_MAD": "Madrid",
  "manager_components_region_BRU": "Bruselas",
  "manager_components_region_DAL": "Dallas",
  "manager_components_region_continent_DAL": "Norteamérica",
  "manager_components_region_SHA_micro": "Gravelines (SHADOW-EU-1)",
  "manager_components_region_GS_micro": "Gridscale ({{ micro }})",
  "manager_components_region_MAD_micro": "Madrid ({{ micro }})",
  "manager_components_region_BRU_micro": "Bruselas ({{ micro }})",
  "manager_components_region_DAL_micro": "Dallas ({{ micro }})",
  "manager_components_region_PRG": "Praga",
  "manager_components_region_PRG_micro": "Praga ({{ micro }})",
  "manager_components_region_continent_PRG": "Europa Central",
  "manager_components_region_AMS": "Ámsterdam",
  "manager_components_region_AMS_micro": "Ámsterdam ({{ micro }})",
  "manager_components_region_continent_AMS": "Europa Occidental",
  "manager_components_region_MIL": "Milán",
  "manager_components_region_MIL_micro": "Milán ({{ micro }})",
  "manager_components_region_continent_MIL": "Europa Meridional",
  "manager_components_region_ZRH": "Zúrich",
  "manager_components_region_ZRH_micro": "Zúrich ({{ micro }})",
  "manager_components_region_continent_ZRH": "Europa Occidental",
  "manager_components_region_LAX": "Los Ángeles",
  "manager_components_region_LAX_micro": "Los Ángeles ({{ micro }})",
  "manager_components_region_continent_LAX": "Norteamérica",
  "manager_components_region_CHI": "Chicago",
  "manager_components_region_CHI_micro": "Chicago ({{ micro }})",
  "manager_components_region_continent_CHI": "Norteamérica",
  "manager_components_region_NYC": "Nueva York",
  "manager_components_region_NYC_micro": "Nueva York ({{ micro }})",
  "manager_components_region_continent_NYC": "Norteamérica",
  "manager_components_region_MIA": "Miami",
  "manager_components_region_MIA_micro": "Miami ({{ micro }})",
  "manager_components_region_continent_MIA": "Norteamérica",
  "manager_components_region_PAO": "Palo Alto",
  "manager_components_region_PAO_micro": "Palo Alto ({{ micro }})",
  "manager_components_region_continent_PAO": "Norteamérica",
  "manager_components_region_DEN": "Denver",
  "manager_components_region_DEN_micro": "Denver ({{ micro }})",
  "manager_components_region_continent_DEN": "Norteamérica",
  "manager_components_region_ATL": "Atlanta",
  "manager_components_region_ATL_micro": "Atlanta ({{ micro }})",
  "manager_components_region_continent_ATL": "Norteamérica",
  "manager_components_region_RBA": "Rabat",
  "manager_components_region_RBA_micro": "Rabat ({{ micro }})",
  "manager_components_region_continent_RBA": "África",
  "manager_components_region_TYO": "Tokio",
  "manager_components_region_TYO_micro": "Tokio ({{ micro }})",
  "manager_components_region_continent_TYO": "APAC",
  "manager_components_region_BLR": "Bangalore",
  "manager_components_region_BLR_micro": "Bangalore ({{ micro }})",
  "manager_components_region_continent_BLR": "APAC",
  "manager_components_region_DXB": "Dubái",
  "manager_components_region_DXB_micro": "Dubái ({{ micro }})",
  "manager_components_region_continent_DXB": "Oriente Medio",
  "manager_components_region_JKT": "Yakarta",
  "manager_components_region_JKT_micro": "Yakarta ({{ micro }})",
  "manager_components_region_continent_JKT": "APAC",
  "manager_components_region_LUX": "Luxemburgo",
  "manager_components_region_LUX_micro": "Luxemburgo ({{ micro }})",
  "manager_components_region_continent_LUX": "Europa Occidental",
  "manager_components_region_MEX": "México",
  "manager_components_region_MEX_micro": "México ({{ micro }})",
  "manager_components_region_continent_MEX": "Centroamérica",
  "manager_components_region_SAO": "São Paulo",
  "manager_components_region_SAO_micro": "São Paulo ({{ micro }})",
  "manager_components_region_continent_SAO": "Sudamérica",
  "manager_components_region_TUN": "Túnez",
  "manager_components_region_TUN_micro": "Túnez ({{ micro }})",
  "manager_components_region_continent_TUN": "Norte de África",
  "manager_components_region_AUS": "Austin",
  "manager_components_region_AUS_micro": "Austin ({{ micro }})",
  "manager_components_region_continent_AUS": "Norteamérica",
  "manager_components_region_BOS": "Boston",
  "manager_components_region_BOS_micro": "Boston ({{ micro }})",
  "manager_components_region_continent_BOS": "Norteamérica",
  "manager_components_region_SEA": "Seattle",
  "manager_components_region_SEA_micro": "Seattle ({{ micro }})",
  "manager_components_region_continent_SEA": "Norteamérica",
  "manager_components_region_BUH": "Bucarest",
  "manager_components_region_BUH_micro": "Bucarest ({{ micro }})",
  "manager_components_region_continent_BUH": "Europa Central",
  "manager_components_region_PHD": "Filadelfia",
  "manager_components_region_PHD_micro": "Filadelfia ({{ micro }})",
  "manager_components_region_continent_PHD": "Norteamérica",
  "manager_components_region_BKK": "Bangkok",
  "manager_components_region_BKK_micro": "Bangkok ({{ micro }})",
  "manager_components_region_continent_BKK": "APAC",
  "manager_components_region_BUE": "Buenos Aires",
  "manager_components_region_BUE_micro": "Buenos Aires ({{ micro }})",
  "manager_components_region_continent_BUE": "Sudamérica",
  "manager_components_region_AKL": "Auckland",
  "manager_components_region_AKL_micro": "Auckland ({{ micro }})",
  "manager_components_region_continent_AKL": "APAC",
  "manager_components_region_HEL": "Helsinki",
  "manager_components_region_HEL_micro": "Helsinki ({{ micro }})",
  "manager_components_region_continent_HEL": "Norte de Europa",
  "manager_components_region_HOU": "Houston",
  "manager_components_region_HOU_micro": "Houston ({{ micro }})",
  "manager_components_region_continent_HOU": "Norteamérica",
  "manager_components_region_SOF": "Sofía",
  "manager_components_region_SOF_micro": "Sofía ({{ micro }})",
  "manager_components_region_continent_SOF": "Europa Central",
  "manager_components_region_OSL": "Oslo",
  "manager_components_region_OSL_micro": "Oslo ({{ micro }})",
  "manager_components_region_continent_OSL": "Norte de Europa",
  "manager_components_region_SMP": "Estocolmo",
  "manager_components_region_SMP_micro": "Estocolmo ({{ micro }})",
  "manager_components_region_continent_SMP": "Norte de Europa",
  "manager_components_region_TPE": "Taipei",
  "manager_components_region_TPE_micro": "Taipei ({{ micro }})",
  "manager_components_region_continent_TPE": "APAC",
  "manager_components_region_SCL": "Santiago",
  "manager_components_region_SCL_micro": "Santiago ({{ micro }})",
  "manager_components_region_continent_SCL": "Sudamérica",
  "manager_components_region_SEL": "Seúl",
  "manager_components_region_SEL_micro": "Seúl ({{ micro }})",
  "manager_components_region_continent_SEL": "APAC",
  "manager_components_region_BOG": "Bogotá",
  "manager_components_region_BOG_micro": "Bogotá ({{ micro }})",
  "manager_components_region_continent_BOG": "Sudamérica",
  "manager_components_region_LAG": "Lagos",
  "manager_components_region_LAG_micro": "Lagos ({{ micro }})",
  "manager_components_region_continent_LAG": "África",
  "manager_components_region_CPT": "Ciudad del Cabo",
  "manager_components_region_CPT_micro": "Ciudad del Cabo ({{ micro }})",
  "manager_components_region_continent_CPT": "África",
  "manager_components_region_NBO": "Nairobi",
  "manager_components_region_NBO_micro": "Nairobi ({{ micro }})",
  "manager_components_region_continent_NBO": "África",
  "manager_components_region_ABJ": "Abiyán",
  "manager_components_region_ABJ_micro": "Abiyán ({{ micro }})",
  "manager_components_region_continent_ABJ": "África",
  "manager_components_region_CAI": "El Cairo",
  "manager_components_region_CAI_micro": "El Cairo ({{ micro }})",
  "manager_components_region_continent_CAI": "África",
  "manager_components_region_DOH": "Doha",
  "manager_components_region_DOH_micro": "Doha ({{ micro }})",
  "manager_components_region_continent_DOH": "Oriente Medio",
  "manager_components_region_LAU": "Lausanne",
  "manager_components_region_LAU_micro": "Lausana ({{ micro }})",
  "manager_components_region_continent_LAU": "Europa Occidental",
  "manager_components_region_KOG": "Copenhague",
  "manager_components_region_KOG_micro": "Copenhague ({{ micro }})",
  "manager_components_region_continent_KOG": "Norte de Europa",
  "manager_components_region_LIS": "Lisboa",
  "manager_components_region_LIS_micro": "Lisboa ({{ micro }})",
  "manager_components_region_continent_LIS": "Europa del Sur",
  "manager_components_region_MEL": "Melbourne",
  "manager_components_region_MEL_micro": "Melbourne ({{ micro }})",
  "manager_components_region_continent_MEL": "APAC",
  "manager_components_region_ICD": "Nueva Delhi",
  "manager_components_region_ICD_micro": "Nueva Delhi ({{ micro }})",
  "manager_components_region_continent_ICD": "APAC",
  "manager_components_region_OSA": "Osaka",
  "manager_components_region_OSA_micro": "Osaka ({{ micro }})",
  "manager_components_region_continent_OSA": "APAC",
  "manager_components_region_KUL": "Kuala Lumpur",
  "manager_components_region_KUL_micro": "Kuala Lumpur ({{ micro }})",
  "manager_components_region_continent_KUL": "APAC",
  "manager_components_region_MNL": "Manila",
  "manager_components_region_MNL_micro": "Manila ({{ micro }})",
  "manager_components_region_continent_MNL": "APAC",
  "manager_components_region_SGN": "Ho Chi Minh",
  "manager_components_region_SGN_micro": "Ho Chi Minh ({{ micro }})",
  "manager_components_region_continent_SGN": "APAC",
  "manager_components_region_VIE": "Viena",
  "manager_components_region_VIE_micro": "Viena ({{ micro }})",
  "manager_components_region_continent_VIE": "Europa Occidental",
  "manager_components_region_DLN": "Dublín",
  "manager_components_region_DLN_micro": "Dublín ({{ micro }})",
  "manager_components_region_continent_DLN": "Europa Occidental",
  "manager_components_region_VAN": "Vancouver",
  "manager_components_region_VAN_micro": "Vancouver ({{ micro }})",
  "manager_components_region_continent_VAN": "Norteamérica",
  "manager_components_region_TLV": "Tel Aviv-Yafo",
  "manager_components_region_TLV_micro": "Tel Aviv-Yafo ({{ micro }})",
  "manager_components_region_continent_TLV": "Oriente Medio",
  "manager_components_region_MNC": "Manchester",
  "manager_components_region_MNC_micro": "Mánchester ({{ micro }})",
  "manager_components_region_continent_MNC": "Europa Occidental",
  "manager_components_region_CLT": "Charlotte",
  "manager_components_region_CLT_micro": "Charlotte ({{ micro }})",
  "manager_components_region_continent_CLT": "Norteamérica",
  "manager_components_region_BNA": "Nashville",
  "manager_components_region_BNA_micro": "Nashville ({{ micro }})",
  "manager_components_region_continent_BNA": "Norteamérica",
  "manager_components_region_SLC": "Salt Lake City",
  "manager_components_region_SLC_micro": "Salt Lake City ({{ micro }})",
  "manager_components_region_continent_SLC": "Norteamérica",
  "manager_components_region_STL": "San Luis",
  "manager_components_region_STL_micro": "San Luis ({{ micro }})",
  "manager_components_region_continent_STL": "Norteamérica",
  "manager_components_region_IND": "Indianápolis",
  "manager_components_region_IND_micro": "Indianápolis ({{ micro }})",
  "manager_components_region_continent_IND": "Norteamérica",
  "manager_components_region_IST": "Estambul",
  "manager_components_region_IST_micro": "Estambul ({{ micro }})",
  "manager_components_region_continent_IST": "Oriente Medio",
  "manager_components_region_localize": "Localizar",
  "manager_components_region_location_SBG": "Europa Central (Francia)",
  "manager_components_region_location_WAW": "Europa Central (Polonia)",
  "manager_components_region_location_BHS": "Norteamérica (Canadá)",
  "manager_components_region_location_ERI": "Europa Occidental (Reino Unido)",
  "manager_components_region_location_GRA": "Europa Occidental (Francia)",
  "manager_components_region_location_GS": "Europa occidental",
  "manager_components_region_location_MAD": "Europa Meridional (Madrid)",
  "manager_components_region_location_BRU": "Europa occidental (Bruselas)",
  "manager_components_region_location_LIM": "Europa Central (Alemania)",
  "manager_components_region_location_RBX": "Europa Occidental (Francia)",
  "manager_components_region_location_DE": "Europa Central (Alemania)",
  "manager_components_region_location_UK": "Europa Occidental (Reino Unido)",
  "manager_components_region_location_SGP": "Asia-Pacífico (Singapur)",
  "manager_components_region_location_SYD": "Oceanía (Australia)",
  "manager_components_region_location_US": "Norteamérica (Estados Unidos)",
  "manager_components_region_location_DAL": "Norteamérica (Estados Unidos)",
  "manager_components_region_continent_SBG": "Europa Central",
  "manager_components_region_continent_WAW": "Europa Central",
  "manager_components_region_continent_BHS": "Norteamérica",
  "manager_components_region_continent_GRA": "Europa Occidental",
  "manager_components_region_continent_RBX": "Europa Occidental",
  "manager_components_region_continent_GS": "Europa Occidental",
  "manager_components_region_continent_MAD": "Europa Meridional",
  "manager_components_region_continent_BRU": "Europa Occidental",
  "manager_components_region_continent_DE": "Europa Central",
  "manager_components_region_continent_UK": "Europa Occidental",
  "manager_components_region_continent_SGP": "Asia-Pacífico",
  "manager_components_region_continent_SYD": "Oceanía",
  "manager_components_region_continent_SHA": "Europa Occidental",
  "manager_components_region_continent_CA": "Norteamérica",
  "manager_components_region_continent_MRS": "Europa Occidental",
  "manager_components_region_location_HIL": "Norteamérica (Estados Unidos)",
  "manager_components_region_location_VIN": "Norteamérica (Estados Unidos)",
  "manager_components_region_location_OR": "Norteamérica (Estados Unidos)",
  "manager_components_region_location_VA": "Norteamérica (Estados Unidos)",
  "manager_components_region_YNM": "Mumbai",
  "manager_components_region_YNM_micro": "Mumbai ({{ micro }})",
  "manager_components_region_location_MRS": "Europa occidental (Francia)",
  "manager_components_region_continent_ERI": "Europa occidental",
  "manager_components_region_continent_LIM": "Europa central",
  "manager_components_region_location_TOR": "Norteamérica (Canadá)",
  "manager_components_region_YYZ": "Toronto",
  "manager_components_region_YYZ_micro": "Toronto ({{ micro }})",
  "manager_components_region_continent_YYZ": "Norteamérica",
  "manager_components_region_location_YYZ": "Norteamérica (Canadá)",
  "manager_components_region_continent_US": "Norteamérica",
  "manager_components_region_SHA": "Gravelines",
  "manager_components_region_location_SHA": "Europa occidental",
  "manager_components_region_location_PRG": "Europa central (República Checa)",
  "manager_components_region_location_AMS": "Europa occidental (Países Bajos)",
  "manager_components_region_location_MIL": "Europa meridional (Italia)",
  "manager_components_region_location_ZRH": "Europa occidental (Suiza)",
  "manager_components_region_location_LAX": "Norteamérica (Estados Unidos)",
  "manager_components_region_location_CHI": "Norteamérica (Estados Unidos)",
  "manager_components_region_location_NYC": "Norteamérica (Estados Unidos)",
  "manager_components_region_location_MIA": "Norteamérica (Estados Unidos)",
  "manager_components_region_location_PAO": "Norteamérica (Estados Unidos)",
  "manager_components_region_location_DEN": "Norteamérica (Estados Unidos)",
  "manager_components_region_location_ATL": "Norteamérica (Estados Unidos)",
  "manager_components_region_Location_RBA": "Norte de África (Marruecos)",
  "manager_components_region_location_TYO": "APAC (Japón)",
  "manager_components_region_location_BLR": "APAC (India)",
  "manager_components_region_location_DXB": "Oriente Medio (Emiratos Árabes Unidos)",
  "manager_components_region_location_JKT": "APAC (Indonesia)",
  "manager_components_region_location_LUX": "Europa occidental (Luxemburgo)",
  "manager_components_region_location_MEX": "Centroamérica (México)",
  "manager_components_region_location_SAO": "Sudamérica (Brasil)",
  "manager_components_region_location_TUN": "Norte de África (Túnez)",
  "manager_components_region_location_AUS": "Norteamérica (Estados Unidos)",
  "manager_components_region_location_BOS": "Norteamérica (Estados Unidos)",
  "manager_components_region_location_SEA": "Norteamérica (Estados Unidos)",
  "manager_components_region_location_BUH": "Europa central (Rumanía)",
  "manager_components_region_location_PHD": "Norteamérica (Estados Unidos)",
  "manager_components_region_location_BKK": "APAC (Tailandia)",
  "manager_components_region_location_BUE": "Sudamérica (Argentina)",
  "manager_components_region_location_AKL": "APAC (Nueva Zelanda)",
  "manager_components_region_location_HEL": "Europa septentrional (Finlandia)",
  "manager_components_region_location_HOU": "Norteamérica (Estados Unidos)",
  "manager_components_region_location_SOF": "Europa central (Bulgaria)",
  "manager_components_region_location_OSL": "Europa septentrional (Noruega)",
  "manager_components_region_location_SMP": "Europa septentrional (Suecia)",
  "manager_components_region_location_TPE": "APAC (Taiwán)",
  "manager_components_region_location_SCL": "Sudamérica (Chile)",
  "manager_components_region_location_SEL": "APAC (Corea del Sur)",
  "manager_components_region_location_BOG": "Sudamérica (Colombia)",
  "manager_components_region_location_LAG": "África (Nigeria)",
  "manager_components_region_location_CPT": "África (Sudáfrica)",
  "manager_components_region_location_NBO": "África (Kenia)",
  "manager_components_region_location_ABJ": "África (Costa de Marfil)",
  "manager_components_region_location_CAI": "África (Egipto)",
  "manager_components_region_location_DOH": "Oriente Medio (Catar)",
  "manager_components_region_location_LAU": "Europa occidental (Suiza)",
  "manager_components_region_location_KOG": "Europa septentrional (Dinamarca)",
  "manager_components_region_location_LIS": "Europa meridional (Portugal)",
  "manager_components_region_location_MEL": "APAC (Australia)",
  "manager_components_region_location_ICD": "APAC (India)",
  "manager_components_region_location_OSA": "APAC (Japón)",
  "manager_components_region_location_KUL": "APAC (Malasia)",
  "manager_components_region_location_MNL": "APAC (Filipinas)",
  "manager_components_region_location_SGN": "APAC (Vietnam)",
  "manager_components_region_location_VIE": "Europa occidental (Austria)",
  "manager_components_region_location_DLN": "Europa occidental (Alemania)",
  "manager_components_region_location_VAN": "Norteamérica (Canadá)",
  "manager_components_region_location_TLV": "Oriente Medio (Israel)",
  "manager_components_region_location_MNC": "Europa occidental (Reino Unido)",
  "manager_components_region_location_CLT": "Norteamérica (Estados Unidos)",
  "manager_components_region_location_BNA": "Norteamérica (Estados Unidos)",
  "manager_components_region_location_SLC": "Norteamérica (Estados Unidos)",
  "manager_components_region_location_STL": "Norteamérica (Estados Unidos)",
  "manager_components_region_location_IND": "Norteamérica (Estados Unidos)",
  "manager_components_region_location_IST": "Oriente Medio (Turquía)",
  "manager_components_region_CA": "Canadá",
  "manager_components_region_CA_micro": "Canadá ({{ micro }})",
  "manager_components_region_location_CA": "Norteamérica (Canadá)",
  "manager_components_region_MUM": "Mumbai",
  "manager_components_region_MUM_micro": "Mumbai ({{ micro }})",
  "manager_components_region_location_MUM": "Asia-Pacífico (Mumbai)",
  "manager_components_region_continent_MUM": "Asia-Pacífico",
  "manager_components_region_PAR": "París",
  "manager_components_region_PAR_micro": "París ({{ micro }})",
  "manager_components_region_location_PAR": "Europa occidental (Francia)",
  "manager_components_region_continent_PAR": "Europa occidental"
}
