{
  "netapp_title": "Enterprise File Storage",
  "netapp_order_cta_value": "Commander",
  "netapp_order_cta_label": "Commander",
  "netapp_list_columns_header_id": "Id",
  "netapp_list_columns_header_name": "Nom",
  "netapp_list_columns_header_performanceLevel": "Niveau de performance",
  "netapp_list_columns_header_product": "Produit",
  "netapp_list_columns_header_quota": "Quota",
  "netapp_list_columns_header_region": "Région",
  "netapp_list_columns_header_status": "Statut",
  "netapp_location_eu-west-par": "Europe (France - Paris)",
  "netapp_location_eu-west-gra": "Europe (France - Gravelines)",
  "netapp_location_eu-west-rbx": "Europe (France - Roubaix)",
  "netapp_location_eu-west-sbg": "Europe (France - Strasbourg)",
  "netapp_location_eu-west-lim": "Europe (Germany - Limburg)",
  "netapp_location_eu-central-waw": "Europe (Poland - Warsaw)",
  "netapp_location_eu-west-eri": "Europe (UK - Erith)",
  "netapp_location_us-east-vin": "North America (US - East - Vinthill)",
  "netapp_location_us-west-hil": "North America (US - West - Hillsboro)",
  "netapp_location_ca-east-bhs": "North America (Canada - East - Beauharnois)",
  "netapp_location_ap-southeast-sgp": "Asia Pacific (Singapore - Singapore)",
  "netapp_location_ap-southeast-syd": "Asia Pacific (Australia - Sydney)",
  "netapp_location_eu-west-rbx-snc": "Europe (France - Roubaix) (snc)",
  "netapp_location_eu-west-sbg-snc": "Europe (France - Strasbourg) (snc)",
  "netapp_location_ca-east-tor": "North America (Canada - East - Toronto)",
  "netapp_location_ap-south-mum": "Asia Pacific (India - Mumbai)",
  "netapp_location_labeu-west-1-preprod": "LABEU (France - Croix) (preprod)",
  "netapp_location_labeu-west-1-dev-2": "LABEU (France - Croix) (dev-2)",
  "netapp_location_labeu-west-1-dev-1": "LABEU (France - Croix) (dev-1)",
  "netapp_location_eu-west-lz-bru": "Europe (Belgium - Brussels) (lz)",
  "netapp_location_eu-west-lz-mad": "Europe (Spain - Madrid) (lz)",
  "netapp_location_eu-west-gra-snc": "Europe (France - Gravelines) (snc)",
  "netapp_location_us-east-lz-dal": "North America (US - East - Dallas)",
  "netapp_location_us-west-lz-lax": "North America (US - West - Los Angeles)",
  "netapp_location_us-east-lz-chi": "North America (US - East - Chicago)",
  "netapp_location_us-east-lz-nyc": "North America (US - East - New York)",
  "netapp_location_us-east-lz-mia": "North America (US - East - Miami)",
  "netapp_location_us-west-lz-pao": "North America (US - West - Palo Alto)",
  "netapp_location_us-west-lz-den": "North America (US - West - Denver)",
  "netapp_location_us-east-lz-atl": "North America (US - East - Atlanta)",
  "netapp_location_eu-west-lz-mrs": "Europe (France - Marseille)"
}
