{
  "AG": "Agrigento (Sicilia)",
  "AL": "Alessandria (Piamonte)",
  "AN": "Ancona (Marche)",
  "AO": "Aosta (Valle de Aosta)",
  "AR": "Arezzo (Toscana)",
  "AP": "Ascoli Piceno (Marche)",
  "AT": "Asti (Piamonte)",
  "AV": "Avellino (Campania)",
  "BA": "Bari (Apulia)",
  "BL": "Belluno (Veneto)",
  "BN": "Benevento (Campania)",
  "BG": "Bergamo (Lombardía)",
  "BI": "Biella (Piemonte)",
  "BO": "Bologna (Emilia-Romaña)",
  "BZ": "Bolzano (Trentino-Alto Adige)",
  "BS": "Brescia (Lombardía)",
  "BR": "Brindisi (Apulia)",
  "CA": "Cagliari (Sardegna)",
  "CL": "Caltanissetta (Sicilia)",
  "CB": "Campobasso (Molise)",
  "CI": "Carbonia-Iglesias (Sardegna)",
  "CE": "Caserta (Campania)",
  "CT": "Catania (Sicilia)",
  "CZ": "Catanzaro (Calabria)",
  "CH": "Chieti (Abruzzo)",
  "CO": "Como (Lombardía)",
  "CS": "Cosenza (Calabria)",
  "CR": "Cremona (Lombardía)",
  "KR": "Crotone (Calabria)",
  "CN": "Cuneo (Piemonte)",
  "EN": "Enna (Sicilia)",
  "FE": "Ferrara (Emilia-Romaña)",
  "FI": "Firenze (Toscana)",
  "FG": "Foggia (Apulia)",
  "FC": "Forlì-Cesena (Emilia-Romaña)",
  "FR": "Frosinone (Lazio)",
  "GE": "Genova (Liguria)",
  "GO": "Gorizia (Friuli-Venezia Giulia)",
  "GR": "Grosseto (Toscana)",
  "IM": "Imperia (Liguria)",
  "IS": "Isernia (Molise)",
  "SP": "La Spezia (Liguria)",
  "AQ": "L'Aquila (Abruzzo)",
  "LT": "Latina (Lazio)",
  "LE": "Lecce (Apulia)",
  "LC": "Lecco (Lombardía)",
  "LI": "Livorno (Toscana)",
  "LO": "Lodi (Lombardía)",
  "LU": "Lucca (Toscana)",
  "MC": "Macerata (Marche)",
  "MN": "Mantova (Lombardía)",
  "MS": "Massa-Carrara (Toscana)",
  "MT": "Matera (Basilicata)",
  "ME": "Messina (Sicilia)",
  "MI": "Milano (Lombardía)",
  "MO": "Modena (Emilia-Romaña)",
  "NA": "Napoli (Campania)",
  "NO": "Novara (Piemonte)",
  "NU": "Nuoro (Sardegna)",
  "OT": "Olbia-Tempio (Sardegna)",
  "OR": "Oristano (Sardegna)",
  "PD": "Padova (Veneto)",
  "PA": "Palermo (Sicilia)",
  "PR": "Parma (Emilia-Romaña)",
  "PV": "Pavia (Lombardía)",
  "PG": "Perugia (Umbria)",
  "PU": "Pesaro e Urbino (Marche)",
  "PE": "Pescara (Abruzzo)",
  "PC": "Piacenza (Emilia-Romaña)",
  "PI": "Pisa (Toscana)",
  "PT": "Pistoia (Toscana)",
  "PN": "Pordenone (Friuli-Venezia Giulia)",
  "PZ": "Potenza (Basilicata)",
  "PO": "Prato (Toscana)",
  "RG": "Ragusa (Sicilia)",
  "RA": "Rávena (Emilia-Romaña)",
  "RC": "Reggio Calabria (Calabria)",
  "RE": "Reggio Emilia (Emilia-Romaña)",
  "RI": "Rieti (Lacio)",
  "RN": "Rimini (Emilia-Romaña)",
  "RM": "Roma (Lacio)",
  "RO": "Rovigo (Véneto)",
  "SA": "Salerno (Campania)",
  "VS": "Medio Campidano (Cerdeña)",
  "SS": "Sassari (Cerdeña)",
  "SV": "Savona (Liguria)",
  "SI": "Siena (Toscana)",
  "SR": "Siracusa (Sicilia)",
  "SO": "Sondrio (Lombardía)",
  "TA": "Taranto (Apulia)",
  "TE": "Teramo (Abruzzo)",
  "TR": "Terni (Umbria)",
  "TO": "Turín (Piamonte)",
  "OG": "Ogliastra (Cerdeña)",
  "TP": "Trapani (Sicilia)",
  "TN": "Trento (Trentino-Alto Adigio)",
  "TV": "Treviso (Véneto)",
  "TS": "Trieste (Friuli-Venezia Giulia)",
  "UD": "Údine (Friuli-Venezia Giulia)",
  "VA": "Varese (Lombardía)",
  "VE": "Venecia (Véneto)",
  "VB": "Verbano-Cusio-Ossola (Piamonte)",
  "VC": "Vercelli (Piamonte)",
  "VR": "Verona (Véneto)",
  "VV": "Vibo Valentia (Calabria)",
  "VI": "Vicenza (Véneto)",
  "VT": "Viterbo (Lacio)",
  "BT": "Barletta-Andria-Trani (Apulia)",
  "FM": "Fermo (Marche)",
  "MB": "Monza E Brianza (Lombardía)"
}
