{
  "AG": "Agrigento (Sycylia)",
  "AL": "Alessandria (Piemont)",
  "AN": "Ancona (Marche)",
  "AO": "Aosta (Dolina Aosty)",
  "AR": "Arezzo (Toskania)",
  "AP": "Ascoli Piceno (Marche)",
  "AT": "Asti (Piemont)",
  "AV": "Avellino (Kampania)",
  "BA": "Bari (Apulia)",
  "BL": "Belluno (Wenecja Euganejska)",
  "BN": "Benewent (Kampania)",
  "BG": "Bergamo (Lombardia)",
  "BI": "Biella (Piemont)",
  "BO": "Bolonia (Emilia-Romania)",
  "BZ": "Bolzano (Trydent-Górna Adyga)",
  "BS": "Brescia (Lombardia)",
  "BR": "Brindisi (Apulia)",
  "CA": "Cagliari (Sardynia)",
  "CL": "Caltanissetta (Sycylia)",
  "CB": "Campobasso (Molise)",
  "CI": "Carbonia-Iglesias (Sardynia)",
  "CE": "Caserta (Kampania)",
  "CT": "Catania (Sycylia)",
  "CZ": "Catanzaro (Kalabria)",
  "CH": "Chieti (Abruzja)",
  "CO": "Como (Lombardia)",
  "CS": "Cosenza (Kalabria)",
  "CR": "Cremona (Lombardia)",
  "KR": "Crotone (Kalabria)",
  "CN": "Cuneo (Piemont)",
  "EN": "Enna (Sycylia)",
  "FE": "Ferrara (Emilia-Romania)",
  "FI": "Florencja (Toskania)",
  "FG": "Foggia (Apulia)",
  "FC": "Forlì Cesena (Emilia-Romania)",
  "FR": "Frosinone (Lazio)",
  "GE": "Genua (Liguria)",
  "GO": "Gorizia (Friuli-Wenecja Julijska)",
  "GR": "Grosseto (Toskania)",
  "IM": "Imperia (Liguria)",
  "IS": "Isernia (Molise)",
  "SP": "La Spezia (Liguria)",
  "AQ": "L'Aquila (Abruzja)",
  "LT": "Latina (Lazio)",
  "LE": "Lecce (Apulia)",
  "LC": "Lecco (Lombardia)",
  "LI": "Livorno (Toskania)",
  "LO": "Lodi (Lombardia)",
  "LU": "Lucca (Toskania)",
  "MC": "Macerata (Marche)",
  "MN": "Mantua (Lombardia)",
  "MS": "Massa-Carrara (Toskania)",
  "MT": "Matera (Basilicata)",
  "ME": "Messina (Sycylia)",
  "MI": "Mediolan (Lombardia)",
  "MO": "Modena (Emilia-Romania)",
  "NA": "Neapol (Kampania)",
  "NO": "Novara (Piemont)",
  "NU": "Nuoro (Sardynia)",
  "OT": "Olbia-Tempio (Sardynia)",
  "OR": "Oristano (Sardynia)",
  "PD": "Padwa (Wenecja Euganejska)",
  "PA": "Palermo (Sycylia)",
  "PR": "Parma (Emilia-Romania)",
  "PV": "Pawia (Lombardia)",
  "PG": "Perugia (Umbria)",
  "PU": "Pesaro i Urbino (Marche)",
  "PE": "Pescara (Abruzja)",
  "PC": "Piacenza (Emilia-Romania)",
  "PI": "Piza (Toskania)",
  "PT": "Pistoia (Toskania)",
  "PN": "Pordenone (Friuli-Wenecja Julijska)",
  "PZ": "Potenza (Basilicata)",
  "PO": "Prato (Toskania)",
  "RG": "Ragusa (Sycylia)",
  "RA": "Ravenna (Emilia-Romania)",
  "RC": "Reggio Calabria (Kalabria)",
  "RE": "Reggio Emilia (Emilia-Romania)",
  "RI": "Rieti (Lazio)",
  "RN": "Rimini (Emilia-Romania)",
  "RM": "Rzym (Lazio)",
  "RO": "Rovigo (Wenecja Euganejska)",
  "SA": "Salerno (Kampania)",
  "VS": "Medio Campidano (Sardynia)",
  "SS": "Sassari (Sardynia)",
  "SV": "Savona (Liguria)",
  "SI": "Siena (Toskania)",
  "SR": "Syrakuzy (Sycylia)",
  "SO": "Sondrio (Lombardia)",
  "TA": "Taranto (Apulia)",
  "TE": "Teramo (Abruzja)",
  "TR": "Terni (Umbria)",
  "TO": "Turyn (Piemont)",
  "OG": "Ogliastra (Sardynia)",
  "TP": "Trapani (Sycylia)",
  "TN": "Trydent (Trydent-Górna Adyga)",
  "TV": "Treviso (Wenecja Euganejska)",
  "TS": "Triest (Friuli-Wenecja Julijska)",
  "UD": "Udine (Friuli-Wenecja Julijska)",
  "VA": "Varese (Lombardia)",
  "VE": "Wenecja (Wenecja Euganejska)",
  "VB": "Verbano-Cusio-Ossola (Piemont)",
  "VC": "Vercelli (Piemont)",
  "VR": "Werona (Wenecja Euganejska)",
  "VV": "Vibo Valentia (Kalabria)",
  "VI": "Vicenza (Wenecja Euganejska)",
  "VT": "Viterbo (Lazio)",
  "BT": "Barletta-Andria-Trani (Apulia)",
  "FM": "Fermo (Marche)",
  "MB": "Monza E Brianza (Lombardia)"
}
