{
  "AG": "Agrigento (Sicilia)",
  "AL": "Alessandria (Piemonte)",
  "AN": "Ancona (Marche)",
  "AO": "Aosta (Valle d'Aosta)",
  "AR": "Arezzo (Toscana)",
  "AP": "Ascoli Piceno (Marche)",
  "AT": "Asti (Piemonte)",
  "AV": "Avellino (Campania)",
  "BA": "Bari (Puglia)",
  "BL": "Belluno (Veneto)",
  "BN": "Benevento (Campania)",
  "BG": "Bergamo (Lombardia)",
  "BI": "Biella (Piemonte)",
  "BO": "Bologna (Emilia-Romagna)",
  "BZ": "Bolzano (Trentino-Alto Adige)",
  "BS": "Brescia (Lombardia)",
  "BR": "Brindisi (Puglia)",
  "CA": "Cagliari (Sardegna)",
  "CL": "Caltanissetta (Sicilia)",
  "CB": "Campobasso (Molise)",
  "CI": "Carbonia-Iglesias (Sardegna)",
  "CE": "Caserta (Campania)",
  "CT": "Catania (Sicilia)",
  "CZ": "Catanzaro (Calabria)",
  "CH": "Chieti (Abruzzo)",
  "CO": "Como (Lombardia)",
  "CS": "Cosenza (Calabria)",
  "CR": "Cremona (Lombardia)",
  "KR": "Crotone (Calabria)",
  "CN": "Cuneo (Piemonte)",
  "EN": "Enna (Sicilia)",
  "FE": "Ferrara (Emilia-Romagna)",
  "FI": "Firenze (Toscana)",
  "FG": "Foggia (Puglia)",
  "FC": "Forlì-Cesena (Emilia-Romagna)",
  "FR": "Frosinone (Lazio)",
  "GE": "Genova (Liguria)",
  "GO": "Gorizia (Friuli-Venezia Giulia)",
  "GR": "Grosseto (Toscana)",
  "IM": "Imperia (Liguria)",
  "IS": "Isernia (Molise)",
  "SP": "La Spezia (Liguria)",
  "AQ": "L'Aquila (Abruzzo)",
  "LT": "Latina (Lazio)",
  "LE": "Lecce (Puglia)",
  "LC": "Lecco (Lombardia)",
  "LI": "Livorno (Toscana)",
  "LO": "Lodi (Lombardia)",
  "LU": "Lucca (Toscana)",
  "MC": "Macerata (Marche)",
  "MN": "Mantova (Lombardia)",
  "MS": "Massa-Carrara (Toscana)",
  "MT": "Matera (Basilicata)",
  "ME": "Messina (Sicilia)",
  "MI": "Milano (Lombardia)",
  "MO": "Modena (Emilia-Romagna)",
  "NA": "Napoli (Campania)",
  "NO": "Novara (Piemonte)",
  "NU": "Nuoro (Sardegna)",
  "OT": "Olbia-Tempio (Sardegna)",
  "OR": "Oristano (Sardegna)",
  "PD": "Padova (Veneto)",
  "PA": "Palermo (Sicilia)",
  "PR": "Parma (Emilia-Romagna)",
  "PV": "Pavia (Lombardia)",
  "PG": "Perugia (Umbria)",
  "PU": "Pesaro e Urbino (Marche)",
  "PE": "Pescara (Abruzzo)",
  "PC": "Piacenza (Emilia-Romagna)",
  "PI": "Pisa (Toscana)",
  "PT": "Pistoia (Toscana)",
  "PN": "Pordenone (Friuli-Venezia Giulia)",
  "PZ": "Potenza (Basilicata)",
  "PO": "Prato (Toscana)",
  "RG": "Ragusa (Sicilia)",
  "RA": "Ravenna (Emilia-Romagna)",
  "RC": "Reggio Calabria (Calabria)",
  "RE": "Reggio Emilia (Emilia-Romagna)",
  "RI": "Rieti (Lazio)",
  "RN": "Rimini (Emilia-Romagna)",
  "RM": "Roma (Lazio)",
  "RO": "Rovigo (Veneto)",
  "SA": "Salerno (Campania)",
  "VS": "Medio Campidano (Sardegna)",
  "SS": "Sassari (Sardegna)",
  "SV": "Savona (Liguria)",
  "SI": "Siena (Toscana)",
  "SR": "Siracusa (Sicilia)",
  "SO": "Sondrio (Lombardia)",
  "TA": "Taranto (Puglia)",
  "TE": "Teramo (Abruzzo)",
  "TR": "Terni (Umbria)",
  "TO": "Torino (Piemonte)",
  "OG": "Ogliastra (Sardegna)",
  "TP": "Trapani (Sicilia)",
  "TN": "Trento (Trentino-Alto Adige)",
  "TV": "Treviso (Veneto)",
  "TS": "Trieste (Friuli-Venezia Giulia)",
  "UD": "Udine (Friuli-Venezia Giulia)",
  "VA": "Varese (Lombardia)",
  "VE": "Venezia (Veneto)",
  "VB": "Verbano-Cusio-Ossola (Piemonte)",
  "VC": "Vercelli (Piemonte)",
  "VR": "Verona (Veneto)",
  "VV": "Vibo Valentia (Calabria)",
  "VI": "Vicenza (Veneto)",
  "VT": "Viterbo (Lazio)",
  "BT": "Barletta-Andria-Trani (Puglia)",
  "FM": "Fermo (Marche)",
  "MB": "Monza E Brianza (Lombardia)"
}
