{
  "region_SBG1": "Estrasburgo (SBG1)",
  "region_BHS1": "Beauharnois (BHS1)",
  "region_GRA1": "Gravelines (GRA1)",
  "region_SBG": "Estrasburgo",
  "region_MRS": "Marselha",
  "region_PAR": "Paris",
  "region_BHS": "Beauharnois",
  "region_ERI": "Londres",
  "region_GRA": "Gravelines",
  "region_LIM": "Limburgo",
  "region_RBX": "Roubaix",
  "region_WAW": "Varsóvia",
  "region_DE": "Francfort",
  "region_UK": "Londres",
  "region_SGP": "Singapura",
  "region_MUM": "Mumbai",
  "region_VIN": "Vint Hill",
  "region_HIL": "Hillsboro",
  "region_OR": "Oregon",
  "region_VA": "Virgínia",
  "region_SYD": "Sydney",
  "region_TOR": "Toronto",
  "region_YNM": "Mumbai",
  "region_YYZ": "Toronto",
  "region_US": "Estados Unidos da América",
  "region_GS": "GS",
  "region_MAD": "Madrid",
  "region_BRU": "Bruxelas",
  "region_DAL": "Dallas",
  "region_SHA": "Gravelines",
  "region_PRG": "Praga",
  "region_AMS": "Amesterdão",
  "region_MIL": "Milão",
  "region_ZRH": "Zurique",
  "region_LAX": "Los Angeles",
  "region_CHI": "Chicago",
  "region_NYC": "New York",
  "region_MIA": "Miami",
  "region_PAO": "Palo Alto",
  "region_DEN": "Denver",
  "region_ATL": "Atlanta",
  "region_RBA": "Rabat",
  "region_TYO": "Tóquio",
  "region_BLR": "Bangalore",
  "region_DXB": "Dubai",
  "region_JKT": "Jacarta",
  "region_LUX": "Luxemburgo",
  "region_MEX": "México",
  "region_SAO": "São Paulo",
  "region_TUN": "Tunis",
  "region_AUS": "Austin",
  "region_BOS": "Boston",
  "region_SEA": "Seattle",
  "region_BUH": "Bucareste",
  "region_PHL": "Filadélfia",
  "region_PHX": "Phoenix",
  "region_BKK": "Banguecoque",
  "region_BUE": "Buenos Aires",
  "region_AKL": "Auckland",
  "region_HEL": "Helsínquia",
  "region_HOU": "Houston",
  "region_SOF": "Sófia",
  "region_OSL": "Oslo",
  "region_STO": "Estocolmo",
  "region_TPE": "Taipei",
  "region_SCL": "Santiago",
  "region_SEL": "Seul",
  "region_BOG": "Bogotá",
  "region_LAG": "Lagos",
  "region_CPT": "Cidade do Cabo",
  "region_NBO": "Nairóbi",
  "region_ABJ": "Abidjan",
  "region_CAI": "Cairo",
  "region_DOH": "Doha",
  "region_LAU": "Lausanne",
  "region_CPH": "Copenhaga",
  "region_LIS": "Lisboa",
  "region_MEL": "Melbourne",
  "region_ICD": "Nova Deli",
  "region_OSA": "Osaka",
  "region_KUL": "Kuala Lumpur",
  "region_MNL": "Manila",
  "region_SGN": "Ho Chi Minh",
  "region_VIE": "Viena",
  "region_DLN": "Dublin",
  "region_VAN": "Vancouver",
  "region_TLV": "Tel Aviv-Yafo",
  "region_MNC": "Manchester",
  "region_CLT": "Charlotte",
  "region_BNA": "Nashville",
  "region_SLC": "Salt Lake City",
  "region_STL": "Saint Louis",
  "region_IND": "Indianápolis",
  "region_IST": "Istambul",
  "region_CA": "Canadá",
  "region_US-WEST-LZ-PAO": "Palo Alto",
  "region_US-CENTRAL-LZ-SLC": "Salt Lake City",
  "region_US-EAST-LZ-MIA": "Miami",
  "region_US-WEST-LZ-SEA": "Seattle",
  "region_US-CENTRAL-LZ-STL": "Saint Louis",
  "region_US-EAST-LZ-NYC": "New York",
  "region_US-WEST-LZ-LAX": "Los Angeles",
  "region_US-EAST-LZ-ATL": "Atlanta",
  "region_US-WEST-OR": "Hillsboro",
  "region_US-EAST-LZ-CHI": "Chicago",
  "region_US-EAST-VA": "Vint Hill",
  "region_US-EAST-LZ-DAL": "Dallas",
  "region_US-WEST-LZ-PHX": "Phoenix"
}
