{
  "region_SBG1": "Estrasburgo (SBG1)",
  "region_BHS1": "Beauharnois (BHS1)",
  "region_GRA1": "Gravelines (GRA1)",
  "region_SBG": "Estrasburgo",
  "region_MRS": "Marsella",
  "region_PAR": "París",
  "region_BHS": "Beauharnois",
  "region_ERI": "Londres",
  "region_GRA": "Gravelines",
  "region_LIM": "Limburgo",
  "region_RBX": "Roubaix",
  "region_WAW": "Varsovia",
  "region_DE": "Fráncfort",
  "region_UK": "Londres",
  "region_SGP": "Singapur",
  "region_MUM": "Mumbai",
  "region_VIN": "Vint Hill",
  "region_HIL": "Hillsboro",
  "region_OR": "Oregón",
  "region_VA": "Virginia",
  "region_SYD": "Sídney",
  "region_TOR": "Toronto",
  "region_YNM": "Mumbai",
  "region_YYZ": "Toronto",
  "region_US": "Estados Unidos",
  "region_GS": "GS",
  "region_MAD": "Madrid",
  "region_BRU": "Bruselas",
  "region_DAL": "Dallas",
  "region_SHA": "Gravelines",
  "region_PRG": "Praga",
  "region_AMS": "Ámsterdam",
  "region_MIL": "Milán",
  "region_ZRH": "Zúrich",
  "region_LAX": "Los Ángeles",
  "region_CHI": "Chicago",
  "region_NYC": "Nueva York",
  "region_MIA": "Miami",
  "region_PAO": "Palo Alto",
  "region_DEN": "Denver",
  "region_ATL": "Atlanta",
  "region_RBA": "Rabat",
  "region_TYO": "Tokio",
  "region_BLR": "Bangalore",
  "region_DXB": "Dubái",
  "region_JKT": "Yakarta",
  "region_LUX": "Luxemburgo",
  "region_MEX": "México",
  "region_SAO": "São Paulo",
  "region_TUN": "Túnez",
  "region_AUS": "Austin",
  "region_BOS": "Boston",
  "region_SEA": "Seattle",
  "region_BUH": "Bucarest",
  "region_PHL": "Filadelfia",
  "region_PHX": "Phoenix",
  "region_BKK": "Bangkok",
  "region_BUE": "Buenos Aires",
  "region_AKL": "Auckland",
  "region_HEL": "Helsinki",
  "region_HOU": "Houston",
  "region_SOF": "Sofía",
  "region_OSL": "Oslo",
  "region_STO": "Estocolmo",
  "region_TPE": "Taipéi",
  "region_SCL": "Santiago",
  "region_SEL": "Seúl",
  "region_BOG": "Bogotá",
  "region_LAG": "Lagos",
  "region_CPT": "El Cabo",
  "region_NBO": "Nairobi",
  "region_ABJ": "Abidján",
  "region_CAI": "El Cairo",
  "region_DOH": "Doha",
  "region_LAU": "Lausanne",
  "region_CPH": "Copenhague",
  "region_LIS": "Lisboa",
  "region_MEL": "Melbourne",
  "region_ICD": "Nueva Delhi",
  "region_OSA": "Osaka",
  "region_KUL": "Kuala Lumpur",
  "region_MNL": "Manila",
  "region_SGN": "Ho Chi Minh",
  "region_VIE": "Viena",
  "region_DLN": "Dublín",
  "region_VAN": "Vancouver",
  "region_TLV": "Tel Aviv-Yafo",
  "region_MNC": "Manchester",
  "region_CLT": "Charlotte",
  "region_BNA": "Nashville",
  "region_SLC": "Salt Lake City",
  "region_STL": "San Luis",
  "region_IND": "Indianápolis",
  "region_IST": "Estambul",
  "region_CA": "Canadá",
  "region_US-WEST-LZ-PAO": "Palo Alto",
  "region_US-CENTRAL-LZ-SLC": "Salt Lake City",
  "region_US-EAST-LZ-MIA": "Miami",
  "region_US-WEST-LZ-SEA": "Seattle",
  "region_US-CENTRAL-LZ-STL": "San Luis",
  "region_US-EAST-LZ-NYC": "Nueva York",
  "region_US-WEST-LZ-LAX": "Los Ángeles",
  "region_US-EAST-LZ-ATL": "Atlanta",
  "region_US-WEST-OR": "Hillsboro",
  "region_US-EAST-LZ-CHI": "Chicago",
  "region_US-EAST-VA": "Vint Hill",
  "region_US-EAST-LZ-DAL": "Dallas",
  "region_US-WEST-LZ-PHX": "Phoenix"
}
