{
  "region_SBG1": "Strasbourg (SBG1)",
  "region_BHS1": "Beauharnois (BHS1)",
  "region_GRA1": "Gravelines (GRA1)",
  "region_SBG": "Strasbourg",
  "region_MRS": "Marseille",
  "region_PAR": "Paris",
  "region_BHS": "Beauharnois",
  "region_ERI": "Londres",
  "region_GRA": "Gravelines",
  "region_LIM": "Limburg",
  "region_RBX": "Roubaix",
  "region_WAW": "Varsovie",
  "region_DE": "Francfort",
  "region_UK": "Londres",
  "region_SGP": "Singapour",
  "region_MUM": "Mumbai",
  "region_VIN": "Vint Hill",
  "region_HIL": "Hillsboro",
  "region_OR": "Oregon",
  "region_VA": "Virginie",
  "region_SYD": "Sydney",
  "region_TOR": "Toronto",
  "region_YNM": "Mumbai",
  "region_YYZ": "Toronto",
  "region_US": "États-Unis",
  "region_GS": "GS",
  "region_MAD": "Madrid",
  "region_BRU": "Bruxelles",
  "region_DAL": "Dallas",
  "region_SHA": "Gravelines",
  "region_PRG": "Prague",
  "region_AMS": "Amsterdam",
  "region_MIL": "Milan",
  "region_ZRH": "Zurich",
  "region_LAX": "Los Angeles",
  "region_CHI": "Chicago",
  "region_NYC": "New York",
  "region_MIA": "Miami",
  "region_PAO": "Palo Alto",
  "region_DEN": "Denver",
  "region_ATL": "Atlanta",
  "region_RBA": "Rabat",
  "region_TYO": "Tokyo",
  "region_BLR": "Bangalore",
  "region_DXB": "Dubai",
  "region_JKT": "Djakarta",
  "region_LUX": "Luxembourg",
  "region_MEX": "Mexico",
  "region_SAO": "São Paulo",
  "region_TUN": "Tunis",
  "region_AUS": "Austin",
  "region_BOS": "Boston",
  "region_SEA": "Seattle",
  "region_BUH": "Bucarest",
  "region_PHL": "Philadelphie",
  "region_PHX": "Phoenix",
  "region_BKK": "Bangkok",
  "region_BUE": "Buenos Aires",
  "region_AKL": "Auckland",
  "region_HEL": "Helsinki",
  "region_HOU": "Houston",
  "region_SOF": "Sofia",
  "region_OSL": "Oslo",
  "region_STO": "Stockholm",
  "region_TPE": "Taipei",
  "region_SCL": "Santiago",
  "region_SEL": "Seoul",
  "region_BOG": "Bogota",
  "region_LAG": "Lagos",
  "region_CPT": "Le Cap",
  "region_NBO": "Nairobi",
  "region_ABJ": "Abidjan",
  "region_CAI": "Le Caire",
  "region_DOH": "Doha",
  "region_LAU": "Lausanne",
  "region_CPH": "Copenhague",
  "region_LIS": "Lisbonne",
  "region_MEL": "Melbourne",
  "region_ICD": "New Delhi",
  "region_OSA": "Osaka",
  "region_KUL": "Kuala Lumpur",
  "region_MNL": "Manille",
  "region_SGN": "Ho Chi Minh",
  "region_VIE": "Vienne",
  "region_DLN": "Dublin",
  "region_VAN": "Vancouver",
  "region_TLV": "Tel Aviv-yafo",
  "region_MNC": "Manchester",
  "region_CLT": "Charlotte",
  "region_BNA": "Nashville",
  "region_SLC": "Salt Lake City",
  "region_STL": "Saint-Louis",
  "region_IND": "Indianapolis",
  "region_IST": "Istanbul",
  "region_CA": "Canada",
  "region_US-WEST-LZ-PAO": "Palo Alto",
  "region_US-CENTRAL-LZ-SLC": "Salt Lake City",
  "region_US-EAST-LZ-MIA": "Miami",
  "region_US-WEST-LZ-SEA": "Seattle",
  "region_US-CENTRAL-LZ-STL": "Saint-Louis",
  "region_US-EAST-LZ-NYC": "New York",
  "region_US-WEST-LZ-LAX": "Los Angeles",
  "region_US-EAST-LZ-ATL": "Atlanta",
  "region_US-WEST-OR": "Hillsboro",
  "region_US-EAST-LZ-CHI": "Chicago",
  "region_US-EAST-VA": "Vint Hill",
  "region_US-EAST-LZ-DAL": "Dallas",
  "region_US-WEST-LZ-PHX": "Phoenix"
}
