{
  "region_SBG1": "Straßburg (SBG1)",
  "region_BHS1": "Beauharnois (BHS1)",
  "region_GRA1": "Gravelines (GRA1)",
  "region_SBG": "Straßburg",
  "region_MRS": "Marseille",
  "region_PAR": "Paris",
  "region_BHS": "Beauharnois",
  "region_ERI": "London",
  "region_GRA": "Gravelines",
  "region_LIM": "Limburg",
  "region_RBX": "Roubaix",
  "region_WAW": "Warschau",
  "region_DE": "Frankfurt",
  "region_UK": "London",
  "region_SGP": "Singapur",
  "region_MUM": "Mumbai",
  "region_VIN": "Vint Hill",
  "region_HIL": "Hillsboro",
  "region_OR": "Oregon",
  "region_VA": "Virginia",
  "region_SYD": "Sydney",
  "region_TOR": "Toronto",
  "region_YNM": "Mumbai",
  "region_YYZ": "Toronto",
  "region_US": "USA",
  "region_GS": "GS",
  "region_MAD": "Madrid",
  "region_BRU": "Brüssel",
  "region_DAL": "Dallas",
  "region_SHA": "Gravelines",
  "region_PRG": "Prag",
  "region_AMS": "Amsterdam",
  "region_MIL": "Mailand",
  "region_ZRH": "Zürich",
  "region_LAX": "Los Angeles",
  "region_CHI": "Chicago",
  "region_NYC": "New York",
  "region_MIA": "Miami",
  "region_PAO": "Palo Alto",
  "region_DEN": "Denver",
  "region_ATL": "Atlanta",
  "region_RBA": "Rabat",
  "region_TYO": "Tokio",
  "region_BLR": "Bangalore",
  "region_DXB": "Dubai",
  "region_JKT": "Jakarta",
  "region_LUX": "Luxemburg",
  "region_MEX": "Mexiko",
  "region_SAO": "São Paulo",
  "region_TUN": "Tunis",
  "region_AUS": "Austin",
  "region_BOS": "Boston",
  "region_SEA": "Seattle",
  "region_BUH": "Bukarest",
  "region_PHL": "Philadelphia",
  "region_PHX": "Phoenix",
  "region_BKK": "Bangkok",
  "region_BUE": "Buenos Aires",
  "region_AKL": "Auckland",
  "region_HEL": "Helsinki",
  "region_HOU": "Houston",
  "region_SOF": "Sofia",
  "region_OSL": "Oslo",
  "region_STO": "Stockholm",
  "region_TPE": "Taipei",
  "region_SCL": "Santiago",
  "region_SEL": "Seoul",
  "region_BOG": "Bogotá",
  "region_LAG": "Lagos",
  "region_CPT": "Kapstadt",
  "region_NBO": "Nairobi",
  "region_ABJ": "Abidjan",
  "region_CAI": "Kairo",
  "region_DOH": "Doha",
  "region_LAU": "Lausanne",
  "region_CPH": "Kopenhagen",
  "region_LIS": "Lissabon",
  "region_MEL": "Melbourne",
  "region_ICD": "Neu-Delhi",
  "region_OSA": "Osaka",
  "region_KUL": "Kuala Lumpur",
  "region_MNL": "Manila",
  "region_SGN": "Ho-Chi-Minh-Stadt",
  "region_VIE": "Wien",
  "region_DLN": "Dublin",
  "region_VAN": "Vancouver",
  "region_TLV": "Tel Aviv-Jaffa",
  "region_MNC": "Manchester",
  "region_CLT": "Charlotte",
  "region_BNA": "Nashville",
  "region_SLC": "Salt Lake City",
  "region_STL": "St. Louis",
  "region_IND": "Indianapolis",
  "region_IST": "Istanbul",
  "region_CA": "Kanada",
  "region_US-WEST-LZ-PAO": "Palo Alto",
  "region_US-CENTRAL-LZ-SLC": "Salt Lake City",
  "region_US-EAST-LZ-MIA": "Miami",
  "region_US-WEST-LZ-SEA": "Seattle",
  "region_US-CENTRAL-LZ-STL": "St. Louis",
  "region_US-EAST-LZ-NYC": "New York",
  "region_US-WEST-LZ-LAX": "Los Angeles",
  "region_US-EAST-LZ-ATL": "Atlanta",
  "region_US-WEST-OR": "Hillsboro",
  "region_US-EAST-LZ-CHI": "Chicago",
  "region_US-EAST-VA": "Vint Hill",
  "region_US-EAST-LZ-DAL": "Dallas",
  "region_US-WEST-LZ-PHX": "Phoenix"
}
