{
  "region_SBG1": "Estrasburgo (SBG1)",
  "region_BHS1": "Beauharnois (BHS1)",
  "region_GRA1": "Gravelines (GRA1)",
  "region_SBG": "Estrasburgo",
  "region_SBG_micro": "Estrasburgo ({{ micro }})",
  "region_BHS": "Beauharnois",
  "region_BHS_micro": "Beauharnois ({{ micro }})",
  "region_ERI": "Londres",
  "region_ERI_micro": "Londres ({{ micro }})",
  "region_GRA": "Gravelines",
  "region_GRA_micro": "Gravelines ({{ micro }})",
  "region_LIM": "Limburgo",
  "region_LIM_micro": "Limburgo ({{ micro }})",
  "region_RBX": "Roubaix",
  "region_RBX_micro": "Roubaix ({{ micro }})",
  "region_WAW": "Varsóvia",
  "region_WAW_micro": "Varsóvia ({{ micro }})",
  "region_DE": "Frankfurt ",
  "region_DE_micro": "Frankfurt ({{ micro }})",
  "region_UK": "Londres",
  "region_UK_micro": "Londres ({{ micro }})",
  "region_SGP": "Singapura",
  "region_SGP_micro": "Singapura ({{ micro }})",
  "region_SYD": "Sydney",
  "region_SYD_micro": "Sydney ({{ micro }})",
  "region_US": "Estados Unidos",
  "region_US_micro": "Estados Unidos ({{ micro }})",
  "region_GS": "GS",
  "region_MAD": "Madrid",
  "region_BRU": "Bruxelas",
  "region_SHA_micro": "Gravelines (SHADOW-EU-1)",
  "region_GS_micro": "Gridscale ({{ micro }})",
  "region_MAD_micro": "Madrid ({{ micro }})",
  "region_BRU_micro": "Bruxelas ({{ micro }})",
  "region_localize": "Localizar",
  "region_location_SBG": "Europa Central (França)",
  "region_location_WAW": "Europa Central (Polónia)",
  "region_location_BHS": "América do Norte (Canadá)",
  "region_location_ERI": "Europa Ocidental (Reino Unido)",
  "region_location_GRA": "Europa Ocidental (França)",
  "region_location_GS": "Western Europe",
  "region_location_MAD": "Western Europe",
  "region_location_BRU": "Western Europe",
  "region_location_LIM": "Europa Central (Alemanha)",
  "region_location_RBX": "Europa Ocidental (França)",
  "region_location_DE": "Europa Central (Alemanha)",
  "region_location_UK": "Europa Ocidental (Reino Unido)",
  "region_location_SGP": "Ásia-Pacífico (Singapura)",
  "region_location_SYD": "Oceânia (Austrália)",
  "region_location_US": "Estados Unidos",
  "region_continent_SBG": "Europa Central",
  "region_continent_WAW": "Europa Central",
  "region_continent_BHS": "América do Norte",
  "region_continent_GRA": "Europa Ocidental",
  "region_continent_RBX": "Europa Ocidental",
  "region_continent_GS": "Western Europe",
  "region_continent_MAD": "Western Europe",
  "region_continent_BRU": "Western Europe",
  "region_continent_DE": "Europa Central",
  "region_continent_UK": "Europa Ocidental",
  "region_continent_SGP": "Ásia-Pacífico ",
  "region_continent_SYD": "Oceânia",
  "region_continent_US": "Estados Unidos",
  "region_continent_SHA": "Europa Ocidental",
  "region_continent_all": "Todas as localizações",
  "region_MUM": "Mumbai",
  "region_MUM_micro": "Mumbai ({{ micro }})",
  "region_AP-SOUTH-MUM_micro": "Mumbai ({{ micro }})",
  "region_location_MUM": "Ásia-Pacífico (Mumbai)",
  "region_continent_MUM": "Ásia-Pacífico ",
  "region_continent_AP-SOUTH-MUM": "Ásia-Pacífico",
  "region_PAR": "Paris",
  "region_PAR_micro": "Paris ({{ micro }})",
  "region_location_PAR": "Europa Ocidental (França)",
  "region_continent_PAR": "Europa Ocidental",
  "region_US-EAST-VA": "Virgínia",
  "region_US-EAST-VA_micro": "Virgínia ({{ micro }})",
  "region_US-WEST-OR": "Oregon",
  "region_US-WEST-OR_micro": "Oregon ({{ micro }})",
  "region_continent_US-EAST-VA": "América do Norte",
  "region_continent_US-WEST-OR": "América do Norte",
  "region_EU-WEST-PAR": "Paris",
  "region_EU-WEST-PAR_micro": "Paris ({{ micro }})",
  "region_location_EU-WEST-PAR": "Europa Ocidental (França)",
  "region_continent_EU-WEST-PAR": "Europa Ocidental",
  "help-link-more-info": "Saber mais",
  "region-description-1AZ": "Uma região 1-AZ (zona de disponibilidade) agrupa um ou vários datacenters localizados no mesmo local.",
  "region-description-3AZ": " Uma região 3-AZ inclui três zonas de disponibilidade situadas na mesma área metropolitana, separadas por alguns quilómetros. Satisfaz as exigências mais elevadas em matéria de resiliência, garantindo uma latência extremamente baixa entre os AZ.",
  "region_MIL": "Milão",
  "region_MIL_micro": "Milão ({{ micro }})",
  "region_EU-SOUTH-MIL": "Milão",
  "region_EU-SOUTH-MIL_micro": "Milão ({{ micro }})",
  "region_continent_EU-SOUTH-MIL": "Sul da Europa",
  "region_TOR": "Toronto",
  "region_TOR_micro": "Toronto ({{ micro }})",
  "region_continent_MIL": "Europa do Sul",
  "region_location_MIL": "Europa do Sul (Itália)",
  "region_continent_TOR": "América do Norte",
  "region-description-localzone": "Uma Local Zone corresponde a um modo de implementação dos produtos Public Cloud da OVHcloud em datacenters localizados o mais próximo possível dos utilizadores finais.",
  "region_MRS": "Marselha",
  "region_MRS_micro": "Marselha ({{ micro }})",
  "region_continent_MRS": "Europa Ocidental",
  "region_VIN": "Vint Hill",
  "region_VIN_micro": "Vint Hill ({{ micro }})",
  "region_continent_VIN": "América do Norte",
  "region_HIL": "Hillsboro",
  "region_HIL_micro": "Hillsboro ({{ micro }})",
  "region_continent_HIL": "América do Norte",
  "region_OR": "Oregon",
  "region_continent_OR": "América do Norte",
  "region_OR_micro": "Oregon ({{ micro }})",
  "region_DAL": "Dallas",
  "region_continent_DAL": "América do Norte",
  "region_DAL_micro": "Dallas ({{ micro }})",
  "region_location_DAL": "Estados Unidos da América",
  "region_PRG": "Praga",
  "region_PRG_micro": "Praga ({{ micro }})",
  "region_continent_PRG": "Europa Central",
  "region_AMS": "Amesterdão",
  "region_AMS_micro": "Amesterdão ({{ micro }})",
  "region_continent_AMS": "Europa Ocidental",
  "region_ZRH": "Zurique",
  "region_ZRH_micro": "Zurique ({{ micro }})",
  "region_continent_ZRH": "Europa Ocidental",
  "region_LAX": "Los Angeles",
  "region_LAX_micro": "Los Angeles ({{ micro }})",
  "region_continent_LAX": "América do Norte",
  "region_CHI": "Chicago",
  "region_CHI_micro": "Chicago ({{ micro }})",
  "region_continent_CHI": "América do Norte",
  "region_NYC": "New York",
  "region_NYC_micro": "Nova Iorque ({{ micro }})",
  "region_continent_NYC": "América do Norte",
  "region_MIA": "Miami",
  "region_MIA_micro": "Miami ({{ micro }})",
  "region_continent_MIA": "América do Norte",
  "region_PAO": "Palo Alto",
  "region_PAO_micro": "Palo Alto ({{ micro }})",
  "region_continent_PAO": "América do Norte",
  "region_DEN": "Denver",
  "region_DEN_micro": "Denver ({{ micro }})",
  "region_continent_DEN": "América do Norte",
  "region_ATL": "Atlanta",
  "region_ATL_micro": "Atlanta ({{ micro }})",
  "region_continent_ATL": "América do Norte",
  "region_RBA": "Rabat",
  "region_RBA_micro": "Rabat ({{ micro }})",
  "region_continent_RBA": "África",
  "region_TYO": "Tóquio",
  "region_TYO_micro": "Tóquio ({{ micro }})",
  "region_continent_TYO": "APAC",
  "region_BLR": "Bangalore",
  "region_BLR_micro": "Bangalore ({{ micro }})",
  "region_continent_BLR": "APAC",
  "region_DXB": "Dubai",
  "region_DXB_micro": "Dubai ({{ micro }})",
  "region_continent_DXB": "Oriente Médio",
  "region_JKT": "Jacarta",
  "region_JKT_micro": "Jacarta ({{ micro }})",
  "region_continent_JKT": "APAC",
  "region_LUX": "Luxemburgo",
  "region_LUX_micro": "Luxemburgo ({{ micro }})",
  "region_continent_LUX": "Europa Ocidental",
  "region_MEX": "México",
  "region_MEX_micro": "México ({{ micro }})",
  "region_continent_MEX": "América Central",
  "region_SAO": "São Paulo",
  "region_SAO_micro": "São Paulo ({{ micro }})",
  "region_continent_SAO": "América do Sul",
  "region_TUN": "Túnis",
  "region_TUN_micro": "Túnis ({{ micro }})",
  "region_continent_TUN": "África do Norte",
  "region_AUS": "Austin",
  "region_AUS_micro": "Austin ({{ micro }})",
  "region_continent_AUS": "América do Norte",
  "region_BOS": "Boston",
  "region_BOS_micro": "Boston ({{ micro }})",
  "region_continent_BOS": "América do Norte",
  "region_SEA": "Seattle",
  "region_SEA_micro": "Seattle ({{ micro }})",
  "region_continent_SEA": "América do Norte",
  "region_BUH": "Bucareste",
  "region_BUH_micro": "Bucareste ({{ micro }})",
  "region_continent_BUH": "Europa Central",
  "region_PHL": "Filadélfia",
  "region_PHL_micro": "Filadélfia ({{ micro }})",
  "region_continent_PHL": "América do Norte",
  "region_PHX": "Phoenix",
  "region_PHX_micro": "Fênix ({{ micro }})",
  "region_continent_PHX": "América do Norte",
  "region_BKK": "Banguecoque",
  "region_BKK_micro": "Banguecoque ({{ micro }})",
  "region_continent_BKK": "APAC",
  "region_BUE": "Buenos Aires",
  "region_BUE_micro": "Buenos Aires ({{ micro }})",
  "region_continent_BUE": "América do Sul",
  "region_AKL": "Auckland",
  "region_AKL_micro": "Auckland ({{ micro }})",
  "region_continent_AKL": "APAC",
  "region_HEL": "Helsínquia",
  "region_HEL_micro": "Helsínquia ({{ micro }})",
  "region_continent_HEL": "Europa do Norte",
  "region_HOU": "Houston",
  "region_HOU_micro": "Houston ({{ micro }})",
  "region_continent_HOU": "América do Norte",
  "region_SOF": "Sofia",
  "region_SOF_micro": "Sofia ({{ micro }})",
  "region_continent_SOF": "Europa Central",
  "region_OSL": "Oslo",
  "region_OSL_micro": "Oslo ({{ micro }})",
  "region_continent_OSL": "Europa do Norte",
  "region_STO": "Estocolmo",
  "region_STO_micro": "Estocolmo ({{ micro }})",
  "region_continent_STO": "Europa do Norte",
  "region_TPE": "Taipei",
  "region_TPE_micro": "Taipei ({{ micro }})",
  "region_continent_TPE": "APAC",
  "region_SCL": "Santiago",
  "region_SCL_micro": "Santiago ({{ micro }})",
  "region_continent_SCL": "América do Sul",
  "region_SEL": "Seul",
  "region_SEL_micro": "Seul ({{ micro }})",
  "region_continent_SEL": "APAC",
  "region_BOG": "Bogotá",
  "region_BOG_micro": "Bogotá ({{ micro }})",
  "region_continent_BOG": "América do Sul",
  "region_LAG": "Lagos",
  "region_LAG_micro": "Lagos ({{ micro }})",
  "region_continent_LAG": "África",
  "region_CPT": "Cidade do Cabo",
  "region_CPT_micro": "Cidade do Cabo ({{ micro }})",
  "region_continent_CPT": "África",
  "region_NBO": "Nairóbi",
  "region_NBO_micro": "Nairóbi ({{ micro }})",
  "region_continent_NBO": "África",
  "region_ABJ": "Abidjan",
  "region_ABJ_micro": "Abidjan ({{ micro }})",
  "region_continent_ABJ": "África",
  "region_CAI": "Cairo",
  "region_CAI_micro": "Cairo ({{ micro }})",
  "region_continent_CAI": "África",
  "region_DOH": "Doha",
  "region_DOH_micro": "Doha ({{ micro }})",
  "region_continent_DOH": "Oriente Médio",
  "region_LAU": "Lausanne",
  "region_LAU_micro": "Lausana ({{ micro }})",
  "region_continent_LAU": "Europa Ocidental",
  "region_CPH": "Copenhaga",
  "region_CPH_micro": "Copenhaga ({{ micro }})",
  "region_continent_CPH": "Europa do Norte",
  "region_LIS": "Lisboa",
  "region_LIS_micro": "Lisboa ({{ micro }})",
  "region_continent_LIS": "Europa do Sul",
  "region_MEL": "Melbourne",
  "region_MEL_micro": "Melbourne ({{ micro }})",
  "region_continent_MEL": "APAC",
  "region_ICD": "Nova Deli",
  "region_ICD_micro": "Nova Deli ({{ micro }})",
  "region_continent_ICD": "APAC",
  "region_OSA": "Osaka",
  "region_OSA_micro": "Osaka ({{ micro }})",
  "region_continent_OSA": "APAC",
  "region_KUL": "Kuala Lumpur",
  "region_KUL_micro": "Kuala Lumpur ({{ micro }})",
  "region_continent_KUL": "APAC",
  "region_MNL": "Manila",
  "region_MNL_micro": "Manila ({{ micro }})",
  "region_continent_MNL": "APAC",
  "region_SGN": "Ho Chi Minh",
  "region_SGN_micro": "Ho Chi Minh ({{ micro }})",
  "region_continent_SGN": "APAC",
  "region_VIE": "Viena",
  "region_VIE_micro": "Viena ({{ micro }})",
  "region_continent_VIE": "Europa Ocidental",
  "region_DLN": "Dublin",
  "region_DLN_micro": "Dublin ({{ micro }})",
  "region_continent_DLN": "Europa Ocidental",
  "region_VAN": "Vancouver",
  "region_VAN_micro": "Vancouver ({{ micro }})",
  "region_continent_VAN": "América do Norte",
  "region_TLV": "Tel Aviv-Yafo",
  "region_TLV_micro": "Tel Aviv-Yafo ({{ micro }})",
  "region_continent_TLV": "Oriente Médio",
  "region_MNC": "Manchester",
  "region_MNC_micro": "Manchester ({{ micro }})",
  "region_continent_MNC": "Europa Ocidental",
  "region_CLT": "Charlotte",
  "region_CLT_micro": "Charlotte ({{ micro }})",
  "region_continent_CLT": "América do Norte",
  "region_BNA": "Nashville",
  "region_BNA_micro": "Nashville ({{ micro }})",
  "region_continent_BNA": "América do Norte",
  "region_SLC": "Salt Lake City",
  "region_SLC_micro": "Salt Lake City ({{ micro }})",
  "region_continent_SLC": "América do Norte",
  "region_STL": "São Luís",
  "region_STL_micro": "Saint-Louis ({{ micro }})",
  "region_continent_STL": "América do Norte",
  "region_IND": "Indianápolis",
  "region_IND_micro": "Indianápolis ({{ micro }})",
  "region_continent_IND": "América do Norte",
  "region_IST": "Istambul",
  "region_IST_micro": "Istambul ({{ micro }})",
  "region_continent_IST": "Oriente Médio",
  "region_continent_CA": "América do Norte"
}
