{
  "region_SBG1": "Strasburgo (SBG1)",
  "region_BHS1": "Beauharnois (BHS1)",
  "region_GRA1": "Gravelines (GRA1)",
  "region_SBG": "Strasburgo",
  "region_SBG_micro": "Strasburgo ({{ micro }})",
  "region_BHS": "Beauharnois",
  "region_BHS_micro": "Beauharnois ({{ micro }})",
  "region_ERI": "Londra",
  "region_ERI_micro": "Londra ({{ micro }})",
  "region_GRA": "Gravelines",
  "region_GRA_micro": "Gravelines ({{ micro }})",
  "region_LIM": "Limburgo",
  "region_LIM_micro": "Limburgo ({{ micro }})",
  "region_RBX": "Roubaix",
  "region_RBX_micro": "Roubaix ({{ micro }})",
  "region_WAW": "Varsavia",
  "region_WAW_micro": "Varsavia ({{ micro }})",
  "region_DE": "Francoforte",
  "region_DE_micro": "Francoforte ({{ micro }})",
  "region_UK": "Londra",
  "region_UK_micro": "Londra ({{ micro }})",
  "region_SGP": "Singapore",
  "region_SGP_micro": "Singapore ({{ micro }})",
  "region_SYD": "Sydney",
  "region_SYD_micro": "Sydney ({{ micro }})",
  "region_US": "Stati Uniti",
  "region_US_micro": "Stati Uniti ({{ micro }})",
  "region_GS": "GS",
  "region_MAD": "Madrid",
  "region_BRU": "Bruxelles",
  "region_SHA_micro": "Gravelines (SHADOW-EU-1)",
  "region_GS_micro": "Gridscale ({{ micro }})",
  "region_MAD_micro": "Madrid ({{ micro }})",
  "region_BRU_micro": "Bruxelles ({{ micro }})",
  "region_localize": "Localizza",
  "region_location_SBG": "Europa centrale (Francia)",
  "region_location_WAW": "Europa centrale (Polonia)",
  "region_location_BHS": "Nord America (Canada)",
  "region_location_ERI": "Europa Occidentale (Gran Bretagna)",
  "region_location_GRA": "Europa Occidentale (Francia)",
  "region_location_GS": "Europa Occidentale",
  "region_location_MAD": "Europa Occidentale",
  "region_location_BRU": "Europa Occidentale",
  "region_location_LIM": "Europa centrale (Germania)",
  "region_location_RBX": "Europa Occidentale (Francia)",
  "region_location_DE": "Europa centrale (Germania)",
  "region_location_UK": "Europa Occidentale (Gran Bretagna)",
  "region_location_SGP": "Asia Pacifica (Singapore)",
  "region_location_SYD": "Oceania (Australia)",
  "region_location_US": "Stati Uniti",
  "region_continent_SBG": "Europa centrale",
  "region_continent_WAW": "Europa centrale",
  "region_continent_BHS": "Nord America ",
  "region_continent_GRA": "Europa Occidentale",
  "region_continent_RBX": "Europa Occidentale",
  "region_continent_GS": "Europa Occidentale",
  "region_continent_MAD": "Europa Occidentale",
  "region_continent_BRU": "Europa Occidentale",
  "region_continent_DE": "Europa centrale",
  "region_continent_UK": "Europa Occidentale",
  "region_continent_SGP": "Asia Pacifica ",
  "region_continent_SYD": "Oceania",
  "region_continent_US": "Stati Uniti",
  "region_continent_SHA": "Europa Occidentale",
  "region_continent_all": "Tutte le localizzazioni",
  "region_MUM": "Mumbai",
  "region_MUM_micro": "Mumbai ({{ micro }})",
  "region_AP-SOUTH-MUM_micro": "Mumbai ({{ micro }})",
  "region_location_MUM": "Asia Pacifica (Mumbai)",
  "region_continent_MUM": "Asia Pacifica ",
  "region_continent_AP-SOUTH-MUM": "Asia Pacifica",
  "region_PAR": "Parigi",
  "region_PAR_micro": "Parigi ({{ micro }})",
  "region_location_PAR": "Europa occidentale (Francia)",
  "region_continent_PAR": "Europa occidentale",
  "region_US-EAST-VA": "Virginia",
  "region_US-EAST-VA_micro": "Virginia ({{ micro }})",
  "region_US-WEST-OR": "Oregon",
  "region_US-WEST-OR_micro": "Oregon ({{ micro }})",
  "region_continent_US-EAST-VA": "Nord America ",
  "region_continent_US-WEST-OR": "Nord America ",
  "region_EU-WEST-PAR": "Parigi",
  "region_EU-WEST-PAR_micro": "Parigi ({{ micro }})",
  "region_location_EU-WEST-PAR": "Europa occidentale (Francia)",
  "region_continent_EU-WEST-PAR": "Europa occidentale",
  "help-link-more-info": "Scopri di più",
  "region-description-1AZ": "Una Region 1-AZ (zona di disponibilità) raggruppa uno o più datacenter presenti nella stessa localizzazione.",
  "region-description-3AZ": " Una Region 3-AZ comprende tre zone di disponibilità presenti in una stessa area metropolitana, separate da alcuni chilometri. Risponde alle esigenze più rigorose in materia di resilienza, garantendo una latenza estremamente ridotta tra le AZ.",
  "region_MIL": "Milano",
  "region_MIL_micro": "Milano ({{ micro }})",
  "region_EU-SOUTH-MIL": "Milano",
  "region_EU-SOUTH-MIL_micro": "Milano ({{ micro }})",
  "region_continent_EU-SOUTH-MIL": "Sud Europa",
  "region_TOR": "Toronto",
  "region_TOR_micro": "Toronto ({{ micro }})",
  "region_continent_MIL": "Europa del Sud",
  "region_location_MIL": "Europa del Sud (Italia)",
  "region_continent_TOR": "Nord America",
  "region-description-localzone": "Una Local Zone corrisponde a un modo di distribuzione dei prodotti Public Cloud di OVHcloud in data center situati il più vicino possibile agli utenti finali.",
  "region_MRS": "Marsiglia",
  "region_MRS_micro": "Marsiglia ({{ micro }})",
  "region_continent_MRS": "Europa occidentale",
  "region_VIN": "Vint Hill",
  "region_VIN_micro": "Vint Hill ({{ micro }})",
  "region_continent_VIN": "Nord America",
  "region_HIL": "Hillsboro",
  "region_HIL_micro": "Hillsboro ({{ micro }})",
  "region_continent_HIL": "Nord America",
  "region_OR": "Oregon",
  "region_continent_OR": "Nord America",
  "region_OR_micro": "Oregon ({{ micro }})",
  "region_DAL": "Dallas",
  "region_continent_DAL": "Nord America",
  "region_DAL_micro": "Dallas ({{ micro }})",
  "region_location_DAL": "Stati Uniti",
  "region_PRG": "Praga",
  "region_PRG_micro": "Praga ({{ micro }})",
  "region_continent_PRG": "Europa centrale",
  "region_AMS": "Amsterdam",
  "region_AMS_micro": "Amsterdam ({{ micro }})",
  "region_continent_AMS": "Europa occidentale",
  "region_ZRH": "Zurigo",
  "region_ZRH_micro": "Zurigo ({{ micro }})",
  "region_continent_ZRH": "Europa occidentale",
  "region_LAX": "Los Angeles",
  "region_LAX_micro": "Los Angeles ({{ micro }})",
  "region_continent_LAX": "Nord America",
  "region_CHI": "Chicago",
  "region_CHI_micro": "Chicago ({{ micro }})",
  "region_continent_CHI": "Nord America",
  "region_NYC": "New York",
  "region_NYC_micro": "New York ({{ micro }})",
  "region_continent_NYC": "Nord America",
  "region_MIA": "Miami",
  "region_MIA_micro": "Miami ({{ micro }})",
  "region_continent_MIA": "Nord America",
  "region_PAO": "Palo Alto",
  "region_PAO_micro": "Palo Alto ({{ micro }})",
  "region_continent_PAO": "Nord America",
  "region_DEN": "Denver",
  "region_DEN_micro": "Denver ({{ micro }})",
  "region_continent_DEN": "Nord America",
  "region_ATL": "Atlanta",
  "region_ATL_micro": "Atlanta ({{ micro }})",
  "region_continent_ATL": "Nord America",
  "region_RBA": "Rabat",
  "region_RBA_micro": "Rabat ({{ micro }})",
  "region_continent_RBA": "Africa",
  "region_TYO": "Tokyo",
  "region_TYO_micro": "Tokyo ({{ micro }})",
  "region_continent_TYO": "APAC",
  "region_BLR": "Bangalore",
  "region_BLR_micro": "Bangalore ({{ micro }})",
  "region_continent_BLR": "APAC",
  "region_DXB": "Dubai",
  "region_DXB_micro": "Dubai ({{ micro }})",
  "region_continent_DXB": "Medio Oriente",
  "region_JKT": "Giakarta",
  "region_JKT_micro": "Giakarta ({{ micro }})",
  "region_continent_JKT": "APAC",
  "region_LUX": "Lussemburgo",
  "region_LUX_micro": "Lussemburgo ({{ micro }})",
  "region_continent_LUX": "Europa occidentale",
  "region_MEX": "Messico",
  "region_MEX_micro": "Messico ({{ micro }})",
  "region_continent_MEX": "America Centrale",
  "region_SAO": "San Paolo",
  "region_SAO_micro": "San Paolo ({{ micro }})",
  "region_continent_SAO": "Sud America",
  "region_TUN": "Tunisi",
  "region_TUN_micro": "Tunisi ({{ micro }})",
  "region_continent_TUN": "Africa del Nord",
  "region_AUS": "Austin",
  "region_AUS_micro": "Austin ({{ micro }})",
  "region_continent_AUS": "Nord America",
  "region_BOS": "Boston",
  "region_BOS_micro": "Boston ({{ micro }})",
  "region_continent_BOS": "Nord America",
  "region_SEA": "Seattle",
  "region_SEA_micro": "Seattle ({{ micro }})",
  "region_continent_SEA": "Nord America",
  "region_BUH": "Bucarest",
  "region_BUH_micro": "Bucarest ({{ micro }})",
  "region_continent_BUH": "Europa centrale",
  "region_PHL": "Filadelfia",
  "region_PHL_micro": "Filadelfia ({{ micro }})",
  "region_continent_PHL": "Nord America",
  "region_PHX": "Phoenix",
  "region_PHX_micro": "Phoenix ({{ micro }})",
  "region_continent_PHX": "Nord America",
  "region_BKK": "Bangkok",
  "region_BKK_micro": "Bangkok ({{ micro }})",
  "region_continent_BKK": "APAC",
  "region_BUE": "Buenos Aires",
  "region_BUE_micro": "Buenos Aires ({{ micro }})",
  "region_continent_BUE": "Sud America",
  "region_AKL": "Auckland",
  "region_AKL_micro": "Auckland ({{ micro }})",
  "region_continent_AKL": "APAC",
  "region_HEL": "Helsinki",
  "region_HEL_micro": "Helsinki ({{ micro }})",
  "region_continent_HEL": "Europa del Nord",
  "region_HOU": "Houston",
  "region_HOU_micro": "Houston ({{ micro }})",
  "region_continent_HOU": "Nord America",
  "region_SOF": "Sofia",
  "region_SOF_micro": "Sofia ({{ micro }})",
  "region_continent_SOF": "Europa centrale",
  "region_OSL": "Oslo",
  "region_OSL_micro": "Oslo ({{ micro }})",
  "region_continent_OSL": "Europa del Nord",
  "region_STO": "Stoccolma",
  "region_STO_micro": "Stoccolma ({{ micro }})",
  "region_continent_STO": "Europa del Nord",
  "region_TPE": "Taipei",
  "region_TPE_micro": "Taipei ({{ micro }})",
  "region_continent_TPE": "APAC",
  "region_SCL": "Santiago",
  "region_SCL_micro": "Santiago ({{ micro }})",
  "region_continent_SCL": "Sud America",
  "region_SEL": "Seul",
  "region_SEL_micro": "Seul ({{ micro }})",
  "region_continent_SEL": "APAC",
  "region_BOG": "Bogotà",
  "region_BOG_micro": "Bogotà ({{ micro }})",
  "region_continent_BOG": "Sud America",
  "region_LAG": "Lagos",
  "region_LAG_micro": "Lagos ({{ micro }})",
  "region_continent_LAG": "Africa",
  "region_CPT": "Città del Capo",
  "region_CPT_micro": "Città del Capo ({{ micro }})",
  "region_continent_CPT": "Africa",
  "region_NBO": "Nairobi",
  "region_NBO_micro": "Nairobi ({{ micro }})",
  "region_continent_NBO": "Africa",
  "region_ABJ": "Abidjan",
  "region_ABJ_micro": "Abidjan ({{ micro }})",
  "region_continent_ABJ": "Africa",
  "region_CAI": "Il Cairo",
  "region_CAI_micro": "Il Cairo ({{ micro }})",
  "region_continent_CAI": "Africa",
  "region_DOH": "Doha",
  "region_DOH_micro": "Doha ({{ micro }})",
  "region_continent_DOH": "Medio Oriente",
  "region_LAU": "Losanna",
  "region_LAU_micro": "Losanna ({{ micro }})",
  "region_continent_LAU": "Europa occidentale",
  "region_CPH": "Copenaghen",
  "region_CPH_micro": "Copenaghen ({{ micro }})",
  "region_continent_CPH": "Europa del Nord",
  "region_LIS": "Lisbona",
  "region_LIS_micro": "Lisbona ({{ micro }})",
  "region_continent_LIS": "Europa del Sud",
  "region_MEL": "Melbourne",
  "region_MEL_micro": "Melbourne ({{ micro }})",
  "region_continent_MEL": "APAC",
  "region_ICD": "Nuova Delhi",
  "region_ICD_micro": "Nuova Delhi ({{ micro }})",
  "region_continent_ICD": "APAC",
  "region_OSA": "Osaka",
  "region_OSA_micro": "Osaka ({{ micro }})",
  "region_continent_OSA": "APAC",
  "region_KUL": "Kuala Lumpur",
  "region_KUL_micro": "Kuala Lumpur ({{ micro }})",
  "region_continent_KUL": "APAC",
  "region_MNL": "Manila",
  "region_MNL_micro": "Manila ({{ micro }})",
  "region_continent_MNL": "APAC",
  "region_SGN": "Ho Chi Minh",
  "region_SGN_micro": "Ho Chi Minh ({{ micro }})",
  "region_continent_SGN": "APAC",
  "region_VIE": "Vienna",
  "region_VIE_micro": "Vienna ({{ micro }})",
  "region_continent_VIE": "Europa occidentale",
  "region_DLN": "Dublino",
  "region_DLN_micro": "Dublino ({{ micro }})",
  "region_continent_DLN": "Europa occidentale",
  "region_VAN": "Vancouver",
  "region_VAN_micro": "Vancouver ({{ micro }})",
  "region_continent_VAN": "Nord America",
  "region_TLV": "Tel Aviv-Yafo",
  "region_TLV_micro": "Tel Aviv-Yafo ({{ micro }})",
  "region_continent_TLV": "Medio Oriente",
  "region_MNC": "Manchester",
  "region_MNC_micro": "Manchester ({{ micro }})",
  "region_continent_MNC": "Europa occidentale",
  "region_CLT": "Charlotte",
  "region_CLT_micro": "Charlotte ({{ micro }})",
  "region_continent_CLT": "Nord America",
  "region_BNA": "Nashville",
  "region_BNA_micro": "Nashville ({{ micro }})",
  "region_continent_BNA": "Nord America",
  "region_SLC": "Salt Lake City",
  "region_SLC_micro": "Salt Lake City ({{ micro }})",
  "region_continent_SLC": "Nord America",
  "region_STL": "San Luigi",
  "region_STL_micro": "San Luigi ({{ micro }})",
  "region_continent_STL": "Nord America",
  "region_IND": "Indianapolis",
  "region_IND_micro": "Indianapolis ({{ micro }})",
  "region_continent_IND": "Nord America",
  "region_IST": "Istanbul",
  "region_IST_micro": "Istanbul ({{ micro }})",
  "region_continent_IST": "Medio Oriente",
  "region_continent_CA": "Nord America"
}
