{
  "region_SBG1": "Straßburg (SBG1)",
  "region_BHS1": "Beauharnois (BHS1)",
  "region_GRA1": "Gravelines (GRA1)",
  "region_SBG": "Straßburg",
  "region_SBG_micro": "Straßburg ({{ micro }})",
  "region_BHS": "Beauharnois",
  "region_BHS_micro": "Beauharnois ({{ micro }})",
  "region_ERI": "London",
  "region_ERI_micro": "London ({{ micro }})",
  "region_GRA": "Gravelines",
  "region_GRA_micro": "Gravelines ({{ micro }})",
  "region_LIM": "Limburg",
  "region_LIM_micro": "Limburg ({{ micro }})",
  "region_RBX": "Roubaix",
  "region_RBX_micro": "Roubaix ({{ micro }})",
  "region_WAW": "Warschau",
  "region_WAW_micro": "Warschau ({{ micro }})",
  "region_DE": "Frankfurt",
  "region_DE_micro": "Frankfurt ({{ micro }})",
  "region_UK": "London",
  "region_UK_micro": "London ({{ micro }})",
  "region_SGP": "Singapur",
  "region_SGP_micro": "Singapur ({{ micro }})",
  "region_SYD": "Sydney",
  "region_SYD_micro": "Sydney ({{ micro }})",
  "region_US": "USA",
  "region_US_micro": "USA ({{ micro }})",
  "region_GS": "GS",
  "region_MAD": "Madrid",
  "region_BRU": "Brüssel",
  "region_SHA_micro": "Gravelines (SHADOW-EU-1)",
  "region_GS_micro": "Gridscale ({{ micro }})",
  "region_MAD_micro": "Madrid ({{ micro }})",
  "region_BRU_micro": "Brüssel ({{ micro }})",
  "region_localize": "Lokalisieren",
  "region_location_SBG": "Mitteleuropa (Frankreich)",
  "region_location_WAW": "Mitteleuropa (Polen)",
  "region_location_BHS": "Nordamerika (Kanada)",
  "region_location_ERI": "Westeuropa (Vereinigtes Königreich)",
  "region_location_GRA": "Westeuropa (Frankreich)",
  "region_location_GS": "Westeuropa",
  "region_location_MAD": "Westeuropa",
  "region_location_BRU": "Westeuropa",
  "region_location_LIM": "Mitteleuropa (Deutschland)",
  "region_location_RBX": "Westeuropa (Frankreich)",
  "region_location_DE": "Mitteleuropa (Deutschland)",
  "region_location_UK": "Westeuropa (Vereinigtes Königreich)",
  "region_location_SGP": "Asiatisch-pazifischer Raum (Singapur)",
  "region_location_SYD": "Ozeanien (Australien)",
  "region_location_US": "USA",
  "region_continent_SBG": "Mitteleuropa",
  "region_continent_WAW": "Mitteleuropa",
  "region_continent_BHS": "Nordamerika",
  "region_continent_GRA": "Westeuropa",
  "region_continent_RBX": "Westeuropa",
  "region_continent_GS": "Westeuropa",
  "region_continent_MAD": "Westeuropa",
  "region_continent_BRU": "Westeuropa",
  "region_continent_DE": "Mitteleuropa",
  "region_continent_UK": "Westeuropa",
  "region_continent_SGP": "Asiatisch-pazifischer Raum ",
  "region_continent_SYD": "Ozeanien",
  "region_continent_US": "USA",
  "region_continent_SHA": "Westeuropa",
  "region_continent_all": "Alle Standorte",
  "region_MUM": "Mumbai",
  "region_MUM_micro": "Mumbai ({{ micro }})",
  "region_AP-SOUTH-MUM_micro": "Mumbai ({{ micro }})",
  "region_location_MUM": "Asiatisch-pazifischer Raum (Mumbai)",
  "region_continent_MUM": "Asiatisch-pazifischer Raum ",
  "region_continent_AP-SOUTH-MUM": "Asiatisch-pazifischer Raum",
  "region_PAR": "Paris",
  "region_PAR_micro": "Paris ({{ micro }})",
  "region_location_PAR": "Westeuropa (Frankreich)",
  "region_continent_PAR": "Westeuropa",
  "region_US-EAST-VA": "Virginia",
  "region_US-EAST-VA_micro": "Virginia ({{ micro }})",
  "region_US-WEST-OR": "Oregon",
  "region_US-WEST-OR_micro": "Oregon ({{ micro }})",
  "region_continent_US-EAST-VA": "Nordamerika",
  "region_continent_US-WEST-OR": "Nordamerika",
  "region_EU-WEST-PAR": "Paris",
  "region_EU-WEST-PAR_micro": "Paris ({{ micro }})",
  "region_location_EU-WEST-PAR": "Westeuropa (Frankreich)",
  "region_continent_EU-WEST-PAR": "Westeuropa",
  "help-link-more-info": "Mehr erfahren",
  "region-description-1AZ": "Eine 1-AZ-Region („AZ“ steht für „Availability Zone“) besteht aus einem oder mehreren Rechenzentren, die sich am gleichen Standort befinden.",
  "region-description-3AZ": " Eine 3-AZ-Region besteht aus drei Availability Zones, die sich innerhalb des gleichen Ballungsgebiets befinden, aber einige Kilometer voneinander entfernt sind. Sie erfüllt höchste Anforderungen in puncto Resilienz und gewährleistet gleichzeitig eine extrem niedrige Latenz zwischen den AZs.",
  "region_MIL": "Mailand",
  "region_MIL_micro": "Mailand ({{ micro }})",
  "region_EU-SOUTH-MIL": "Mailand",
  "region_EU-SOUTH-MIL_micro": "Mailand ({{ micro }})",
  "region_continent_EU-SOUTH-MIL": "Südeuropa",
  "region_TOR": "Toronto",
  "region_TOR_micro": "Toronto ({{ micro }})",
  "region_continent_MIL": "Südeuropa",
  "region_location_MIL": "Südeuropa (Italien)",
  "region_continent_TOR": "Nordamerika",
  "region-description-localzone": "Eine lokale Zone entspricht einem Bereitstellungsmodus der Public Cloud-Produkte von OVHcloud in Rechenzentren, die so nah wie möglich an den Endbenutzern liegen.",
  "region_MRS": "Marseille",
  "region_MRS_micro": "Marseille ({{ micro }})",
  "region_continent_MRS": "Westeuropa",
  "region_VIN": "Vint Hill",
  "region_VIN_micro": "Vint Hill ({{ micro }})",
  "region_continent_VIN": "Nordamerika",
  "region_HIL": "Hillsboro",
  "region_HIL_micro": "Hillsboro ({{ micro }})",
  "region_continent_HIL": "Nordamerika",
  "region_OR": "Oregon",
  "region_continent_OR": "Nordamerika",
  "region_OR_micro": "Oregon ({{ micro }})",
  "region_DAL": "Dallas",
  "region_continent_DAL": "Nordamerika",
  "region_DAL_micro": "Dallas ({{ micro }})",
  "region_location_DAL": "USA",
  "region_PRG": "Prag",
  "region_PRG_micro": "Prag ({{ micro }})",
  "region_continent_PRG": "Zentraleuropa",
  "region_AMS": "Amsterdam",
  "region_AMS_micro": "Amsterdam ({{ micro }})",
  "region_continent_AMS": "Westeuropa",
  "region_ZRH": "Zürich",
  "region_ZRH_micro": "Zürich ({{ micro }})",
  "region_continent_ZRH": "Westeuropa",
  "region_LAX": "Los Angeles",
  "region_LAX_micro": "Los Angeles ({{ micro }})",
  "region_continent_LAX": "Nordamerika",
  "region_CHI": "Chicago",
  "region_CHI_micro": "Chicago ({{ micro }})",
  "region_continent_CHI": "Nordamerika",
  "region_NYC": "New York",
  "region_NYC_micro": "New York ({{ micro }})",
  "region_continent_NYC": "Nordamerika",
  "region_MIA": "Miami",
  "region_MIA_micro": "Miami ({{ micro }})",
  "region_continent_MIA": "Nordamerika",
  "region_PAO": "Palo Alto",
  "region_PAO_micro": "Palo Alto ({{ micro }})",
  "region_continent_PAO": "Nordamerika",
  "region_DEN": "Denver",
  "region_DEN_micro": "Denver ({{ micro }})",
  "region_continent_DEN": "Nordamerika",
  "region_ATL": "Atlanta",
  "region_ATL_micro": "Atlanta ({{ micro }})",
  "region_continent_ATL": "Nordamerika",
  "region_RBA": "Rabat",
  "region_RBA_micro": "Rabat ({{ micro }})",
  "region_continent_RBA": "Afrika",
  "region_TYO": "Tokio",
  "region_TYO_micro": "Tokio ({{ micro }})",
  "region_continent_TYO": "APAC",
  "region_BLR": "Bangalore",
  "region_BLR_micro": "Bangalore ({{ micro }})",
  "region_continent_BLR": "APAC",
  "region_DXB": "Dubai",
  "region_DXB_micro": "Dubai ({{ micro }})",
  "region_continent_DXB": "Naher Osten",
  "region_JKT": "Jakarta",
  "region_JKT_micro": "Jakarta ({{ micro }})",
  "region_continent_JKT": "APAC",
  "region_LUX": "Luxemburg",
  "region_LUX_micro": "Luxemburg ({{ micro }})",
  "region_continent_LUX": "Westeuropa",
  "region_MEX": "Mexiko",
  "region_MEX_micro": "Mexiko ({{ micro }})",
  "region_continent_MEX": "Mittelamerika",
  "region_SAO": "São Paulo",
  "region_SAO_micro": "São Paulo ({{ micro }})",
  "region_continent_SAO": "Südamerika",
  "region_TUN": "Tunis",
  "region_TUN_micro": "Tunis ({{ micro }})",
  "region_continent_TUN": "Nordafrika",
  "region_AUS": "Austin",
  "region_AUS_micro": "Austin ({{ micro }})",
  "region_continent_AUS": "Nordamerika",
  "region_BOS": "Boston",
  "region_BOS_micro": "Boston ({{ micro }})",
  "region_continent_BOS": "Nordamerika",
  "region_SEA": "Seattle",
  "region_SEA_micro": "Seattle ({{ micro }})",
  "region_continent_SEA": "Nordamerika",
  "region_BUH": "Bukarest",
  "region_BUH_micro": "Bukarest ({{ micro }})",
  "region_continent_BUH": "Zentraleuropa",
  "region_PHL": "Philadelphia",
  "region_PHL_micro": "Philadelphia ({{ micro }})",
  "region_continent_PHL": "Nordamerika",
  "region_PHX": "Phoenix",
  "region_PHX_micro": "Phoenix ({{ micro }})",
  "region_continent_PHX": "Nordamerika",
  "region_BKK": "Bangkok",
  "region_BKK_micro": "Bangkok ({{ micro }})",
  "region_continent_BKK": "APAC",
  "region_BUE": "Buenos Aires",
  "region_BUE_micro": "Buenos Aires ({{ micro }})",
  "region_continent_BUE": "Südamerika",
  "region_AKL": "Auckland",
  "region_AKL_micro": "Auckland ({{ micro }})",
  "region_continent_AKL": "APAC",
  "region_HEL": "Helsinki",
  "region_HEL_micro": "Helsinki ({{ micro }})",
  "region_continent_HEL": "Nordeuropa",
  "region_HOU": "Houston",
  "region_HOU_micro": "Houston ({{ micro }})",
  "region_continent_HOU": "Nordamerika",
  "region_SOF": "Sofia",
  "region_SOF_micro": "Sofia ({{ micro }})",
  "region_continent_SOF": "Zentraleuropa",
  "region_OSL": "Oslo",
  "region_OSL_micro": "Oslo ({{ micro }})",
  "region_continent_OSL": "Nordeuropa",
  "region_STO": "Stockholm",
  "region_STO_micro": "Stockholm ({{ micro }})",
  "region_continent_STO": "Nordeuropa",
  "region_TPE": "Taipei",
  "region_TPE_micro": "Taipei ({{ micro }})",
  "region_continent_TPE": "APAC",
  "region_SCL": "Santiago",
  "region_SCL_micro": "Santiago ({{ micro }})",
  "region_continent_SCL": "Südamerika",
  "region_SEL": "Seoul",
  "region_SEL_micro": "Seoul ({{ micro }})",
  "region_continent_SEL": "APAC",
  "region_BOG": "Bogota",
  "region_BOG_micro": "Bogota ({{ micro }})",
  "region_continent_BOG": "Südamerika",
  "region_LAG": "Lagos",
  "region_LAG_micro": "Lagos ({{ micro }})",
  "region_continent_LAG": "Afrika",
  "region_CPT": "Kapstadt",
  "region_CPT_micro": "Kapstadt ({{ micro }})",
  "region_continent_CPT": "Afrika",
  "region_NBO": "Nairobi",
  "region_NBO_micro": "Nairobi ({{ micro }})",
  "region_continent_NBO": "Afrika",
  "region_ABJ": "Abidjan",
  "region_ABJ_micro": "Abidjan ({{ micro }})",
  "region_continent_ABJ": "Afrika",
  "region_CAI": "Kairo",
  "region_CAI_micro": "Kairo ({{ micro }})",
  "region_continent_CAI": "Afrika",
  "region_DOH": "Doha",
  "region_DOH_micro": "Doha ({{ micro }})",
  "region_continent_DOH": "Naher Osten",
  "region_LAU": "Lausanne",
  "region_LAU_micro": "Lausanne ({{ micro }})",
  "region_continent_LAU": "Westeuropa",
  "region_CPH": "Kopenhagen",
  "region_CPH_micro": "Kopenhagen ({{ micro }})",
  "region_continent_CPH": "Nordeuropa",
  "region_LIS": "Lissabon",
  "region_LIS_micro": "Lissabon ({{ micro }})",
  "region_continent_LIS": "Südeuropa",
  "region_MEL": "Melbourne",
  "region_MEL_micro": "Melbourne ({{ micro }})",
  "region_continent_MEL": "APAC",
  "region_ICD": "Neu-Delhi",
  "region_ICD_micro": "Neu-Delhi ({{ micro }})",
  "region_continent_ICD": "APAC",
  "region_OSA": "Osaka",
  "region_OSA_micro": "Osaka ({{ micro }})",
  "region_continent_OSA": "APAC",
  "region_KUL": "Kuala Lumpur",
  "region_KUL_micro": "Kuala Lumpur ({{ micro }})",
  "region_continent_KUL": "APAC",
  "region_MNL": "Manila",
  "region_MNL_micro": "Manila ({{ micro }})",
  "region_continent_MNL": "APAC",
  "region_SGN": "Ho-Chi-Minh-Stadt",
  "region_SGN_micro": "Ho-Chi-Minh-Stadt ({{ micro }})",
  "region_continent_SGN": "APAC",
  "region_VIE": "Wien",
  "region_VIE_micro": "Wien ({{ micro }})",
  "region_continent_VIE": "Westeuropa",
  "region_DLN": "Dublin",
  "region_DLN_micro": "Dublin ({{ micro }})",
  "region_continent_DLN": "Westeuropa",
  "region_VAN": "Vancouver",
  "region_VAN_micro": "Vancouver ({{ micro }})",
  "region_continent_VAN": "Nordamerika",
  "region_TLV": "Tel Aviv-Yafo",
  "region_TLV_micro": "Tel Aviv-Yafo ({{ micro }})",
  "region_continent_TLV": "Naher Osten",
  "region_MNC": "Manchester",
  "region_MNC_micro": "Manchester ({{ micro }})",
  "region_continent_MNC": "Westeuropa",
  "region_CLT": "Charlotte",
  "region_CLT_micro": "Charlotte ({{ micro }})",
  "region_continent_CLT": "Nordamerika",
  "region_BNA": "Nashville",
  "region_BNA_micro": "Nashville ({{ micro }})",
  "region_continent_BNA": "Nordamerika",
  "region_SLC": "Salt Lake City",
  "region_SLC_micro": "Salt Lake City ({{ micro }})",
  "region_continent_SLC": "Nordamerika",
  "region_STL": "St. Louis",
  "region_STL_micro": "St. Louis ({{ micro }})",
  "region_continent_STL": "Nordamerika",
  "region_IND": "Indianapolis",
  "region_IND_micro": "Indianapolis ({{ micro }})",
  "region_continent_IND": "Nordamerika",
  "region_IST": "Istanbul",
  "region_IST_micro": "Istanbul ({{ micro }})",
  "region_continent_IST": "Naher Osten",
  "region_continent_CA": "Nordamerika"
}
