{
  "region_SBG1": "Strasbourg (SBG1)",
  "region_BHS1": "Beauharnois (BHS1)",
  "region_GRA1": "Gravelines (GRA1)",
  "region_SBG": "Strasbourg",
  "region_SBG_micro": "Strasbourg ({{ micro }})",
  "region_BHS": "Beauharnois",
  "region_BHS_micro": "Beauharnois ({{ micro }})",
  "region_ERI": "London",
  "region_ERI_micro": "London ({{ micro }})",
  "region_GRA": "Gravelines",
  "region_GRA_micro": "Gravelines ({{ micro }})",
  "region_LIM": "Limburg",
  "region_LIM_micro": "Limburg ({{ micro }})",
  "region_RBX": "Roubaix",
  "region_RBX_micro": "Roubaix ({{ micro }})",
  "region_WAW": "Warsaw",
  "region_WAW_micro": "Warsaw ({{ micro }})",
  "region_DE": "Frankfurt",
  "region_DE_micro": "Frankfurt ({{ micro }})",
  "region_UK": "London",
  "region_UK_micro": "London ({{ micro }})",
  "region_SGP": "Singapore",
  "region_SGP_micro": "Singapore ({{ micro }})",
  "region_SYD": "Sydney",
  "region_SYD_micro": "Sydney ({{ micro }})",
  "region_US": "United States of America",
  "region_US_micro": "United States ({{ micro }})",
  "region_GS": "GS",
  "region_MAD": "Madrid",
  "region_BRU": "Brussels",
  "region_SHA_micro": "Gravelines (SHADOW-EU-1)",
  "region_GS_micro": "Gridscale ({{ micro }})",
  "region_MAD_micro": "Madrid ({{ micro }})",
  "region_BRU_micro": "Brussels ({{ micro }})",
  "region_localize": "Locate",
  "region_location_SBG": "Central Europe (France)",
  "region_location_WAW": "Central Europe (Poland)",
  "region_location_BHS": "North America (Canada)",
  "region_location_ERI": "Western Europe (United Kingdom)",
  "region_location_GRA": "Western Europe (France)",
  "region_location_GS": "Western Europe",
  "region_location_MAD": "Western Europe",
  "region_location_BRU": "Western Europe",
  "region_location_LIM": "Central Europe (Germany)",
  "region_location_RBX": "Western Europe (France)",
  "region_location_DE": "Central Europe (Germany)",
  "region_location_UK": "Western Europe (United Kingdom)",
  "region_location_SGP": "Asia Pacific (Singapore)",
  "region_location_SYD": "Oceania (Australia)",
  "region_location_US": "United States of America",
  "region_continent_SBG": "Central Europe",
  "region_continent_WAW": "Central Europe",
  "region_continent_BHS": "North America",
  "region_continent_GRA": "Western Europe",
  "region_continent_RBX": "Western Europe",
  "region_continent_GS": "Western Europe",
  "region_continent_MAD": "Western Europe",
  "region_continent_BRU": "Western Europe",
  "region_continent_DE": "Central Europe",
  "region_continent_UK": "Western Europe",
  "region_continent_SGP": "Asia Pacific ",
  "region_continent_SYD": "Oceania",
  "region_continent_US": "United States of America",
  "region_continent_SHA": "Western Europe",
  "region_continent_all": "All locations",
  "region_MUM": "Mumbai",
  "region_MUM_micro": "Mumbai ({{ micro }})",
  "region_AP-SOUTH-MUM_micro": "Mumbai ({{ micro }})",
  "region_location_MUM": "Asia Pacific (Mumbai)",
  "region_continent_MUM": "Asia Pacific ",
  "region_continent_AP-SOUTH-MUM": "Asia Pacific",
  "region_PAR": "Paris",
  "region_PAR_micro": "Paris ({{ micro }})",
  "region_location_PAR": "Western Europe (France)",
  "region_continent_PAR": "Western Europe",
  "region_US-EAST-VA": "Virginia",
  "region_US-EAST-VA_micro": "Virginia ({{ micro }})",
  "region_US-WEST-OR": "Oregon",
  "region_US-WEST-OR_micro": "Oregon ({{ micro }})",
  "region_continent_US-EAST-VA": "North America",
  "region_continent_US-WEST-OR": "North America",
  "region_EU-WEST-PAR": "Paris",
  "region_EU-WEST-PAR_micro": "Paris ({{ micro }})",
  "region_location_EU-WEST-PAR": "Western Europe (France)",
  "region_continent_EU-WEST-PAR": "Western Europe",
  "help-link-more-info": "Find out more",
  "region-description-1AZ": "A 1-AZ (Availability Zone) Region groups together one or more datacentres located on the same site.",
  "region-description-3AZ": " A 3-AZ Region comprises three Availability Zones located in the same metropolitan area, a few kilometres apart. It meets the highest resilience requirements while guaranteeing extremely low latency between AZs.",
  "region_MIL": "Milan",
  "region_MIL_micro": "Milan ({{ micro }})",
  "region_EU-SOUTH-MIL": "Milan",
  "region_EU-SOUTH-MIL_micro": "Milan ({{ micro }})",
  "region_continent_EU-SOUTH-MIL": "Southern Europe",
  "region_TOR": "Toronto",
  "region_TOR_micro": "Toronto ({{ micro }})",
  "region_continent_MIL": "Southern Europe",
  "region_location_MIL": "Southern Europe (Italy)",
  "region_continent_TOR": "North America",
  "region-description-localzone": "A Local Zone corresponds to a deployment mode of OVHcloud Public Cloud products in datacentres located as close as possible to end users.",
  "region_MRS": "Marseille",
  "region_MRS_micro": "Marseille ({{ micro }})",
  "region_continent_MRS": "Western Europe",
  "region_VIN": "Vint Hill",
  "region_VIN_micro": "Vint Hill ({{ micro }})",
  "region_continent_VIN": "North America",
  "region_HIL": "Hillsboro",
  "region_HIL_micro": "Hillsboro ({{ micro }})",
  "region_continent_HIL": "North America",
  "region_OR": "Oregon",
  "region_continent_OR": "North America",
  "region_OR_micro": "Oregon ({{ micro }})",
  "region_DAL": "Dallas",
  "region_continent_DAL": "North America",
  "region_DAL_micro": "Dallas ({{ micro }})",
  "region_location_DAL": "USA",
  "region_PRG": "Prague",
  "region_PRG_micro": "Prague ({{ micro }})",
  "region_continent_PRG": "Central Europe",
  "region_AMS": "Amsterdam",
  "region_AMS_micro": "Amsterdam ({{ micro }})",
  "region_continent_AMS": "Western Europe",
  "region_ZRH": "Zurich",
  "region_ZRH_micro": "Zurich ({{ micro }})",
  "region_continent_ZRH": "Western Europe",
  "region_LAX": "Los Angeles",
  "region_LAX_micro": "Los Angeles ({{ micro }})",
  "region_continent_LAX": "North America",
  "region_CHI": "Chicago",
  "region_CHI_micro": "Chicago ({{ micro }})",
  "region_continent_CHI": "North America",
  "region_NYC": "New York City",
  "region_NYC_micro": "New York ({{ micro }})",
  "region_continent_NYC": "North America",
  "region_MIA": "Miami",
  "region_MIA_micro": "Miami ({{ micro }})",
  "region_continent_MIA": "North America",
  "region_PAO": "Palo Alto",
  "region_PAO_micro": "Palo Alto ({{ micro }})",
  "region_continent_PAO": "North America",
  "region_DEN": "Denver",
  "region_DEN_micro": "Denver ({{ micro }})",
  "region_continent_DEN": "North America",
  "region_ATL": "Atlanta",
  "region_ATL_micro": "Atlanta ({{ micro }})",
  "region_continent_ATL": "North America",
  "region_RBA": "Rabat",
  "region_RBA_micro": "Rabat ({{ micro }})",
  "region_continent_RBA": "Africa",
  "region_TYO": "Tokyo",
  "region_TYO_micro": "Tokyo ({{ micro }})",
  "region_continent_TYO": "APAC",
  "region_BLR": "Bangalore",
  "region_BLR_micro": "Bangalore ({{ micro }})",
  "region_continent_BLR": "APAC",
  "region_DXB": "Dubai",
  "region_DXB_micro": "Dubai ({{ micro }})",
  "region_continent_DXB": "Middle East",
  "region_JKT": "Jakarta",
  "region_JKT_micro": "Jakarta ({{ micro }})",
  "region_continent_JKT": "APAC",
  "region_LUX": "Luxembourg",
  "region_LUX_micro": "Luxembourg ({{ micro }})",
  "region_continent_LUX": "Western Europe",
  "region_MEX": "Mexico",
  "region_MEX_micro": "Mexico ({{ micro }})",
  "region_continent_MEX": "Central America",
  "region_SAO": "São Paulo",
  "region_SAO_micro": "São Paulo ({{ micro }})",
  "region_continent_SAO": "South America",
  "region_TUN": "Tunis",
  "region_TUN_micro": "Tunis ({{ micro }})",
  "region_continent_TUN": "North Africa",
  "region_AUS": "Austin",
  "region_AUS_micro": "Austin ({{ micro }})",
  "region_continent_AUS": "North America",
  "region_BOS": "Boston",
  "region_BOS_micro": "Boston ({{ micro }})",
  "region_continent_BOS": "North America",
  "region_SEA": "Seattle",
  "region_SEA_micro": "Seattle ({{ micro }})",
  "region_continent_SEA": "North America",
  "region_BUH": "Bucharest",
  "region_BUH_micro": "Bucharest ({{ micro }})",
  "region_continent_BUH": "Central Europe",
  "region_PHL": "Philadelphia",
  "region_PHL_micro": "Philadelphia ({{ micro }})",
  "region_continent_PHL": "North America",
  "region_PHX": "Phoenix",
  "region_PHX_micro": "Phoenix ({{ micro }})",
  "region_continent_PHX": "North America",
  "region_BKK": "Bangkok",
  "region_BKK_micro": "Bangkok ({{ micro }})",
  "region_continent_BKK": "APAC",
  "region_BUE": "Buenos Aires",
  "region_BUE_micro": "Buenos Aires ({{ micro }})",
  "region_continent_BUE": "South America",
  "region_AKL": "Auckland",
  "region_AKL_micro": "Auckland ({{ micro }})",
  "region_continent_AKL": "APAC",
  "region_HEL": "Helsinki",
  "region_HEL_micro": "Helsinki ({{ micro }})",
  "region_continent_HEL": "Northern Europe",
  "region_HOU": "Houston",
  "region_HOU_micro": "Houston ({{ micro }})",
  "region_continent_HOU": "North America",
  "region_SOF": "Sofia",
  "region_SOF_micro": "Sofia ({{ micro }})",
  "region_continent_SOF": "Central Europe",
  "region_OSL": "Oslo",
  "region_OSL_micro": "Oslo ({{ micro }})",
  "region_continent_OSL": "Northern Europe",
  "region_STO": "Stockholm",
  "region_STO_micro": "Stockholm ({{ micro }})",
  "region_continent_STO": "Northern Europe",
  "region_TPE": "Taipei",
  "region_TPE_micro": "Taipei ({{ micro }})",
  "region_continent_TPE": "APAC",
  "region_SCL": "Santiago",
  "region_SCL_micro": "Santiago ({{ micro }})",
  "region_continent_SCL": "South America",
  "region_SEL": "Seoul",
  "region_SEL_micro": "Seoul ({{ micro }})",
  "region_continent_SEL": "APAC",
  "region_BOG": "Bogota",
  "region_BOG_micro": "Bogota ({{ micro }})",
  "region_continent_BOG": "South America",
  "region_LAG": "Lagos",
  "region_LAG_micro": "Lagos ({{ micro }})",
  "region_continent_LAG": "Africa",
  "region_CPT": "Cape Town",
  "region_CPT_micro": "Cape Town ({{ micro }})",
  "region_continent_CPT": "Africa",
  "region_NBO": "Nairobi",
  "region_NBO_micro": "Nairobi ({{ micro }})",
  "region_continent_NBO": "Africa",
  "region_ABJ": "Abidjan",
  "region_ABJ_micro": "Abidjan ({{ micro }})",
  "region_continent_ABJ": "Africa",
  "region_CAI": "Cairo",
  "region_CAI_micro": "Cairo ({{ micro }})",
  "region_continent_CAI": "Africa",
  "region_DOH": "Doha",
  "region_DOH_micro": "Doha ({{ micro }})",
  "region_continent_DOH": "Middle East",
  "region_LAU": "Lausanne",
  "region_LAU_micro": "Lausanne ({{ micro }})",
  "region_continent_LAU": "Western Europe",
  "region_CPH": "Copenhagen",
  "region_CPH_micro": "Copenhagen ({{ micro }})",
  "region_continent_CPH": "Northern Europe",
  "region_LIS": "Lisbon",
  "region_LIS_micro": "Lisbon ({{ micro }})",
  "region_continent_LIS": "Southern Europe",
  "region_MEL": "Melbourne",
  "region_MEL_micro": "Melbourne ({{ micro }})",
  "region_continent_MEL": "APAC",
  "region_ICD": "New Delhi",
  "region_ICD_micro": "New Delhi ({{ micro }})",
  "region_continent_ICD": "APAC",
  "region_OSA": "Osaka",
  "region_OSA_micro": "Osaka ({{ micro }})",
  "region_continent_OSA": "APAC",
  "region_KUL": "Kuala Lumpur",
  "region_KUL_micro": "Kuala Lumpur ({{ micro }})",
  "region_continent_KUL": "APAC",
  "region_MNL": "Manila",
  "region_MNL_micro": "Manila ({{ micro }})",
  "region_continent_MNL": "APAC",
  "region_SGN": "Ho Chi Minh City",
  "region_SGN_micro": "Ho Chi Minh City ({{ micro }})",
  "region_continent_SGN": "APAC",
  "region_VIE": "Vienna",
  "region_VIE_micro": "Vienna ({{ micro }})",
  "region_continent_VIE": "Western Europe",
  "region_DLN": "Dublin",
  "region_DLN_micro": "Dublin ({{ micro }})",
  "region_continent_DLN": "Western Europe",
  "region_VAN": "Vancouver",
  "region_VAN_micro": "Vancouver ({{ micro }})",
  "region_continent_VAN": "North America",
  "region_TLV": "Tel Aviv-Yafo",
  "region_TLV_micro": "Tel Aviv-Yafo ({{ micro }})",
  "region_continent_TLV": "Middle East",
  "region_MNC": "Manchester",
  "region_MNC_micro": "Manchester ({{ micro }})",
  "region_continent_MNC": "Western Europe",
  "region_CLT": "Charlotte",
  "region_CLT_micro": "Charlotte ({{ micro }})",
  "region_continent_CLT": "North America",
  "region_BNA": "Nashville",
  "region_BNA_micro": "Nashville ({{ micro }})",
  "region_continent_BNA": "North America",
  "region_SLC": "Salt Lake City",
  "region_SLC_micro": "Salt Lake City ({{ micro }})",
  "region_continent_SLC": "North America",
  "region_STL": "Saint Louis",
  "region_STL_micro": "Saint Louis ({{ micro }})",
  "region_continent_STL": "North America",
  "region_IND": "Indianapolis",
  "region_IND_micro": "Indianapolis ({{ micro }})",
  "region_continent_IND": "North America",
  "region_IST": "Istanbul",
  "region_IST_micro": "Istanbul ({{ micro }})",
  "region_continent_IST": "Middle East",
  "region_continent_CA": "North America"
}
