{
  "region_SBG1": "Estrasburgo (SBG1)",
  "region_BHS1": "Beauharnois (BHS1)",
  "region_GRA1": "Gravelines (GRA1)",
  "region_SBG": "Estrasburgo",
  "region_SBG_micro": "Estrasburgo ({{ micro }})",
  "region_BHS": "Beauharnois",
  "region_BHS_micro": "Beauharnois ({{ micro }})",
  "region_ERI": "Londres",
  "region_ERI_micro": "Londres ({{ micro }})",
  "region_GRA": "Gravelines",
  "region_GRA_micro": "Gravelines ({{ micro }})",
  "region_LIM": "Limburgo",
  "region_LIM_micro": "Limburgo ({{ micro }})",
  "region_RBX": "Roubaix",
  "region_RBX_micro": "Roubaix ({{ micro }})",
  "region_WAW": "Varsovia",
  "region_WAW_micro": "Varsovia ({{ micro }})",
  "region_DE": "Fráncfort",
  "region_DE_micro": "Fráncfort ({{ micro }})",
  "region_UK": "Londres",
  "region_UK_micro": "Londres ({{ micro }})",
  "region_SGP": "Singapur",
  "region_SGP_micro": "Singapur ({{ micro }})",
  "region_SYD": "Sídney",
  "region_SYD_micro": "Sídney ({{ micro }})",
  "region_US": "Estados Unidos",
  "region_US_micro": "Estados Unidos ({{ micro }})",
  "region_GS": "GS",
  "region_MAD": "Madrid",
  "region_BRU": "Bruselas",
  "region_SHA_micro": "Gravelines (SHADOW-EU-1)",
  "region_GS_micro": "Gridscale ({{ micro }})",
  "region_MAD_micro": "Madrid ({{ micro }})",
  "region_BRU_micro": "Bruselas ({{ micro }})",
  "region_localize": "Localizar",
  "region_location_SBG": "Europa Central (Francia)",
  "region_location_WAW": "Europa Central (Polonia)",
  "region_location_BHS": "Norteamérica (Canadá)",
  "region_location_ERI": "Europa Occidental (Reino Unido)",
  "region_location_GRA": "Europa Occidental (Francia)",
  "region_location_GS": "Western Europe",
  "region_location_MAD": "Western Europe",
  "region_location_BRU": "Western Europe",
  "region_location_LIM": "Europa Central (Alemania)",
  "region_location_RBX": "Europa Occidental (Francia)",
  "region_location_DE": "Europa Central (Alemania)",
  "region_location_UK": "Europa Occidental (Reino Unido)",
  "region_location_SGP": "Asia-Pacífico (Singapur)",
  "region_location_SYD": "Oceanía (Australia)",
  "region_location_US": "Estados Unidos",
  "region_continent_SBG": "Europa Central",
  "region_continent_WAW": "Europa Central",
  "region_continent_BHS": "Norteamérica",
  "region_continent_GRA": "Europa Occidental",
  "region_continent_RBX": "Europa Occidental",
  "region_continent_GS": "Western Europe",
  "region_continent_MAD": "Western Europe",
  "region_continent_BRU": "Western Europe",
  "region_continent_DE": "Europa Central",
  "region_continent_UK": "Europa Occidental",
  "region_continent_SGP": "Asia-Pacífico ",
  "region_continent_SYD": "Oceanía",
  "region_continent_US": "Estados Unidos",
  "region_continent_SHA": "Europa Occidental",
  "region_continent_all": "Todas las localizaciones",
  "region_MUM": "Mumbai",
  "region_MUM_micro": "Mumbai ({{ micro }})",
  "region_AP-SOUTH-MUM_micro": "Mumbai ({{ micro }})",
  "region_location_MUM": "Asia-Pacífico (Mumbai)",
  "region_continent_MUM": "Asia-Pacífico ",
  "region_continent_AP-SOUTH-MUM": "Asia-Pacífico",
  "region_PAR": "París",
  "region_PAR_micro": "París ({{ micro }})",
  "region_location_PAR": "Europa occidental (Francia)",
  "region_continent_PAR": "Europa occidental",
  "region_US-EAST-VA": "Virginia",
  "region_US-EAST-VA_micro": "Virginia ({{ micro }})",
  "region_US-WEST-OR": "Oregón",
  "region_US-WEST-OR_micro": "Oregón ({{ micro }})",
  "region_continent_US-EAST-VA": "Norteamérica",
  "region_continent_US-WEST-OR": "Norteamérica",
  "region_EU-WEST-PAR": "París",
  "region_EU-WEST-PAR_micro": "París ({{ micro }})",
  "region_location_EU-WEST-PAR": "Europa occidental (Francia)",
  "region_continent_EU-WEST-PAR": "Europa occidental",
  "help-link-more-info": "Más información",
  "region-description-1AZ": "Una región de 1-AZ (zona de disponibilidad) reúne uno o varios datacenters localizados en una misma ubicación.",
  "region-description-3AZ": " Una región 3-AZ incluye tres zonas de disponibilidad situadas en una misma área metropolitana, separadas por algunos kilómetros. Cumple los más altos requisitos de resiliencia, al tiempo que garantiza una latencia extremadamente baja entre los AZ.",
  "region_MIL": "Milán",
  "region_MIL_micro": "Milán ({{ micro }})",
  "region_EU-SOUTH-MIL": "Milán",
  "region_EU-SOUTH-MIL_micro": "Milán ({{ micro }})",
  "region_continent_EU-SOUTH-MIL": "Europa Meridional\n",
  "region_TOR": "Toronto",
  "region_TOR_micro": "Toronto ({{ micro }})",
  "region_continent_MIL": "Europa del Sur",
  "region_location_MIL": "Europa del Sur (Italia)",
  "region_continent_TOR": "Norteamérica",
  "region-description-localzone": "Una Zona Local corresponde a un modo de despliegue de los productos de Nube Pública de OVHcloud en centros de datos situados lo más cerca posible de los usuarios finales.",
  "region_MRS": "Marsella",
  "region_MRS_micro": "Marsella ({{ micro }})",
  "region_continent_MRS": "Europa Occidental",
  "region_VIN": "Vint Hill",
  "region_VIN_micro": "Vint Hill ({{ micro }})",
  "region_continent_VIN": "Norteamérica",
  "region_HIL": "Hillsboro",
  "region_HIL_micro": "Hillsboro ({{ micro }})",
  "region_continent_HIL": "Norteamérica",
  "region_OR": "Oregón",
  "region_continent_OR": "Norteamérica",
  "region_OR_micro": "Oregón ({{ micro }})",
  "region_DAL": "Dallas",
  "region_continent_DAL": "Norteamérica",
  "region_DAL_micro": "Dallas ({{ micro }})",
  "region_location_DAL": "Estados Unidos",
  "region_PRG": "Praga",
  "region_PRG_micro": "Praga ({{ micro }})",
  "region_continent_PRG": "Europa Central",
  "region_AMS": "Ámsterdam",
  "region_AMS_micro": "Ámsterdam ({{ micro }})",
  "region_continent_AMS": "Europa Occidental",
  "region_ZRH": "Zúrich",
  "region_ZRH_micro": "Zúrich ({{ micro }})",
  "region_continent_ZRH": "Europa Occidental",
  "region_LAX": "Los Ángeles",
  "region_LAX_micro": "Los Ángeles ({{ micro }})",
  "region_continent_LAX": "Norteamérica",
  "region_CHI": "Chicago",
  "region_CHI_micro": "Chicago ({{ micro }})",
  "region_continent_CHI": "Norteamérica",
  "region_NYC": "Nueva York",
  "region_NYC_micro": "Nueva York ({{ micro }})",
  "region_continent_NYC": "Norteamérica",
  "region_MIA": "Miami",
  "region_MIA_micro": "Miami ({{ micro }})",
  "region_continent_MIA": "Norteamérica",
  "region_PAO": "Palo Alto",
  "region_PAO_micro": "Palo Alto ({{ micro }})",
  "region_continent_PAO": "Norteamérica",
  "region_DEN": "Denver",
  "region_DEN_micro": "Denver ({{ micro }})",
  "region_continent_DEN": "Norteamérica",
  "region_ATL": "Atlanta",
  "region_ATL_micro": "Atlanta ({{ micro }})",
  "region_continent_ATL": "Norteamérica",
  "region_RBA": "Rabat",
  "region_RBA_micro": "Rabat ({{ micro }})",
  "region_continent_RBA": "África",
  "region_TYO": "Tokio",
  "region_TYO_micro": "Tokio ({{ micro }})",
  "region_continent_TYO": "APAC",
  "region_BLR": "Bangalore",
  "region_BLR_micro": "Bangalore ({{ micro }})",
  "region_continent_BLR": "APAC",
  "region_DXB": "Dubái",
  "region_DXB_micro": "Dubái ({{ micro }})",
  "region_continent_DXB": "Medio Oriente",
  "region_JKT": "Yakarta",
  "region_JKT_micro": "Yakarta ({{ micro }})",
  "region_continent_JKT": "APAC",
  "region_LUX": "Luxemburgo",
  "region_LUX_micro": "Luxemburgo ({{ micro }})",
  "region_continent_LUX": "Europa Occidental",
  "region_MEX": "México",
  "region_MEX_micro": "México ({{ micro }})",
  "region_continent_MEX": "América Central",
  "region_SAO": "São Paulo",
  "region_SAO_micro": "São Paulo ({{ micro }})",
  "region_continent_SAO": "Sudamérica",
  "region_TUN": "Túnez",
  "region_TUN_micro": "Túnez ({{ micro }})",
  "region_continent_TUN": "África del Norte",
  "region_AUS": "Austin",
  "region_AUS_micro": "Austin ({{ micro }})",
  "region_continent_AUS": "Norteamérica",
  "region_BOS": "Boston",
  "region_BOS_micro": "Boston ({{ micro }})",
  "region_continent_BOS": "Norteamérica",
  "region_SEA": "Seattle",
  "region_SEA_micro": "Seattle ({{ micro }})",
  "region_continent_SEA": "Norteamérica",
  "region_BUH": "Bucarest",
  "region_BUH_micro": "Bucarest ({{ micro }})",
  "region_continent_BUH": "Europa Central",
  "region_PHL": "Filadelfia",
  "region_PHL_micro": "Filadelfia ({{ micro }})",
  "region_continent_PHL": "Norteamérica",
  "region_PHX": "Phoenix",
  "region_PHX_micro": "Phoenix ({{ micro }})",
  "region_continent_PHX": "Norteamérica",
  "region_BKK": "Bangkok",
  "region_BKK_micro": "Bangkok ({{ micro }})",
  "region_continent_BKK": "APAC",
  "region_BUE": "Buenos Aires",
  "region_BUE_micro": "Buenos Aires ({{ micro }})",
  "region_continent_BUE": "Sudamérica",
  "region_AKL": "Auckland",
  "region_AKL_micro": "Auckland ({{ micro }})",
  "region_continent_AKL": "APAC",
  "region_HEL": "Helsinki",
  "region_HEL_micro": "Helsinki ({{ micro }})",
  "region_continent_HEL": "Europa del Norte",
  "region_HOU": "Houston",
  "region_HOU_micro": "Houston ({{ micro }})",
  "region_continent_HOU": "Norteamérica",
  "region_SOF": "Sofía",
  "region_SOF_micro": "Sofía ({{ micro }})",
  "region_continent_SOF": "Europa Central",
  "region_OSL": "Oslo",
  "region_OSL_micro": "Oslo ({{ micro }})",
  "region_continent_OSL": "Europa del Norte",
  "region_STO": "Estocolmo",
  "region_STO_micro": "Estocolmo ({{ micro }})",
  "region_continent_STO": "Europa del Norte",
  "region_TPE": "Taipéi",
  "region_TPE_micro": "Taipéi ({{ micro }})",
  "region_continent_TPE": "APAC",
  "region_SCL": "Santiago",
  "region_SCL_micro": "Santiago ({{ micro }})",
  "region_continent_SCL": "Sudamérica",
  "region_SEL": "Seúl",
  "region_SEL_micro": "Seúl ({{ micro }})",
  "region_continent_SEL": "APAC",
  "region_BOG": "Bogotá",
  "region_BOG_micro": "Bogotá ({{ micro }})",
  "region_continent_BOG": "Sudamérica",
  "region_LAG": "Lagos",
  "region_LAG_micro": "Lagos ({{ micro }})",
  "region_continent_LAG": "África",
  "region_CPT": "El Cabo",
  "region_CPT_micro": "El Cabo ({{ micro }})",
  "region_continent_CPT": "África",
  "region_NBO": "Nairobi",
  "region_NBO_micro": "Nairobi ({{ micro }})",
  "region_continent_NBO": "África",
  "region_ABJ": "Abiyán",
  "region_ABJ_micro": "Abiyán ({{ micro }})",
  "region_continent_ABJ": "África",
  "region_CAI": "El Cairo",
  "region_CAI_micro": "El Cairo ({{ micro }})",
  "region_continent_CAI": "África",
  "region_DOH": "Doha",
  "region_DOH_micro": "Doha ({{ micro }})",
  "region_continent_DOH": "Medio Oriente",
  "region_LAU": "Lausanne",
  "region_LAU_micro": "Lausana ({{ micro }})",
  "region_continent_LAU": "Europa Occidental",
  "region_CPH": "Copenhague",
  "region_CPH_micro": "Copenhague ({{ micro }})",
  "region_continent_CPH": "Europa del Norte",
  "region_LIS": "Lisboa",
  "region_LIS_micro": "Lisboa ({{ micro }})",
  "region_continent_LIS": "Europa del Sur",
  "region_MEL": "Melbourne",
  "region_MEL_micro": "Melbourne ({{ micro }})",
  "region_continent_MEL": "APAC",
  "region_ICD": "Nueva Delhi",
  "region_ICD_micro": "Nueva Delhi ({{ micro }})",
  "region_continent_ICD": "APAC",
  "region_OSA": "Osaka",
  "region_OSA_micro": "Osaka ({{ micro }})",
  "region_continent_OSA": "APAC",
  "region_KUL": "Kuala Lumpur",
  "region_KUL_micro": "Kuala Lumpur ({{ micro }})",
  "region_continent_KUL": "APAC",
  "region_MNL": "Manila",
  "region_MNL_micro": "Manila ({{ micro }})",
  "region_continent_MNL": "APAC",
  "region_SGN": "Ho Chi Minh",
  "region_SGN_micro": "Ho Chi Minh ({{ micro }})",
  "region_continent_SGN": "APAC",
  "region_VIE": "Viena",
  "region_VIE_micro": "Viena ({{ micro }})",
  "region_continent_VIE": "Europa Occidental",
  "region_DLN": "Dublín",
  "region_DLN_micro": "Dublín ({{ micro }})",
  "region_continent_DLN": "Europa Occidental",
  "region_VAN": "Vancouver",
  "region_VAN_micro": "Vancouver ({{ micro }})",
  "region_continent_VAN": "Norteamérica",
  "region_TLV": "Tel Aviv-Yafo",
  "region_TLV_micro": "Tel Aviv-Yafo ({{ micro }})",
  "region_continent_TLV": "Medio Oriente",
  "region_MNC": "Manchester",
  "region_MNC_micro": "Manchester ({{ micro }})",
  "region_continent_MNC": "Europa Occidental",
  "region_CLT": "Charlotte",
  "region_CLT_micro": "Charlotte ({{ micro }})",
  "region_continent_CLT": "Norteamérica",
  "region_BNA": "Nashville",
  "region_BNA_micro": "Nashville ({{ micro }})",
  "region_continent_BNA": "Norteamérica",
  "region_SLC": "Salt Lake City",
  "region_SLC_micro": "Salt Lake City ({{ micro }})",
  "region_continent_SLC": "Norteamérica",
  "region_STL": "San Luis",
  "region_STL_micro": "San Luis ({{ micro }})",
  "region_continent_STL": "Norteamérica",
  "region_IND": "Indianápolis",
  "region_IND_micro": "Indianápolis ({{ micro }})",
  "region_continent_IND": "Norteamérica",
  "region_IST": "Estambul",
  "region_IST_micro": "Estambul ({{ micro }})",
  "region_continent_IST": "Medio Oriente",
  "region_continent_CA": "Norteamérica"
}
