{
  "signup_submit": "Criar uma conta",
  "signup_submit_error": "Ups! Ocorreu um erro ao processar a criação da conta.",
  "signup_not_mandatory_field": "(opcional)",
  "signup_email_in_use": "Já existe uma conta de cliente associada a este endereço de e-mail.",
  "signup_password_invalid": "Deve ter 8 ou mais caracteres, e conter no mínimo um número, uma maiúscula e uma minúscula.",
  "signup_section_account": "A sua conta",
  "signup_section_personal": "Informações pessoais",
  "signup_section_contact": "Os seus dados",
  "signup_section_other": "Informações complementares",
  "signup_field_date_placeholder": "aaaa-mm-dd",
  "signup_field_date_calendar": "Escolher a data",
  "signup_field_legalform": "Tipo de conta",
  "signup_field_country": "País",
  "signup_field_language": "Idioma",
  "signup_field_firstname": "Nome",
  "signup_field_name": "Apelido",
  "signup_field_email": "E-mail",
  "signup_field_commercialCommunicationsApproval": "Concordo em receber informações sobre produtos da OVH",
  "signup_field_password": "Palavra-passe",
  "signup_field_corporationType": "Tipo de empresa",
  "signup_field_organisation": "Organização",
  "signup_field_companyNationalIdentificationNumber": "Número de identificação fiscal da empresa",
  "signup_field_sex": "Género",
  "signup_field_vat": "NIF intra-comunitário",
  "signup_field_address": "Endereço Postal",
  "signup_field_area": "Região",
  "signup_field_state": "Estado",
  "signup_field_zip": "Código postal",
  "signup_field_city": "Localidade",
  "signup_field_birthDay": "Data de nascimento",
  "signup_field_birthCity": "Local de nascimento",
  "signup_field_nationalIdentificationNumber": "Número de Identificação Fiscal",
  "signup_field_phone": "Telefone",
  "signup_field_fax": "Fax",
  "signup_field_spareEmail": "E-mail de segurança",
  "signup_field_ovhCompany": "Grupo",
  "signup_field_ovhSubsidiary": "Filial OVH",
  "signup_field_timezone": "Fuso horário",
  "signup_field_customerCode": "Código de cliente",
  "signup_field_italianSDI": "Número SDI",
  "signup_enum_legalform_association": "Associação",
  "signup_enum_legalform_corporation": "Empresa",
  "signup_enum_legalform_personalcorporation": "Empresa em nome individual",
  "signup_enum_legalform_individual": "Particular",
  "signup_enum_legalform_administration": "Administração",
  "signup_enum_legalform_other": "Outro",
  "signup_enum_ovhCompany_kimsufi": "Kimsufi",
  "signup_enum_ovhCompany_ovh": "OVH",
  "signup_enum_ovhCompany_soyoustart": "So you Start",
  "signup_enum_sex_female": "Feminino",
  "signup_enum_sex_male": "Masculino",
  "signup_enum_corporationType_sapa": "SAPA",
  "signup_enum_corporationType_sas": "SAS",
  "signup_enum_corporationType_scarl": "SCARL",
  "signup_enum_corporationType_snc": "SNC",
  "signup_enum_corporationType_spa": "SPA",
  "signup_enum_corporationType_srl": "SRL",
  "signup_enum_corporationType_ss": "SS",
  "signup_enum_corporationType_personnelle": "Pessoal",
  "signup_enum_language_de_DE": "Alemão",
  "signup_enum_language_en_GB": "Inglês",
  "signup_enum_language_en_AU": "Inglês (Austrália)",
  "signup_enum_language_en_US": "Inglês (Estados-Unidos)",
  "signup_enum_language_en_CA": "Inglês (Canadá)",
  "signup_enum_language_es_ES": "Espanhol",
  "signup_enum_language_fr_FR": "Francês",
  "signup_enum_language_fr_CA": "Francês (Canadiano)",
  "signup_enum_language_fr_MA": "Francês (Marrocos)",
  "signup_enum_language_fr_SN": "Francês (Senegal)",
  "signup_enum_language_fr_TN": "Francês (Tunísia)",
  "signup_enum_language_pl_PL": "Polaco",
  "signup_enum_language_cs_CZ": "Checo",
  "signup_enum_language_fi_FI": "Finlandês",
  "signup_enum_language_en_IE": "Irlandês",
  "signup_enum_language_it_IT": "Italiano ",
  "signup_enum_language_lt_LT": "Lituano ",
  "signup_enum_language_nl_NL": "Holandês",
  "signup_enum_language_pt_PT": "Português",
  "signup_enum_ovhSubsidiary_ASIA": "Ásia ",
  "signup_enum_ovhSubsidiary_AU": "Austrália",
  "signup_enum_ovhSubsidiary_CA": "Canadá",
  "signup_enum_ovhSubsidiary_CZ": "República Checa",
  "signup_enum_ovhSubsidiary_DE": "Alemanha",
  "signup_enum_ovhSubsidiary_ES": "Espanha",
  "signup_enum_ovhSubsidiary_EU": "Europa",
  "signup_enum_ovhSubsidiary_FI": "Finlândia",
  "signup_enum_ovhSubsidiary_FR": "França",
  "signup_enum_ovhSubsidiary_GB": "Reino Unido",
  "signup_enum_ovhSubsidiary_IE": "Irlanda",
  "signup_enum_ovhSubsidiary_IT": "Itália",
  "signup_enum_ovhSubsidiary_LT": "Lituânia",
  "signup_enum_ovhSubsidiary_LTE": "Lituânia",
  "signup_enum_ovhSubsidiary_MA": "Marroccos",
  "signup_enum_ovhSubsidiary_NL": "Holanda",
  "signup_enum_ovhSubsidiary_PL": "Polónia",
  "signup_enum_ovhSubsidiary_PT": "Portugal",
  "signup_enum_ovhSubsidiary_QC": "Quebeque",
  "signup_enum_ovhSubsidiary_SG": "Singapura",
  "signup_enum_ovhSubsidiary_SN": "Senegal",
  "signup_enum_ovhSubsidiary_TN": "Tunísia",
  "signup_enum_ovhSubsidiary_US": "Estados Unidos",
  "signup_enum_ovhSubsidiary_WE": "Estados Unidos",
  "signup_enum_ovhSubsidiary_WS": "América Latina",
  "signup_enum_country_AD": "Andorra",
  "signup_enum_country_AE": "Emirates Árabes Unidos",
  "signup_enum_country_AF": "Afeganistão",
  "signup_enum_country_AG": "Antígua e Barbuda",
  "signup_enum_country_AI": "Anguila",
  "signup_enum_country_AL": "Albânia",
  "signup_enum_country_AM": "Arménia",
  "signup_enum_country_AO": "Angola",
  "signup_enum_country_AR": "Argentina",
  "signup_enum_country_AS": "Samoa Americana",
  "signup_enum_country_AT": "Áustria",
  "signup_enum_country_AU": "Austrália",
  "signup_enum_country_AW": "Aruba",
  "signup_enum_country_AX": "Åland, Ilhas",
  "signup_enum_country_AZ": "Azerbaijão",
  "signup_enum_country_BA": "Bósnia-Herzegovina",
  "signup_enum_country_BB": "Barbados",
  "signup_enum_country_BD": "Bangladeche",
  "signup_enum_country_BE": "Bélgica",
  "signup_enum_country_BF": "Burquina Faso",
  "signup_enum_country_BG": "Bulgária",
  "signup_enum_country_BH": "Bahrein",
  "signup_enum_country_BI": "Burundi",
  "signup_enum_country_BJ": "Benim",
  "signup_enum_country_BL": "São Bartolomeu",
  "signup_enum_country_BM": "Bermudas",
  "signup_enum_country_BN": "Brunei",
  "signup_enum_country_BO": "Bolívia",
  "signup_enum_country_BQ": "Países Baixos Caribenhos",
  "signup_enum_country_BR": "Brasil",
  "signup_enum_country_BS": "Baamas",
  "signup_enum_country_BT": "Butão",
  "signup_enum_country_BW": "Botsuana",
  "signup_enum_country_BY": "Bielorrússia",
  "signup_enum_country_BZ": "Belize",
  "signup_enum_country_CA": "Canadá",
  "signup_enum_country_CC": "Cocos (Keeling)",
  "signup_enum_country_CD": "República Democrática do Congo",
  "signup_enum_country_CF": "República Centro-Africana",
  "signup_enum_country_CG": "Congo",
  "signup_enum_country_CH": "Suíça",
  "signup_enum_country_CI": "Costa do Marfim",
  "signup_enum_country_CK": "Cook, Ilhas",
  "signup_enum_country_CL": "Chile",
  "signup_enum_country_CM": "Camarões",
  "signup_enum_country_CN": "China",
  "signup_enum_country_CO": "Colômbia",
  "signup_enum_country_CR": "Costa Rica",
  "signup_enum_country_CU": "Cuba",
  "signup_enum_country_CV": "Cabo Verde",
  "signup_enum_country_CW": "Curaçao",
  "signup_enum_country_CX": "Christmas, Ilha",
  "signup_enum_country_CY": "Chipre",
  "signup_enum_country_CZ": "República Checa",
  "signup_enum_country_DE": "Alemanha",
  "signup_enum_country_DJ": "Djibuti",
  "signup_enum_country_DK": "Dinamarca",
  "signup_enum_country_DM": "Dominicana",
  "signup_enum_country_DO": "República dominicana",
  "signup_enum_country_DZ": "Argélia",
  "signup_enum_country_EC": "Equador",
  "signup_enum_country_EE": "Estónia",
  "signup_enum_country_EG": "Egipto",
  "signup_enum_country_EH": "Saara Ocidental",
  "signup_enum_country_ER": "Eritreia",
  "signup_enum_country_ES": "Espanha",
  "signup_enum_country_ET": "Etiópia",
  "signup_enum_country_FI": "Finlândia",
  "signup_enum_country_FJ": "Fiji",
  "signup_enum_country_FK": "Malvinas, Ilhas",
  "signup_enum_country_FM": "Micronésia, Estados Federados da",
  "signup_enum_country_FO": "Feroe, Ilhas",
  "signup_enum_country_FR": "França",
  "signup_enum_country_GA": "Gabão",
  "signup_enum_country_GB": "Reino Unido",
  "signup_enum_country_GD": "Granada",
  "signup_enum_country_GE": "Geórgia",
  "signup_enum_country_GF": "Guiana Francesa",
  "signup_enum_country_GG": "Guernsey",
  "signup_enum_country_GH": "Gana",
  "signup_enum_country_GI": "Gibraltar",
  "signup_enum_country_GL": "Gronelândia",
  "signup_enum_country_GM": "Gâmbia",
  "signup_enum_country_GN": "Guiné",
  "signup_enum_country_GP": "Guadalupe",
  "signup_enum_country_GQ": "Guine Equatorial",
  "signup_enum_country_GR": "Grécia",
  "signup_enum_country_GS": "Geórgia do Sul e Sandwich do Sul, Ilhas",
  "signup_enum_country_GT": "Guatemala",
  "signup_enum_country_GU": "Guam",
  "signup_enum_country_GW": "Guiné-Bissau",
  "signup_enum_country_GY": "Guiana",
  "signup_enum_country_HK": "Hong-Kong",
  "signup_enum_country_HN": "Honduras",
  "signup_enum_country_HR": "Croácia",
  "signup_enum_country_HT": "Haiti",
  "signup_enum_country_HU": "Hungria",
  "signup_enum_country_ID": "Indonésia",
  "signup_enum_country_IE": "Irlanda",
  "signup_enum_country_IL": "Israel",
  "signup_enum_country_IM": "Ilha de Man",
  "signup_enum_country_IN": "Índia",
  "signup_enum_country_IO": "Oceano Indico, Território Britânico do",
  "signup_enum_country_IQ": "Iraque",
  "signup_enum_country_IR": "Irão, República Islâmica do",
  "signup_enum_country_IS": "Islândia",
  "signup_enum_country_IT": "Itália",
  "signup_enum_country_JE": "Jersey",
  "signup_enum_country_JM": "Jamaica",
  "signup_enum_country_JO": "Jordânia",
  "signup_enum_country_JP": "Japão",
  "signup_enum_country_KE": "Quénia",
  "signup_enum_country_KG": "Quirguistão",
  "signup_enum_country_KH": "Camboja",
  "signup_enum_country_KI": "Kiribati",
  "signup_enum_country_KM": "Comores",
  "signup_enum_country_KN": "São Cristóvão e Nevis",
  "signup_enum_country_KP": "Coreia, República Popular Democrática Da",
  "signup_enum_country_KR": "Coreia, República da",
  "signup_enum_country_KW": "Kuwait",
  "signup_enum_country_KY": "Caimão, Ilhas",
  "signup_enum_country_KZ": "Cazaquistão",
  "signup_enum_country_LA": "Laos, República Democrática Popular",
  "signup_enum_country_LB": "Líbano",
  "signup_enum_country_LC": "Santa Lúcia",
  "signup_enum_country_LI": "Liechtenstein",
  "signup_enum_country_LK": "Sri Lanka",
  "signup_enum_country_LR": "Libéria",
  "signup_enum_country_LS": "Lesoto",
  "signup_enum_country_LT": "Lituânia",
  "signup_enum_country_LU": "Luxemburgo",
  "signup_enum_country_LV": "Letónia",
  "signup_enum_country_LY": "Líbia",
  "signup_enum_country_MA": "Marroccos",
  "signup_enum_country_MC": "Mónaco",
  "signup_enum_country_MD": "Moldávia",
  "signup_enum_country_ME": "Montenegro",
  "signup_enum_country_MF": "Ilha de São Martinho",
  "signup_enum_country_MG": "Madagáscar",
  "signup_enum_country_MH": "Ilhas Marshall",
  "signup_enum_country_MK": "Macedónia",
  "signup_enum_country_ML": "Mali",
  "signup_enum_country_MM": "Birmânia",
  "signup_enum_country_MN": "Mongólia",
  "signup_enum_country_MO": "Macau",
  "signup_enum_country_MP": "Marianas Setentrionais",
  "signup_enum_country_MQ": "Martinica",
  "signup_enum_country_MR": "Mauritânia",
  "signup_enum_country_MS": "Montserrat",
  "signup_enum_country_MT": "Malta ",
  "signup_enum_country_MU": "Républica da Maurícia",
  "signup_enum_country_MV": "Maldivas",
  "signup_enum_country_MW": "Malauí",
  "signup_enum_country_MX": "México",
  "signup_enum_country_MY": "Malásia",
  "signup_enum_country_MZ": "Moçambique",
  "signup_enum_country_NA": "Namíbia",
  "signup_enum_country_NC": "Nova Caledónia",
  "signup_enum_country_NE": "Níger",
  "signup_enum_country_NF": "Ilha Norfolk",
  "signup_enum_country_NG": "Nigéria",
  "signup_enum_country_NI": "Nicarágua",
  "signup_enum_country_NL": "Holanda",
  "signup_enum_country_NO": "Noruega",
  "signup_enum_country_NP": "Nepal",
  "signup_enum_country_NR": "Nauru",
  "signup_enum_country_NU": "Niue",
  "signup_enum_country_NZ": "Nova Zelândia",
  "signup_enum_country_OM": "Omã",
  "signup_enum_country_PA": "Panamá",
  "signup_enum_country_PE": "Peru",
  "signup_enum_country_PF": "Polinésia Francesa",
  "signup_enum_country_PG": "Papua-Nova Guiné",
  "signup_enum_country_PH": "Filipinas",
  "signup_enum_country_PK": "Paquistão",
  "signup_enum_country_PL": "Polónia",
  "signup_enum_country_PM": "Saint-Pierre e Miquelon",
  "signup_enum_country_PN": "Ilhas Pitcairn",
  "signup_enum_country_PR": "Porto Rico",
  "signup_enum_country_PS": "Palestina, Território da",
  "signup_enum_country_PT": "Portugal",
  "signup_enum_country_PW": "Palau",
  "signup_enum_country_PY": "Paraguai",
  "signup_enum_country_QA": "Catar",
  "signup_enum_country_QC": "Quebeque",
  "signup_enum_country_RE": "Ilhas Reunião",
  "signup_enum_country_RO": "Roménia",
  "signup_enum_country_RS": "República da Servia (Antiga Sérvia e Montenegro código cs)",
  "signup_enum_country_RU": "Rússia",
  "signup_enum_country_RW": "Ruanda",
  "signup_enum_country_SA": "Arábia Saudita",
  "signup_enum_country_SB": "Ilhas Salomão",
  "signup_enum_country_SC": "Seicheles",
  "signup_enum_country_SD": "Sudão",
  "signup_enum_country_SE": "Suécia",
  "signup_enum_country_SG": "Singapura",
  "signup_enum_country_SH": "Santa Helena",
  "signup_enum_country_SI": "Eslovénia",
  "signup_enum_country_SJ": "Svalbard e Jan Mayen",
  "signup_enum_country_SK": "Eslováquia",
  "signup_enum_country_SL": "Serra Leoa",
  "signup_enum_country_SM": "São Marino",
  "signup_enum_country_SN": "Senegal",
  "signup_enum_country_SO": "Somália",
  "signup_enum_country_SR": "Suriname",
  "signup_enum_country_SS": "Sudão do Sul",
  "signup_enum_country_ST": "São Tomé e Príncipe",
  "signup_enum_country_SV": "El Salvador",
  "signup_enum_country_SX": "Saint-Martin (Reino Unido dos países baixos)",
  "signup_enum_country_SY": "Síria",
  "signup_enum_country_SZ": "Suazilândia",
  "signup_enum_country_TC": "Turks e Caicos, Ilhas",
  "signup_enum_country_TD": "Chade",
  "signup_enum_country_TF": "Terras Austrais e Antárticas Francesas",
  "signup_enum_country_TG": "Togo",
  "signup_enum_country_TH": "Tailândia",
  "signup_enum_country_TJ": "Tajiquistão",
  "signup_enum_country_TK": "Tokelau",
  "signup_enum_country_TL": "Timor-Leste",
  "signup_enum_country_TM": "Turquemenistão",
  "signup_enum_country_TN": "Tunísia",
  "signup_enum_country_TO": "Tonga",
  "signup_enum_country_TR": "Turquia",
  "signup_enum_country_TT": "Trinidad e Tobago",
  "signup_enum_country_TV": "Tuvalu",
  "signup_enum_country_TW": "Taiwan",
  "signup_enum_country_TZ": "República Unida da Tanzânia",
  "signup_enum_country_UA": "Ucrânia",
  "signup_enum_country_UG": "Uganda",
  "signup_enum_country_UK": "Reino Unido",
  "signup_enum_country_UM": "Ilhas Menores Distantes dos Estados Unidos",
  "signup_enum_country_US": "Estados Unidos",
  "signup_enum_country_UY": "Uruguai",
  "signup_enum_country_UZ": "Uzbequistão",
  "signup_enum_country_VA": "Vaticano",
  "signup_enum_country_VC": "São Vicente e Granadinas",
  "signup_enum_country_VE": "Venezuela",
  "signup_enum_country_VG": "Ilhas Virgens Britânicas",
  "signup_enum_country_VI": "Ilhas Virgens Americanas",
  "signup_enum_country_VN": "Vietname",
  "signup_enum_country_VU": "Vanuatu",
  "signup_enum_country_WF": "Wallis e Futuna",
  "signup_enum_country_WS": "Samoa",
  "signup_enum_country_YE": "Iémen",
  "signup_enum_country_YT": "Mayotte",
  "signup_enum_country_ZA": "África do Sul",
  "signup_enum_country_ZM": "Zâmbia",
  "signup_enum_country_ZW": "Zimbabwe",
  "signup_enum_country_ASIA": "Ásia ",
  "signup_enum_country_EU": "Europa",
  "signup_enum_country_LTE": "Lituânia",
  "signup_enum_country_WE": "Estados Unidos",
  "signup_enum_country_AC": "Ilha da Ascenção",
  "signup_enum_country_AQ": "Antártica",
  "signup_enum_country_DG": "Diego Garcia",
  "signup_enum_country_EA": "Ceuta",
  "signup_enum_country_IC": "Ilhas Canárias",
  "signup_enum_country_TA": "Tristan da Cunha (arquipélago)",
  "signup_enum_country_XK": "República do Kosovo",
  "signup_enum_AU_area_NSW": "New South Wales",
  "signup_enum_AU_area_QLD": "Queensland",
  "signup_enum_AU_area_SA": "Austrália Meridional",
  "signup_enum_AU_area_TAS": "Tasmania",
  "signup_enum_AU_area_VIC": "Victoria",
  "signup_enum_AU_area_WA": "Austrália Ocidental",
  "signup_enum_AU_area_ACT": "Território da Capital Australiana",
  "signup_enum_AU_area_NT": "Território do Norte",
  "signup_enum_WE_area_AL": "Alabama",
  "signup_enum_WE_area_AK": "Alaska",
  "signup_enum_WE_area_AZ": "Arizona",
  "signup_enum_WE_area_AR": "Arkansas",
  "signup_enum_WE_area_CA": "Califórnia",
  "signup_enum_WE_area_CO": "Colorado",
  "signup_enum_WE_area_CT": "Connecticut",
  "signup_enum_WE_area_DE": "Delaware",
  "signup_enum_WE_area_DC": "Distrito da Colômbia",
  "signup_enum_WE_area_FL": "Flórida",
  "signup_enum_WE_area_GA": "Geórgia",
  "signup_enum_WE_area_HI": "Hawaii",
  "signup_enum_WE_area_ID": "Idaho",
  "signup_enum_WE_area_IL": "Illinois",
  "signup_enum_WE_area_IN": "Indiana",
  "signup_enum_WE_area_IA": "Iowa",
  "signup_enum_WE_area_KS": "Kansas",
  "signup_enum_WE_area_KY": "Kentucky",
  "signup_enum_WE_area_LA": "Louisiana",
  "signup_enum_WE_area_ME": "Maine",
  "signup_enum_WE_area_MD": "Maryland",
  "signup_enum_WE_area_MA": "Massachusetts",
  "signup_enum_WE_area_MI": "Míchigan",
  "signup_enum_WE_area_MN": "Minnesota",
  "signup_enum_WE_area_MS": "Mississippi",
  "signup_enum_WE_area_MO": "Misuri",
  "signup_enum_WE_area_MT": "Montana",
  "signup_enum_WE_area_NE": "Nebraska",
  "signup_enum_WE_area_NV": "Nevada",
  "signup_enum_WE_area_NH": "New Hampshire",
  "signup_enum_WE_area_NJ": "New Jersey",
  "signup_enum_WE_area_NM": "New Mexico",
  "signup_enum_WE_area_NY": "Nova Iorque ",
  "signup_enum_WE_area_NC": "Carolina do Norte",
  "signup_enum_WE_area_ND": "North Dakota",
  "signup_enum_WE_area_OH": "Ohio",
  "signup_enum_WE_area_OK": "Oklahoma",
  "signup_enum_WE_area_OR": "Oregon",
  "signup_enum_WE_area_PA": "Pensilvânia",
  "signup_enum_WE_area_RI": "Rhode Island",
  "signup_enum_WE_area_SC": "Carolina do Sul",
  "signup_enum_WE_area_SD": "South Dakota",
  "signup_enum_WE_area_TN": "Tennessee",
  "signup_enum_WE_area_TX": "Texas",
  "signup_enum_WE_area_UT": "Utah",
  "signup_enum_WE_area_VT": "Vermont",
  "signup_enum_WE_area_VA": "Virginia",
  "signup_enum_WE_area_WA": "Washington",
  "signup_enum_WE_area_WV": "West Virginia",
  "signup_enum_WE_area_WI": "Wisconsin",
  "signup_enum_WE_area_WY": "Wyoming",
  "signup_enum_US_area_AL": "Alabama",
  "signup_enum_US_area_AK": "Alaska",
  "signup_enum_US_area_AZ": "Arizona",
  "signup_enum_US_area_AR": "Arkansas",
  "signup_enum_US_area_CA": "Califórnia",
  "signup_enum_US_area_CO": "Colorado",
  "signup_enum_US_area_CT": "Connecticut",
  "signup_enum_US_area_DE": "Delaware",
  "signup_enum_US_area_DC": "Distrito da Colômbia",
  "signup_enum_US_area_FL": "Flórida",
  "signup_enum_US_area_GA": "Geórgia",
  "signup_enum_US_area_HI": "Hawaii",
  "signup_enum_US_area_ID": "Idaho",
  "signup_enum_US_area_IL": "Illinois",
  "signup_enum_US_area_IN": "Indiana",
  "signup_enum_US_area_IA": "Iowa",
  "signup_enum_US_area_KS": "Kansas",
  "signup_enum_US_area_KY": "Kentucky",
  "signup_enum_US_area_LA": "Louisiana",
  "signup_enum_US_area_ME": "Maine",
  "signup_enum_US_area_MD": "Maryland",
  "signup_enum_US_area_MA": "Massachusetts",
  "signup_enum_US_area_MI": "Míchigan",
  "signup_enum_US_area_MN": "Minnesota",
  "signup_enum_US_area_MS": "Mississippi",
  "signup_enum_US_area_MO": "Misuri",
  "signup_enum_US_area_MT": "Montana",
  "signup_enum_US_area_NE": "Nebraska",
  "signup_enum_US_area_NV": "Nevada",
  "signup_enum_US_area_NH": "New Hampshire",
  "signup_enum_US_area_NJ": "New Jersey",
  "signup_enum_US_area_NM": "New Mexico",
  "signup_enum_US_area_NY": "Nova Iorque ",
  "signup_enum_US_area_NC": "Carolina do Norte",
  "signup_enum_US_area_ND": "North Dakota",
  "signup_enum_US_area_OH": "Ohio",
  "signup_enum_US_area_OK": "Oklahoma",
  "signup_enum_US_area_OR": "Oregon",
  "signup_enum_US_area_PA": "Pensilvânia",
  "signup_enum_US_area_RI": "Rhode Island",
  "signup_enum_US_area_SC": "Carolina do Sul",
  "signup_enum_US_area_SD": "South Dakota",
  "signup_enum_US_area_TN": "Tennessee",
  "signup_enum_US_area_TX": "Texas",
  "signup_enum_US_area_UT": "Utah",
  "signup_enum_US_area_VT": "Vermont",
  "signup_enum_US_area_VA": "Virginia",
  "signup_enum_US_area_WA": "Washington",
  "signup_enum_US_area_WV": "West Virginia",
  "signup_enum_US_area_WI": "Wisconsin",
  "signup_enum_US_area_WY": "Wyoming",
  "signup_enum_IE_area_CW": "Carlow",
  "signup_enum_IE_area_CN": "Cavan",
  "signup_enum_IE_area_CE": "Clare",
  "signup_enum_IE_area_CO": "Cork",
  "signup_enum_IE_area_DL": "Donegal",
  "signup_enum_IE_area_D": "Dublin",
  "signup_enum_IE_area_G": "Galway",
  "signup_enum_IE_area_KY": "Kerry",
  "signup_enum_IE_area_KE": "Kildare",
  "signup_enum_IE_area_KK": "Kilkenny",
  "signup_enum_IE_area_LS": "Laois",
  "signup_enum_IE_area_LM": "Leitrim",
  "signup_enum_IE_area_LK": "Limerick",
  "signup_enum_IE_area_LD": "Longford",
  "signup_enum_IE_area_LH": "Louth",
  "signup_enum_IE_area_MO": "Mayo",
  "signup_enum_IE_area_MH": "Meath",
  "signup_enum_IE_area_MN": "Monaghan",
  "signup_enum_IE_area_OY": "Offaly",
  "signup_enum_IE_area_RN": "Roscommon",
  "signup_enum_IE_area_SO": "Sligo",
  "signup_enum_IE_area_TA": "Tipperary",
  "signup_enum_IE_area_WD": "Waterford",
  "signup_enum_IE_area_WH": "Westmeath",
  "signup_enum_IE_area_WW": "Wexford",
  "signup_enum_IE_area_WX": "Wicklow",
  "signup_enum_IE_area_D1": "Dublin 1",
  "signup_enum_IE_area_D2": "Dublin 2",
  "signup_enum_IE_area_D3": "Dublin 3",
  "signup_enum_IE_area_D4": "Dublin 4",
  "signup_enum_IE_area_D5": "Dublin 5",
  "signup_enum_IE_area_D6": "Dublin 6",
  "signup_enum_IE_area_D7": "Dublin 7",
  "signup_enum_IE_area_D8": "Dublin 8",
  "signup_enum_IE_area_D9": "Dublin 9",
  "signup_enum_IE_area_D10": "Dublin 10",
  "signup_enum_IE_area_D11": "Dublin 11",
  "signup_enum_IE_area_D12": "Dublin 12",
  "signup_enum_IE_area_D13": "Dublin 13",
  "signup_enum_IE_area_D14": "Dublin 14",
  "signup_enum_IE_area_D15": "Dublin 15",
  "signup_enum_IE_area_D16": "Dublin 16",
  "signup_enum_IE_area_D17": "Dublin 17",
  "signup_enum_IE_area_D18": "Dublin 18",
  "signup_enum_IE_area_D19": "Dublin 19",
  "signup_enum_IE_area_D20": "Dublin 20",
  "signup_enum_IE_area_D21": "Dublin 21",
  "signup_enum_IE_area_D22": "Dublin 22",
  "signup_enum_IE_area_D23": "Dublin 23",
  "signup_enum_IE_area_D24": "Dublin 24",
  "signup_enum_CA_area_AB": "Alberta",
  "signup_enum_CA_area_BC": "British Columbia",
  "signup_enum_CA_area_MB": "Manitoba",
  "signup_enum_CA_area_NB": "New Brunswick",
  "signup_enum_CA_area_NL": "Newfoundland and Labrador",
  "signup_enum_CA_area_NS": "Nova Scotia",
  "signup_enum_CA_area_NT": "Northwest Territories",
  "signup_enum_CA_area_NU": "Nunavut",
  "signup_enum_CA_area_ON": "Ontario",
  "signup_enum_CA_area_PE": "Prince Edward Island",
  "signup_enum_CA_area_QC": "Quebeque",
  "signup_enum_CA_area_SK": "Saskatchewan",
  "signup_enum_CA_area_YT": "Yukon",
  "signup_enum_ES_area_01": "Álava",
  "signup_enum_ES_area_02": "Albacete",
  "signup_enum_ES_area_03": "Alicante",
  "signup_enum_ES_area_04": "Almería",
  "signup_enum_ES_area_05": "Ávila",
  "signup_enum_ES_area_06": "Badajoz",
  "signup_enum_ES_area_07": "Ilhas Baleares",
  "signup_enum_ES_area_08": "Barcelona",
  "signup_enum_ES_area_09": "Burgos",
  "signup_enum_ES_area_10": "Cáceres",
  "signup_enum_ES_area_11": "Cádiz",
  "signup_enum_ES_area_12": "Castellón",
  "signup_enum_ES_area_13": "Ciudad Real",
  "signup_enum_ES_area_14": "Córdoba",
  "signup_enum_ES_area_15": "Corunha",
  "signup_enum_ES_area_16": "Cuenca",
  "signup_enum_ES_area_17": "Gerona",
  "signup_enum_ES_area_18": "Granada",
  "signup_enum_ES_area_19": "Guadalajara",
  "signup_enum_ES_area_20": "Guipúzcoa",
  "signup_enum_ES_area_21": "Huelva",
  "signup_enum_ES_area_22": "Huesca",
  "signup_enum_ES_area_23": "Jaén",
  "signup_enum_ES_area_24": "León",
  "signup_enum_ES_area_25": "Lérida",
  "signup_enum_ES_area_26": "La Rioja",
  "signup_enum_ES_area_27": "Lugo",
  "signup_enum_ES_area_28": "Madrid",
  "signup_enum_ES_area_29": "Málaga",
  "signup_enum_ES_area_30": "Murcia",
  "signup_enum_ES_area_31": "Navarra",
  "signup_enum_ES_area_32": "Orense",
  "signup_enum_ES_area_33": "Asturias",
  "signup_enum_ES_area_34": "Palencia",
  "signup_enum_ES_area_35": "Las Palmas",
  "signup_enum_ES_area_36": "Pontevedra",
  "signup_enum_ES_area_37": "Salamanca",
  "signup_enum_ES_area_38": "Santa Cruz Tenerife",
  "signup_enum_ES_area_39": "Cantabria",
  "signup_enum_ES_area_40": "Segovia",
  "signup_enum_ES_area_41": "Sevilla",
  "signup_enum_ES_area_42": "Soria",
  "signup_enum_ES_area_43": "Tarragona",
  "signup_enum_ES_area_44": "Teruel",
  "signup_enum_ES_area_45": "Toledo",
  "signup_enum_ES_area_46": "Valência",
  "signup_enum_ES_area_47": "Valladolid",
  "signup_enum_ES_area_48": "Vizcaya",
  "signup_enum_ES_area_49": "Zamora",
  "signup_enum_ES_area_50": "Zaragoza",
  "signup_enum_ES_area_51": "Ceuta",
  "signup_enum_ES_area_52": "Melilla",
  "signup_enum_QC_area_AB": "Alberta",
  "signup_enum_QC_area_BC": "Colúmbia Britânica",
  "signup_enum_QC_area_MB": "Manitoba",
  "signup_enum_QC_area_NB": "Nouveau-Brunswick",
  "signup_enum_QC_area_NL": "Terranova e Labrador",
  "signup_enum_QC_area_NS": "Nova Escócia",
  "signup_enum_QC_area_NT": "Território do Noroeste",
  "signup_enum_QC_area_NU": "Nunavut",
  "signup_enum_QC_area_ON": "Ontario",
  "signup_enum_QC_area_PE": "Ilha do Príncipe Eduardo",
  "signup_enum_QC_area_QC": "Québec",
  "signup_enum_QC_area_SK": "Saskatchewan",
  "signup_enum_QC_area_YT": "Yukon",
  "signup_enum_IT_area_AG": "Agrigento (Sicilia)",
  "signup_enum_IT_area_AL": "Alessandria (Piemonte)",
  "signup_enum_IT_area_AN": "Ancona (Marche)",
  "signup_enum_IT_area_AO": "Aosta (Valle de Aosta)",
  "signup_enum_IT_area_AR": "Arezzo (Toscana)",
  "signup_enum_IT_area_AP": "Ascoli Piceno (Marche)",
  "signup_enum_IT_area_AT": "Asti (Piemonte)",
  "signup_enum_IT_area_AV": "Avellino (Campania)",
  "signup_enum_IT_area_BA": "Bari (Puglia)",
  "signup_enum_IT_area_BL": "Belluno (Veneto)",
  "signup_enum_IT_area_BN": "Benevento (Campania)",
  "signup_enum_IT_area_BG": "Bergamo (Lombardia)",
  "signup_enum_IT_area_BI": "Biella (Piemonte)",
  "signup_enum_IT_area_BO": "Bologna (Emilia-Romagna)",
  "signup_enum_IT_area_BZ": "Bolzano (Trentino-Alto Adige)",
  "signup_enum_IT_area_BS": "Brescia (Lombardia)",
  "signup_enum_IT_area_BR": "Brindisi (Puglia)",
  "signup_enum_IT_area_CA": "Cagliari (Sardenha)",
  "signup_enum_IT_area_CL": "Caltanissetta (Sicilia)",
  "signup_enum_IT_area_CB": "Campobasso (Molise)",
  "signup_enum_IT_area_CI": "Carbonia-Iglesias (Sardenha)",
  "signup_enum_IT_area_CE": "Caserta (Campania)",
  "signup_enum_IT_area_CT": "Catania (Sicilia)",
  "signup_enum_IT_area_CZ": "Catanzaro (Calabria)",
  "signup_enum_IT_area_CH": "Chieti (Abruzzo)",
  "signup_enum_IT_area_CO": "Como (Lombardia)",
  "signup_enum_IT_area_CS": "Cosenza (Calabria)",
  "signup_enum_IT_area_CR": "Cremona (Lombardia)",
  "signup_enum_IT_area_KR": "Crotone (Calabria)",
  "signup_enum_IT_area_CN": "Cuneo (Piemonte)",
  "signup_enum_IT_area_EN": "Enna (Sicilia)",
  "signup_enum_IT_area_FE": "Ferrara (Emilia-Romagna)",
  "signup_enum_IT_area_FI": "Firenze (Toscana)",
  "signup_enum_IT_area_FG": "Foggia (Puglia)",
  "signup_enum_IT_area_FC": "Forlì-Cesena (Emilia-Romagna)",
  "signup_enum_IT_area_FR": "Frosinone (Lazio)",
  "signup_enum_IT_area_GE": "Genova (Liguria)",
  "signup_enum_IT_area_GO": "Gorizia (Friuli-Venezia Giulia)",
  "signup_enum_IT_area_GR": "Grosseto (Toscana)",
  "signup_enum_IT_area_IM": "Imperia (Liguria)",
  "signup_enum_IT_area_IS": "Isernia (Molise)",
  "signup_enum_IT_area_SP": "La Spezia (Liguria)",
  "signup_enum_IT_area_AQ": "L'Aquila (Abruzzo)",
  "signup_enum_IT_area_LT": "Latina (Lázio)",
  "signup_enum_IT_area_LE": "Lecce (Puglia)",
  "signup_enum_IT_area_LC": "Lecco (Lombardia)",
  "signup_enum_IT_area_LI": "Livorno (Toscana)",
  "signup_enum_IT_area_LO": "Lodi (Lombardia)",
  "signup_enum_IT_area_LU": "Lucca (Toscana)",
  "signup_enum_IT_area_MC": "Macerata (Marche)",
  "signup_enum_IT_area_MN": "Mantova (Lombardia)",
  "signup_enum_IT_area_MS": "Massa-Carrara (Toscana)",
  "signup_enum_IT_area_MT": "Matera (Basilicata)",
  "signup_enum_IT_area_ME": "Messina (Sicilia)",
  "signup_enum_IT_area_MI": "Milano (Lombardia)",
  "signup_enum_IT_area_MO": "Modena (Emilia-Romagna)",
  "signup_enum_IT_area_NA": "Napoli (Campania)",
  "signup_enum_IT_area_NO": "Novara (Piemonte)",
  "signup_enum_IT_area_NU": "Nuoro (Sardenha)",
  "signup_enum_IT_area_OT": "Olbia-Tempio (Sardenha)",
  "signup_enum_IT_area_OR": "Oristano (Sardenha)",
  "signup_enum_IT_area_PD": "Padova (Veneto)",
  "signup_enum_IT_area_PA": "Palermo (Sicilia)",
  "signup_enum_IT_area_PR": "Parma (Emilia-Romagna)",
  "signup_enum_IT_area_PV": "Pavia (Lombardia)",
  "signup_enum_IT_area_PG": "Perugia (Umbria)",
  "signup_enum_IT_area_PU": "Pesaro e Urbino (Marche)",
  "signup_enum_IT_area_PE": "Pescara (Abruzzo)",
  "signup_enum_IT_area_PC": "Piacenza (Emilia-Romagna)",
  "signup_enum_IT_area_PI": "Pisa (Toscana)",
  "signup_enum_IT_area_PT": "Pistoia (Toscana)",
  "signup_enum_IT_area_PN": "Pordenone (Friuli-Venezia Giulia)",
  "signup_enum_IT_area_PZ": "Potenza (Basilicata)",
  "signup_enum_IT_area_PO": "Prato (Toscana)",
  "signup_enum_IT_area_RG": "Ragusa (Sicilia)",
  "signup_enum_IT_area_RA": "Ravenna (Emilia-Romagna)",
  "signup_enum_IT_area_RC": "Reggio Calabria (Calabria)",
  "signup_enum_IT_area_RE": "Reggio Emilia (Emilia-Romagna)",
  "signup_enum_IT_area_RI": "Rieti (Lázio)",
  "signup_enum_IT_area_RN": "Rimini (Emilia-Romagna)",
  "signup_enum_IT_area_RM": "Roma (Lázio)",
  "signup_enum_IT_area_RO": "Rovigo (Veneto)",
  "signup_enum_IT_area_SA": "Salerno (Campania)",
  "signup_enum_IT_area_VS": "Medio Campidano (Sardenha)",
  "signup_enum_IT_area_SS": "Sassari (Sardenha)",
  "signup_enum_IT_area_SV": "Savona (Liguria)",
  "signup_enum_IT_area_SI": "Siena (Toscana)",
  "signup_enum_IT_area_SR": "Siracusa (Sicilia)",
  "signup_enum_IT_area_SO": "Sondrio (Lombardia)",
  "signup_enum_IT_area_TA": "Taranto (Puglia)",
  "signup_enum_IT_area_TE": "Teramo (Abruzzo)",
  "signup_enum_IT_area_TR": "Terni (Umbria)",
  "signup_enum_IT_area_TO": "Torino (Piemonte)",
  "signup_enum_IT_area_OG": "Ogliastra (Sardenha)",
  "signup_enum_IT_area_TP": "Trapani (Sicilia)",
  "signup_enum_IT_area_TN": "Trento (Trentino-Alto Adige)",
  "signup_enum_IT_area_TV": "Treviso (Veneto)",
  "signup_enum_IT_area_TS": "Trieste (Friuli-Venezia Giulia)",
  "signup_enum_IT_area_UD": "Udine (Friuli-Venezia Giulia)",
  "signup_enum_IT_area_VA": "Varese (Lombardia)",
  "signup_enum_IT_area_VE": "Venezia (Veneto)",
  "signup_enum_IT_area_VB": "Verbano-Cusio-Ossola (Piemonte)",
  "signup_enum_IT_area_VC": "Vercelli (Piemonte)",
  "signup_enum_IT_area_VR": "Verona (Veneto)",
  "signup_enum_IT_area_VV": "Vibo Valentia (Calabria)",
  "signup_enum_IT_area_VI": "Vicenza (Veneto)",
  "signup_enum_IT_area_VT": "Viterbo (Lázio)",
  "signup_enum_IT_area_BT": "Barletta-Andria-Trani (Puglia)",
  "signup_enum_IT_area_FM": "Fermo (Marche)",
  "signup_enum_IT_area_MB": "Monza E Brianza (Lombardia)",
  "signup_field_managerLanguage": "Idioma da Área de Cliente"
}
