{
  "sign_up_form_enum_legalform_association": "Associação",
  "sign_up_form_enum_legalform_corporation": "Empresa",
  "sign_up_form_enum_legalform_personalcorporation": "Empresa individual",
  "sign_up_form_enum_legalform_individual": "Particular",
  "sign_up_form_enum_legalform_administration": "Administração pública",
  "sign_up_form_enum_legalform_other": "Outro",
  "sign_up_form_enum_country_AD": "Andorra",
  "sign_up_form_enum_country_AE": "Emirados Árabes Unidos",
  "sign_up_form_enum_country_AF": "Afeganistão",
  "sign_up_form_enum_country_AG": "Antígua e Barbuda",
  "sign_up_form_enum_country_AI": "Reino Unido - Anguila",
  "sign_up_form_enum_country_AL": "Albânia",
  "sign_up_form_enum_country_AM": "Arménia",
  "sign_up_form_enum_country_AO": "Angola",
  "sign_up_form_enum_country_AR": "Argentina",
  "sign_up_form_enum_country_AS": "Estados Unidos - Samoa Americana",
  "sign_up_form_enum_country_AT": "Áustria",
  "sign_up_form_enum_country_AU": "Austrália",
  "sign_up_form_enum_country_AW": "Países Baixos - Aruba",
  "sign_up_form_enum_country_AX": "Finlândia - Ilhas Åland",
  "sign_up_form_enum_country_AZ": "Azerbaijão",
  "sign_up_form_enum_country_BA": "Bósnia-Herzegovina",
  "sign_up_form_enum_country_BB": "Barbados",
  "sign_up_form_enum_country_BD": "Bangladeche",
  "sign_up_form_enum_country_BE": "Bélgica",
  "sign_up_form_enum_country_BF": "Burquina Faso",
  "sign_up_form_enum_country_BG": "Bulgária",
  "sign_up_form_enum_country_BH": "Bahrein",
  "sign_up_form_enum_country_BI": "Burundi",
  "sign_up_form_enum_country_BJ": "Benim",
  "sign_up_form_enum_country_BL": "França - São Bartolomeu",
  "sign_up_form_enum_country_BM": "Reino Unido - Bermudas",
  "sign_up_form_enum_country_BN": "Brunei",
  "sign_up_form_enum_country_BO": "Bolívia",
  "sign_up_form_enum_country_BQ": "Países Baixos - Bonaire, Santo Eustáquio e Saba",
  "sign_up_form_enum_country_BR": "Brasil",
  "sign_up_form_enum_country_BS": "Baamas",
  "sign_up_form_enum_country_BT": "Butão",
  "sign_up_form_enum_country_BW": "Botsuana",
  "sign_up_form_enum_country_BY": "Bielorrússia",
  "sign_up_form_enum_country_BZ": "Belize",
  "sign_up_form_enum_country_CA": "Canadá",
  "sign_up_form_enum_country_CC": "Cocos (Keeling)",
  "sign_up_form_enum_country_CD": "República Democrática do Congo",
  "sign_up_form_enum_country_CF": "República Centro-Africana",
  "sign_up_form_enum_country_CG": "Congo",
  "sign_up_form_enum_country_CH": "Suíça",
  "sign_up_form_enum_country_CI": "Costa do Marfim",
  "sign_up_form_enum_country_CK": "Reino Unido - Ilhas Cook",
  "sign_up_form_enum_country_CL": "Chile",
  "sign_up_form_enum_country_CM": "Camarões",
  "sign_up_form_enum_country_CN": "China",
  "sign_up_form_enum_country_CO": "Colômbia",
  "sign_up_form_enum_country_CR": "Costa Rica",
  "sign_up_form_enum_country_CU": "Cuba",
  "sign_up_form_enum_country_CV": "Cabo Verde",
  "sign_up_form_enum_country_CW": "Países Baixos - Curaçao",
  "sign_up_form_enum_country_CX": "Austrália - Ilha do Natal",
  "sign_up_form_enum_country_CY": "Chipre",
  "sign_up_form_enum_country_CZ": "Chéquia",
  "sign_up_form_enum_country_DE": "Alemanha",
  "sign_up_form_enum_country_DJ": "Jibuti",
  "sign_up_form_enum_country_DK": "Dinamarca",
  "sign_up_form_enum_country_DM": "Dominicana",
  "sign_up_form_enum_country_DO": "República dominicana",
  "sign_up_form_enum_country_DZ": "Argélia",
  "sign_up_form_enum_country_EC": "Equador",
  "sign_up_form_enum_country_EE": "Estónia",
  "sign_up_form_enum_country_EG": "Egipto",
  "sign_up_form_enum_country_EH": "Saara Ocidental",
  "sign_up_form_enum_country_ER": "Eritreia",
  "sign_up_form_enum_country_ES": "Espanha",
  "sign_up_form_enum_country_ET": "Etiópia",
  "sign_up_form_enum_country_FI": "Finlândia",
  "sign_up_form_enum_country_FJ": "Fiji",
  "sign_up_form_enum_country_FK": "Reino Unido - Ilhas Falkland (Malvinas)",
  "sign_up_form_enum_country_FM": "Micronésia, Estados Federados da",
  "sign_up_form_enum_country_FO": "Dinamarca - Ilhas Faroé",
  "sign_up_form_enum_country_FR": "França - Metrópole",
  "sign_up_form_enum_country_GA": "Gabão",
  "sign_up_form_enum_country_GB": "Reino Unido",
  "sign_up_form_enum_country_GD": "Granada",
  "sign_up_form_enum_country_GE": "Geórgia",
  "sign_up_form_enum_country_GF": "França - Guiana",
  "sign_up_form_enum_country_GG": "Reino Unido - Guernsey",
  "sign_up_form_enum_country_GH": "Gana",
  "sign_up_form_enum_country_GI": "Reino Unido - Gibraltar",
  "sign_up_form_enum_country_GL": "Dinamarca - Gronelândia",
  "sign_up_form_enum_country_GM": "Gâmbia",
  "sign_up_form_enum_country_GN": "Guiné",
  "sign_up_form_enum_country_GP": "França - Guadalupe",
  "sign_up_form_enum_country_GQ": "Guine Equatorial",
  "sign_up_form_enum_country_GR": "Grécia",
  "sign_up_form_enum_country_GS": "Reino Unido - Geórgia do Sul e Sandwich do Sul, Ilhas",
  "sign_up_form_enum_country_GT": "Guatemala",
  "sign_up_form_enum_country_GU": "Estados Unidos - Guam",
  "sign_up_form_enum_country_GW": "Guiné-Bissau",
  "sign_up_form_enum_country_GY": "Guiana",
  "sign_up_form_enum_country_HK": "Hong Kong",
  "sign_up_form_enum_country_HN": "Honduras",
  "sign_up_form_enum_country_HR": "Croácia",
  "sign_up_form_enum_country_HT": "Haiti",
  "sign_up_form_enum_country_HU": "Hungria",
  "sign_up_form_enum_country_ID": "Indonésia",
  "sign_up_form_enum_country_IE": "Irlanda",
  "sign_up_form_enum_country_IL": "Israel",
  "sign_up_form_enum_country_IM": "Reino Unido - Ilha de Man",
  "sign_up_form_enum_country_IN": "Índia",
  "sign_up_form_enum_country_IO": "Reino Unido - Território Britânico do Oceano Índico",
  "sign_up_form_enum_country_IQ": "Iraque",
  "sign_up_form_enum_country_IR": "Irão, República Islâmica do",
  "sign_up_form_enum_country_IS": "Islândia",
  "sign_up_form_enum_country_IT": "Itália",
  "sign_up_form_enum_country_JE": "Reino Unido - Jersey",
  "sign_up_form_enum_country_JM": "Jamaica",
  "sign_up_form_enum_country_JO": "Jordânia",
  "sign_up_form_enum_country_JP": "Japão",
  "sign_up_form_enum_country_KE": "Quénia",
  "sign_up_form_enum_country_KG": "Quirguistão",
  "sign_up_form_enum_country_KH": "Camboja",
  "sign_up_form_enum_country_KI": "Quiribáti",
  "sign_up_form_enum_country_KM": "Comores",
  "sign_up_form_enum_country_KN": "São Cristóvão e Nevis",
  "sign_up_form_enum_country_KP": "Coreia, República Popular Democrática Da",
  "sign_up_form_enum_country_KR": "Coreia, República da",
  "sign_up_form_enum_country_KW": "Kuwait",
  "sign_up_form_enum_country_KY": "Reino Unido - Ilhas Cayman",
  "sign_up_form_enum_country_KZ": "Cazaquistão",
  "sign_up_form_enum_country_LA": "Laos, República Democrática Popular",
  "sign_up_form_enum_country_LB": "Líbano",
  "sign_up_form_enum_country_LC": "Santa Lúcia",
  "sign_up_form_enum_country_LI": "Listenstaine",
  "sign_up_form_enum_country_LK": "Sri Lanka",
  "sign_up_form_enum_country_LR": "Libéria",
  "sign_up_form_enum_country_LS": "Lesoto",
  "sign_up_form_enum_country_LT": "Lituânia",
  "sign_up_form_enum_country_LU": "Luxemburgo",
  "sign_up_form_enum_country_LV": "Letónia",
  "sign_up_form_enum_country_LY": "Líbia",
  "sign_up_form_enum_country_MA": "Marrocos*",
  "sign_up_form_enum_country_MC": "Mónaco",
  "sign_up_form_enum_country_MD": "Moldávia",
  "sign_up_form_enum_country_ME": "Montenegro",
  "sign_up_form_enum_country_MF": "França - Saint Martin",
  "sign_up_form_enum_country_MG": "Madagáscar",
  "sign_up_form_enum_country_MH": "Ilhas Marshall",
  "sign_up_form_enum_country_MK": "Macedónia do Norte",
  "sign_up_form_enum_country_ML": "Mali",
  "sign_up_form_enum_country_MM": "Birmânia",
  "sign_up_form_enum_country_MN": "Mongólia",
  "sign_up_form_enum_country_MO": "China - Macau",
  "sign_up_form_enum_country_MP": "Reino Unido - Ilhas Marianas do Norte",
  "sign_up_form_enum_country_MQ": "França - Martinica",
  "sign_up_form_enum_country_MR": "Mauritânia",
  "sign_up_form_enum_country_MS": "Reino Unido - Montserrat",
  "sign_up_form_enum_country_MT": "Malta ",
  "sign_up_form_enum_country_MU": "Maurícia",
  "sign_up_form_enum_country_MV": "Maldivas",
  "sign_up_form_enum_country_MW": "Maláui",
  "sign_up_form_enum_country_MX": "México",
  "sign_up_form_enum_country_MY": "Malásia",
  "sign_up_form_enum_country_MZ": "Moçambique",
  "sign_up_form_enum_country_NA": "Namíbia",
  "sign_up_form_enum_country_NC": "França - Nova Caledónia",
  "sign_up_form_enum_country_NE": "Níger",
  "sign_up_form_enum_country_NF": "Austrália - Ilha Norfolk",
  "sign_up_form_enum_country_NG": "Nigéria",
  "sign_up_form_enum_country_NI": "Nicarágua",
  "sign_up_form_enum_country_NL": "Países Baixos",
  "sign_up_form_enum_country_NO": "Noruega",
  "sign_up_form_enum_country_NP": "Nepal",
  "sign_up_form_enum_country_NR": "Nauru",
  "sign_up_form_enum_country_NU": "Reino Unido - Niue",
  "sign_up_form_enum_country_NZ": "Nova Zelândia",
  "sign_up_form_enum_country_OM": "Omã",
  "sign_up_form_enum_country_PA": "Panamá",
  "sign_up_form_enum_country_PE": "Peru",
  "sign_up_form_enum_country_PF": "França - Polinésia Francesa",
  "sign_up_form_enum_country_PG": "Papua-Nova Guiné",
  "sign_up_form_enum_country_PH": "Filipinas",
  "sign_up_form_enum_country_PK": "Paquistão",
  "sign_up_form_enum_country_PL": "Polónia",
  "sign_up_form_enum_country_PM": "França - São Pedro e Miquelão",
  "sign_up_form_enum_country_PN": "Reino Unido - Ilhas Pitcairn",
  "sign_up_form_enum_country_PR": "Estados Unidos - Porto Rico",
  "sign_up_form_enum_country_PS": "Palestina, Estado da",
  "sign_up_form_enum_country_PT": "Portugal",
  "sign_up_form_enum_country_PW": "Palau",
  "sign_up_form_enum_country_PY": "Paraguai",
  "sign_up_form_enum_country_QA": "Catar",
  "sign_up_form_enum_country_QC": "Quebeque",
  "sign_up_form_enum_country_RE": "França - Reunião",
  "sign_up_form_enum_country_RO": "Roménia",
  "sign_up_form_enum_country_RS": "Sérvia",
  "sign_up_form_enum_country_RU": "Rússia",
  "sign_up_form_enum_country_RW": "Ruanda",
  "sign_up_form_enum_country_SA": "Arábia Saudita",
  "sign_up_form_enum_country_SB": "Ilhas Salomão",
  "sign_up_form_enum_country_SC": "Seicheles",
  "sign_up_form_enum_country_SD": "Sudão",
  "sign_up_form_enum_country_SE": "Suécia",
  "sign_up_form_enum_country_SG": "Singapura",
  "sign_up_form_enum_country_SH": "Reino Unido - Santa Helena, Ascensão e Tristão da Cunha",
  "sign_up_form_enum_country_SI": "Eslovénia",
  "sign_up_form_enum_country_SJ": "Noruega - Svalbard e Ilha Jan Mayen",
  "sign_up_form_enum_country_SK": "Eslováquia",
  "sign_up_form_enum_country_SL": "Serra Leoa",
  "sign_up_form_enum_country_SM": "São Marino",
  "sign_up_form_enum_country_SN": "Senegal*",
  "sign_up_form_enum_country_SO": "Somália",
  "sign_up_form_enum_country_SR": "Suriname",
  "sign_up_form_enum_country_SS": "Sudão do Sul",
  "sign_up_form_enum_country_ST": "São Tomé e Príncipe",
  "sign_up_form_enum_country_SV": "Salvador",
  "sign_up_form_enum_country_SX": "Países Baixos - Saint Martin",
  "sign_up_form_enum_country_SY": "Síria",
  "sign_up_form_enum_country_SZ": "Essuatíni",
  "sign_up_form_enum_country_TC": "Reino Unido - Ilhas Turcas e Caicos",
  "sign_up_form_enum_country_TD": "Chade",
  "sign_up_form_enum_country_TF": "França - Terras Austrais Francesas",
  "sign_up_form_enum_country_TG": "Togo",
  "sign_up_form_enum_country_TH": "Tailândia",
  "sign_up_form_enum_country_TJ": "Tajiquistão",
  "sign_up_form_enum_country_TK": "Nova Zelândia - Tokelau",
  "sign_up_form_enum_country_TL": "Timor-Leste",
  "sign_up_form_enum_country_TM": "Turquemenistão",
  "sign_up_form_enum_country_TN": "Tunísia*",
  "sign_up_form_enum_country_TO": "Tonga",
  "sign_up_form_enum_country_TR": "Turquia",
  "sign_up_form_enum_country_TT": "Trinidad e Tobago",
  "sign_up_form_enum_country_TV": "Tuvalu",
  "sign_up_form_enum_country_TW": "China - Taiwan",
  "sign_up_form_enum_country_TZ": "República Unida da Tanzânia",
  "sign_up_form_enum_country_UA": "Ucrânia",
  "sign_up_form_enum_country_UG": "Uganda",
  "sign_up_form_enum_country_UK": "Reino Unido",
  "sign_up_form_enum_country_UM": "Estados Unidos - Ilhas Menores Distantes dos Estados Unidos",
  "sign_up_form_enum_country_US": "Estados Unidos",
  "sign_up_form_enum_country_UY": "Uruguai",
  "sign_up_form_enum_country_UZ": "Uzbequistão",
  "sign_up_form_enum_country_VA": "Santa Sé (Vaticano)",
  "sign_up_form_enum_country_VC": "São Vicente e Granadinas",
  "sign_up_form_enum_country_VE": "Venezuela",
  "sign_up_form_enum_country_VG": "Reino Unido - Ilhas Virgens Britânicas",
  "sign_up_form_enum_country_VI": "Estados Unidos - Ilhas Virgens Americanas",
  "sign_up_form_enum_country_VN": "Vietname",
  "sign_up_form_enum_country_VU": "Vanuatu",
  "sign_up_form_enum_country_WF": "França - Wallis e Futuna",
  "sign_up_form_enum_country_WS": "Samoa",
  "sign_up_form_enum_country_YE": "Iémen",
  "sign_up_form_enum_country_YT": "França - Mayotte",
  "sign_up_form_enum_country_ZA": "África do Sul",
  "sign_up_form_enum_country_ZM": "Zâmbia",
  "sign_up_form_enum_country_ZW": "Zimbabué",
  "sign_up_form_enum_country_ASIA": "Ásia ",
  "sign_up_form_enum_country_EU": "Europa",
  "sign_up_form_enum_country_LTE": "Lituânia",
  "sign_up_form_enum_country_WE": "Estados Unidos",
  "sign_up_form_enum_country_AC": "Ilha da Ascensão",
  "sign_up_form_enum_country_AQ": "Antártica",
  "sign_up_form_enum_country_DG": "Diego Garcia",
  "sign_up_form_enum_country_EA": "Ceuta",
  "sign_up_form_enum_country_IC": "Ilhas Canárias",
  "sign_up_form_enum_country_TA": "Tristão da Cunha (arquipélago)",
  "sign_up_form_enum_country_XK": "República do Kosovo",
  "sign_up_form_enum_language_de_DE": "Alemão",
  "sign_up_form_enum_language_en_GB": "Inglês",
  "sign_up_form_enum_language_en_AU": "Inglês (Austrália)",
  "sign_up_form_enum_language_en_US": "Inglês (Estados-Unidos)",
  "sign_up_form_enum_language_en_CA": "Inglês (Canadá)",
  "sign_up_form_enum_language_es_ES": "Espanhol",
  "sign_up_form_enum_language_fr_FR": "Francês",
  "sign_up_form_enum_language_fr_CA": "Francês (Canada)",
  "sign_up_form_enum_language_fr_MA": "Francês (Marrocos)",
  "sign_up_form_enum_language_fr_SN": "Francês (Senegal)",
  "sign_up_form_enum_language_fr_TN": "Francês (Tunísia)",
  "sign_up_form_enum_language_pl_PL": "Polaco",
  "sign_up_form_enum_language_cs_CZ": "Checo ",
  "sign_up_form_enum_language_fi_FI": "Finlandês",
  "sign_up_form_enum_language_en_IE": "Inglês (Irlanda)",
  "sign_up_form_enum_language_it_IT": "Italiano ",
  "sign_up_form_enum_language_lt_LT": "Lituano ",
  "sign_up_form_enum_language_nl_NL": "Holandês",
  "sign_up_form_enum_language_pt_PT": "Português",
  "sign_up_form_enum_corporationtype_sapa": "SAPA",
  "sign_up_form_enum_corporationtype_sas": "sas",
  "sign_up_form_enum_corporationtype_sc": "SC",
  "sign_up_form_enum_corporationtype_scarl": "SCARL",
  "sign_up_form_enum_corporationtype_snc": "SNC",
  "sign_up_form_enum_corporationtype_spa": "SPA",
  "sign_up_form_enum_corporationtype_srl": "SRL",
  "sign_up_form_enum_corporationtype_ss": "SS",
  "sign_up_form_enum_corporationtype_personnelle": "Pessoal",
  "sign_up_form_enum_AU_area_NSW": "Nova Gales do Sul",
  "sign_up_form_enum_AU_area_QLD": "Queensland",
  "sign_up_form_enum_AU_area_SA": "Austrália Meridional",
  "sign_up_form_enum_AU_area_TAS": "Tasmânia",
  "sign_up_form_enum_AU_area_VIC": "Victoria",
  "sign_up_form_enum_AU_area_WA": "Austrália Ocidental",
  "sign_up_form_enum_AU_area_ACT": "Território da Capital Australiana",
  "sign_up_form_enum_AU_area_NT": "Território do Norte",
  "sign_up_form_enum_WE_area_AL": "Alabama",
  "sign_up_form_enum_WE_area_AK": "Alasca",
  "sign_up_form_enum_WE_area_AZ": "Arizona",
  "sign_up_form_enum_WE_area_AR": "Arkansas",
  "sign_up_form_enum_WE_area_CA": "Califórnia",
  "sign_up_form_enum_WE_area_CO": "Colorado",
  "sign_up_form_enum_WE_area_CT": "Connecticut",
  "sign_up_form_enum_WE_area_DE": "Delaware",
  "sign_up_form_enum_WE_area_DC": "Distrito da Colômbia",
  "sign_up_form_enum_WE_area_FL": "Flórida",
  "sign_up_form_enum_WE_area_GA": "Geórgia",
  "sign_up_form_enum_WE_area_HI": "Havai",
  "sign_up_form_enum_WE_area_ID": "Idaho",
  "sign_up_form_enum_WE_area_IL": "Illinois",
  "sign_up_form_enum_WE_area_IN": "Indiana",
  "sign_up_form_enum_WE_area_IA": "Iowa",
  "sign_up_form_enum_WE_area_KS": "Kansas",
  "sign_up_form_enum_WE_area_KY": "Kentucky",
  "sign_up_form_enum_WE_area_LA": "Louisiana",
  "sign_up_form_enum_WE_area_ME": "Maine",
  "sign_up_form_enum_WE_area_MD": "Maryland",
  "sign_up_form_enum_WE_area_MA": "Massachusetts",
  "sign_up_form_enum_WE_area_MI": "Míchigan",
  "sign_up_form_enum_WE_area_MN": "Minnesota",
  "sign_up_form_enum_WE_area_MS": "Mississippi",
  "sign_up_form_enum_WE_area_MO": "Missúri",
  "sign_up_form_enum_WE_area_MT": "Montana",
  "sign_up_form_enum_WE_area_NE": "Nebrasca",
  "sign_up_form_enum_WE_area_NV": "Nevada",
  "sign_up_form_enum_WE_area_NH": "New Hampshire",
  "sign_up_form_enum_WE_area_NJ": "New Jersey",
  "sign_up_form_enum_WE_area_NM": "Novo México",
  "sign_up_form_enum_WE_area_NY": "Nova Iorque ",
  "sign_up_form_enum_WE_area_NC": "Carolina do Norte",
  "sign_up_form_enum_WE_area_ND": "Dakota do Norte",
  "sign_up_form_enum_WE_area_OH": "Ohio",
  "sign_up_form_enum_WE_area_OK": "Oklahoma",
  "sign_up_form_enum_WE_area_OR": "Oregon",
  "sign_up_form_enum_WE_area_PA": "Pensilvânia",
  "sign_up_form_enum_WE_area_RI": "Rhode Island",
  "sign_up_form_enum_WE_area_SC": "Carolina do Sul",
  "sign_up_form_enum_WE_area_SD": "Dakota do Sul",
  "sign_up_form_enum_WE_area_TN": "Tennessee",
  "sign_up_form_enum_WE_area_TX": "Texas",
  "sign_up_form_enum_WE_area_UT": "Utah",
  "sign_up_form_enum_WE_area_VT": "Vermont",
  "sign_up_form_enum_WE_area_VA": "Virgínia",
  "sign_up_form_enum_WE_area_WA": "Washington",
  "sign_up_form_enum_WE_area_WV": "Virgínia Ocidental",
  "sign_up_form_enum_WE_area_WI": "Wisconsin",
  "sign_up_form_enum_WE_area_WY": "Wyoming",
  "sign_up_form_enum_US_area_AL": "Alabama",
  "sign_up_form_enum_US_area_AK": "Alasca",
  "sign_up_form_enum_US_area_AZ": "Arizona",
  "sign_up_form_enum_US_area_AR": "Arkansas",
  "sign_up_form_enum_US_area_CA": "Califórnia",
  "sign_up_form_enum_US_area_CO": "Colorado",
  "sign_up_form_enum_US_area_CT": "Connecticut",
  "sign_up_form_enum_US_area_DE": "Delaware",
  "sign_up_form_enum_US_area_DC": "Distrito da Colômbia",
  "sign_up_form_enum_US_area_FL": "Flórida",
  "sign_up_form_enum_US_area_GA": "Geórgia",
  "sign_up_form_enum_US_area_HI": "Havai",
  "sign_up_form_enum_US_area_ID": "Idaho",
  "sign_up_form_enum_US_area_IL": "Illinois",
  "sign_up_form_enum_US_area_IN": "Indiana",
  "sign_up_form_enum_US_area_IA": "Iowa",
  "sign_up_form_enum_US_area_KS": "Kansas",
  "sign_up_form_enum_US_area_KY": "Kentucky",
  "sign_up_form_enum_US_area_LA": "Louisiana",
  "sign_up_form_enum_US_area_ME": "Maine",
  "sign_up_form_enum_US_area_MD": "Maryland",
  "sign_up_form_enum_US_area_MA": "Massachusetts",
  "sign_up_form_enum_US_area_MI": "Míchigan",
  "sign_up_form_enum_US_area_MN": "Minnesota",
  "sign_up_form_enum_US_area_MS": "Mississippi",
  "sign_up_form_enum_US_area_MO": "Missúri",
  "sign_up_form_enum_US_area_MT": "Montana",
  "sign_up_form_enum_US_area_NE": "Nebrasca",
  "sign_up_form_enum_US_area_NV": "Nevada",
  "sign_up_form_enum_US_area_NH": "New Hampshire",
  "sign_up_form_enum_US_area_NJ": "New Jersey",
  "sign_up_form_enum_US_area_NM": "Novo México",
  "sign_up_form_enum_US_area_NY": "Nova Iorque ",
  "sign_up_form_enum_US_area_NC": "Carolina do Norte",
  "sign_up_form_enum_US_area_ND": "Dakota do Norte",
  "sign_up_form_enum_US_area_OH": "Ohio",
  "sign_up_form_enum_US_area_OK": "Oklahoma",
  "sign_up_form_enum_US_area_OR": "Oregon",
  "sign_up_form_enum_US_area_PA": "Pensilvânia",
  "sign_up_form_enum_US_area_RI": "Rhode Island",
  "sign_up_form_enum_US_area_SC": "Carolina do Sul",
  "sign_up_form_enum_US_area_SD": "Dakota do Sul",
  "sign_up_form_enum_US_area_TN": "Tennessee",
  "sign_up_form_enum_US_area_TX": "Texas",
  "sign_up_form_enum_US_area_UT": "Utah",
  "sign_up_form_enum_US_area_VT": "Vermont",
  "sign_up_form_enum_US_area_VA": "Virgínia",
  "sign_up_form_enum_US_area_WA": "Washington",
  "sign_up_form_enum_US_area_WV": "Virgínia Ocidental",
  "sign_up_form_enum_US_area_WI": "Wisconsin",
  "sign_up_form_enum_US_area_WY": "Wyoming",
  "sign_up_form_enum_IE_area_CW": "Carlow",
  "sign_up_form_enum_IE_area_CN": "Cavan",
  "sign_up_form_enum_IE_area_CE": "Clare",
  "sign_up_form_enum_IE_area_CO": "Cork",
  "sign_up_form_enum_IE_area_DL": "Donegal",
  "sign_up_form_enum_IE_area_D": "Dublin",
  "sign_up_form_enum_IE_area_G": "Galway",
  "sign_up_form_enum_IE_area_KY": "Kerry",
  "sign_up_form_enum_IE_area_KE": "Kildare",
  "sign_up_form_enum_IE_area_KK": "Kilkenny",
  "sign_up_form_enum_IE_area_LS": "Laois",
  "sign_up_form_enum_IE_area_LM": "Leitrim",
  "sign_up_form_enum_IE_area_LK": "Limerick",
  "sign_up_form_enum_IE_area_LD": "Longford",
  "sign_up_form_enum_IE_area_LH": "Louth",
  "sign_up_form_enum_IE_area_MO": "Mayo",
  "sign_up_form_enum_IE_area_MH": "Meath",
  "sign_up_form_enum_IE_area_MN": "Monaghan",
  "sign_up_form_enum_IE_area_OY": "Offaly",
  "sign_up_form_enum_IE_area_RN": "Roscommon",
  "sign_up_form_enum_IE_area_SO": "Sligo",
  "sign_up_form_enum_IE_area_TA": "Tipperary",
  "sign_up_form_enum_IE_area_WD": "Waterford",
  "sign_up_form_enum_IE_area_WH": "Westmeath",
  "sign_up_form_enum_IE_area_WW": "Wexford",
  "sign_up_form_enum_IE_area_WX": "Wicklow",
  "sign_up_form_enum_IE_area_D1": "Dublin 1",
  "sign_up_form_enum_IE_area_D2": "Dublin 2",
  "sign_up_form_enum_IE_area_D3": "Dublin 3",
  "sign_up_form_enum_IE_area_D4": "Dublin 4",
  "sign_up_form_enum_IE_area_D5": "Dublin 5",
  "sign_up_form_enum_IE_area_D6": "Dublin 6",
  "sign_up_form_enum_IE_area_D7": "Dublin 7",
  "sign_up_form_enum_IE_area_D8": "Dublin 8",
  "sign_up_form_enum_IE_area_D9": "Dublin 9",
  "sign_up_form_enum_IE_area_D10": "Dublin 10",
  "sign_up_form_enum_IE_area_D11": "Dublin 11",
  "sign_up_form_enum_IE_area_D12": "Dublin 12",
  "sign_up_form_enum_IE_area_D13": "Dublin 13",
  "sign_up_form_enum_IE_area_D14": "Dublin 14",
  "sign_up_form_enum_IE_area_D15": "Dublin 15",
  "sign_up_form_enum_IE_area_D16": "Dublin 16",
  "sign_up_form_enum_IE_area_D17": "Dublin 17",
  "sign_up_form_enum_IE_area_D18": "Dublin 18",
  "sign_up_form_enum_IE_area_D19": "Dublin 19",
  "sign_up_form_enum_IE_area_D20": "Dublin 20",
  "sign_up_form_enum_IE_area_D21": "Dublin 21",
  "sign_up_form_enum_IE_area_D22": "Dublin 22",
  "sign_up_form_enum_IE_area_D23": "Dublin 23",
  "sign_up_form_enum_IE_area_D24": "Dublin 24",
  "sign_up_form_enum_CA_area_AB": "Alberta",
  "sign_up_form_enum_CA_area_BC": "Colúmbia Britânica",
  "sign_up_form_enum_CA_area_MB": "Manitoba",
  "sign_up_form_enum_CA_area_NB": "Nova Brunswick",
  "sign_up_form_enum_CA_area_NL": "Terra Nova e Labrador",
  "sign_up_form_enum_CA_area_NS": "Nova Escócia",
  "sign_up_form_enum_CA_area_NT": "Territórios do Noroeste",
  "sign_up_form_enum_CA_area_NU": "Nunavut",
  "sign_up_form_enum_CA_area_ON": "Ontário",
  "sign_up_form_enum_CA_area_PE": "Prince Edward Island",
  "sign_up_form_enum_CA_area_QC": "Quebeque",
  "sign_up_form_enum_CA_area_SK": "Saskatchewan",
  "sign_up_form_enum_CA_area_YT": "Yukon",
  "sign_up_form_enum_IN_area_IN-AP": "Andhra Pradesh",
  "sign_up_form_enum_IN_area_IN-AR": "Arunachal Pradesh",
  "sign_up_form_enum_IN_area_IN-AS": "Assam",
  "sign_up_form_enum_IN_area_IN-BR": "Bihar",
  "sign_up_form_enum_IN_area_IN-CT": "Chhattisgarh",
  "sign_up_form_enum_IN_area_IN-GA": "Goa",
  "sign_up_form_enum_IN_area_IN-GJ": "Gujarat",
  "sign_up_form_enum_IN_area_IN-HR": "Haryana",
  "sign_up_form_enum_IN_area_IN-HP": "Himachal Pradesh",
  "sign_up_form_enum_IN_area_IN-JH": "Jharkhand",
  "sign_up_form_enum_IN_area_IN-KA": "Karnataka",
  "sign_up_form_enum_IN_area_IN-KL": "Kerala",
  "sign_up_form_enum_IN_area_IN-MP": "Madhya Pradesh",
  "sign_up_form_enum_IN_area_IN-MH": "Maharashtra",
  "sign_up_form_enum_IN_area_IN-MN": "Manipur",
  "sign_up_form_enum_IN_area_IN-ML": "Meghalaya",
  "sign_up_form_enum_IN_area_IN-MZ": "Mizoram",
  "sign_up_form_enum_IN_area_IN-NL": "Nagaland",
  "sign_up_form_enum_IN_area_IN-OR": "Odisha",
  "sign_up_form_enum_IN_area_IN-PB": "Punjab",
  "sign_up_form_enum_IN_area_IN-RJ": "Rajasthan",
  "sign_up_form_enum_IN_area_IN-SK": "Sikkim",
  "sign_up_form_enum_IN_area_IN-TN": "Tamil Nadu",
  "sign_up_form_enum_IN_area_IN-TG": "Telangana",
  "sign_up_form_enum_IN_area_IN-TR": "Tripura",
  "sign_up_form_enum_IN_area_IN-UP": "Uttar Pradesh",
  "sign_up_form_enum_IN_area_IN-UT": "Uttarakhand",
  "sign_up_form_enum_IN_area_IN-WB": "West Bengal",
  "sign_up_form_enum_ES_area_01": "Álava",
  "sign_up_form_enum_ES_area_02": "Albacete",
  "sign_up_form_enum_ES_area_03": "Alicante",
  "sign_up_form_enum_ES_area_04": "Almería",
  "sign_up_form_enum_ES_area_05": "Ávila",
  "sign_up_form_enum_ES_area_06": "Badajoz",
  "sign_up_form_enum_ES_area_07": "Ilhas Baleares",
  "sign_up_form_enum_ES_area_08": "Barcelona",
  "sign_up_form_enum_ES_area_09": "Burgos",
  "sign_up_form_enum_ES_area_10": "Cáceres",
  "sign_up_form_enum_ES_area_11": "Cádiz",
  "sign_up_form_enum_ES_area_12": "Castellón",
  "sign_up_form_enum_ES_area_13": "Ciudad Real",
  "sign_up_form_enum_ES_area_14": "Córdoba",
  "sign_up_form_enum_ES_area_15": "Corunha",
  "sign_up_form_enum_ES_area_16": "Cuenca",
  "sign_up_form_enum_ES_area_17": "Gerona",
  "sign_up_form_enum_ES_area_18": "Granada",
  "sign_up_form_enum_ES_area_19": "Guadalajara",
  "sign_up_form_enum_ES_area_20": "Guipúzcoa",
  "sign_up_form_enum_ES_area_21": "Huelva",
  "sign_up_form_enum_ES_area_22": "Huesca",
  "sign_up_form_enum_ES_area_23": "Jaén",
  "sign_up_form_enum_ES_area_24": "León",
  "sign_up_form_enum_ES_area_25": "Lérida",
  "sign_up_form_enum_ES_area_26": "La Rioja",
  "sign_up_form_enum_ES_area_27": "Lugo",
  "sign_up_form_enum_ES_area_28": "Madrid",
  "sign_up_form_enum_ES_area_29": "Málaga",
  "sign_up_form_enum_ES_area_30": "Murcia",
  "sign_up_form_enum_ES_area_31": "Navarra",
  "sign_up_form_enum_ES_area_32": "Orense",
  "sign_up_form_enum_ES_area_33": "Astúrias",
  "sign_up_form_enum_ES_area_34": "Palencia",
  "sign_up_form_enum_ES_area_35": "Las Palmas",
  "sign_up_form_enum_ES_area_36": "Pontevedra",
  "sign_up_form_enum_ES_area_37": "Salamanca",
  "sign_up_form_enum_ES_area_38": "Santa Cruz Tenerife",
  "sign_up_form_enum_ES_area_39": "Cantabria",
  "sign_up_form_enum_ES_area_40": "Segóvia",
  "sign_up_form_enum_ES_area_41": "Sevilha",
  "sign_up_form_enum_ES_area_42": "Soria",
  "sign_up_form_enum_ES_area_43": "Tarragona",
  "sign_up_form_enum_ES_area_44": "Teruel",
  "sign_up_form_enum_ES_area_45": "Toledo",
  "sign_up_form_enum_ES_area_46": "Valência",
  "sign_up_form_enum_ES_area_47": "Valladolid",
  "sign_up_form_enum_ES_area_48": "Vizcaya",
  "sign_up_form_enum_ES_area_49": "Zamora",
  "sign_up_form_enum_ES_area_50": "Zaragoza",
  "sign_up_form_enum_ES_area_51": "Ceuta",
  "sign_up_form_enum_ES_area_52": "Melilla",
  "sign_up_form_enum_QC_area_AB": "Alberta",
  "sign_up_form_enum_QC_area_BC": "Colúmbia Britânica",
  "sign_up_form_enum_QC_area_MB": "Manitoba",
  "sign_up_form_enum_QC_area_NB": "Nova Brunswick",
  "sign_up_form_enum_QC_area_NL": "Terranova e Labrador",
  "sign_up_form_enum_QC_area_NS": "Nova Escócia",
  "sign_up_form_enum_QC_area_NT": "Território do Noroeste",
  "sign_up_form_enum_QC_area_NU": "Nunavut",
  "sign_up_form_enum_QC_area_ON": "Ontário",
  "sign_up_form_enum_QC_area_PE": "Ilha do Príncipe Eduardo",
  "sign_up_form_enum_QC_area_QC": "Québec",
  "sign_up_form_enum_QC_area_SK": "Saskatchewan",
  "sign_up_form_enum_QC_area_YT": "Yukon",
  "sign_up_form_enum_IT_area_AG": "Agrigento (Sicília)",
  "sign_up_form_enum_IT_area_AL": "Alessandria (Piemonte)",
  "sign_up_form_enum_IT_area_AN": "Ancona (Marche)",
  "sign_up_form_enum_IT_area_AO": "Aosta (Valle de Aosta)",
  "sign_up_form_enum_IT_area_AR": "Arezzo (Toscana)",
  "sign_up_form_enum_IT_area_AP": "Ascoli Piceno (Marche)",
  "sign_up_form_enum_IT_area_AT": "Asti (Piemonte)",
  "sign_up_form_enum_IT_area_AV": "Avellino (Campania)",
  "sign_up_form_enum_IT_area_BA": "Bari (Puglia)",
  "sign_up_form_enum_IT_area_BL": "Belluno (Veneto)",
  "sign_up_form_enum_IT_area_BN": "Benevento (Campania)",
  "sign_up_form_enum_IT_area_BG": "Bergamo (Lombardia)",
  "sign_up_form_enum_IT_area_BI": "Biella (Piemonte)",
  "sign_up_form_enum_IT_area_BO": "Bologna (Emilia-Romagna)",
  "sign_up_form_enum_IT_area_BZ": "Bolzano (Trentino-Alto Adige)",
  "sign_up_form_enum_IT_area_BS": "Brescia (Lombardia)",
  "sign_up_form_enum_IT_area_BR": "Brindisi (Puglia)",
  "sign_up_form_enum_IT_area_CA": "Cagliari (Sardenha)",
  "sign_up_form_enum_IT_area_CL": "Caltanissetta (Sicília)",
  "sign_up_form_enum_IT_area_CB": "Campobasso (Molise)",
  "sign_up_form_enum_IT_area_CI": "Carbonia-Iglesias (Sardenha)",
  "sign_up_form_enum_IT_area_CE": "Caserta (Campania)",
  "sign_up_form_enum_IT_area_CT": "Catania (Sicília)",
  "sign_up_form_enum_IT_area_CZ": "Catanzaro (Calabria)",
  "sign_up_form_enum_IT_area_CH": "Chieti (Abruzzo)",
  "sign_up_form_enum_IT_area_CO": "Como (Lombardia)",
  "sign_up_form_enum_IT_area_CS": "Cosenza (Calabria)",
  "sign_up_form_enum_IT_area_CR": "Cremona (Lombardia)",
  "sign_up_form_enum_IT_area_KR": "Crotone (Calabria)",
  "sign_up_form_enum_IT_area_CN": "Cuneo (Piemonte)",
  "sign_up_form_enum_IT_area_EN": "Enna (Sicília)",
  "sign_up_form_enum_IT_area_FE": "Ferrara (Emilia-Romagna)",
  "sign_up_form_enum_IT_area_FI": "Firenze (Toscana)",
  "sign_up_form_enum_IT_area_FG": "Foggia (Puglia)",
  "sign_up_form_enum_IT_area_FC": "Forlì-Cesena (Emilia-Romagna)",
  "sign_up_form_enum_IT_area_FR": "Frosinone (Lazio)",
  "sign_up_form_enum_IT_area_GE": "Genova (Liguria)",
  "sign_up_form_enum_IT_area_GO": "Gorizia (Friuli-Venezia Giulia)",
  "sign_up_form_enum_IT_area_GR": "Grosseto (Toscana)",
  "sign_up_form_enum_IT_area_IM": "Imperia (Liguria)",
  "sign_up_form_enum_IT_area_IS": "Isernia (Molise)",
  "sign_up_form_enum_IT_area_SP": "La Spezia (Liguria)",
  "sign_up_form_enum_IT_area_AQ": "L'Aquila (Abruzzo)",
  "sign_up_form_enum_IT_area_LT": "Latina (Lázio)",
  "sign_up_form_enum_IT_area_LE": "Lecce (Puglia)",
  "sign_up_form_enum_IT_area_LC": "Lecco (Lombardia)",
  "sign_up_form_enum_IT_area_LI": "Livorno (Toscana)",
  "sign_up_form_enum_IT_area_LO": "Lodi (Lombardia)",
  "sign_up_form_enum_IT_area_LU": "Lucca (Toscana)",
  "sign_up_form_enum_IT_area_MC": "Macerata (Marche)",
  "sign_up_form_enum_IT_area_MN": "Mantova (Lombardia)",
  "sign_up_form_enum_IT_area_MS": "Massa-Carrara (Toscana)",
  "sign_up_form_enum_IT_area_MT": "Matera (Basilicata)",
  "sign_up_form_enum_IT_area_ME": "Messina (Sicília)",
  "sign_up_form_enum_IT_area_MI": "Milano (Lombardia)",
  "sign_up_form_enum_IT_area_MO": "Modena (Emilia-Romagna)",
  "sign_up_form_enum_IT_area_NA": "Napoli (Campania)",
  "sign_up_form_enum_IT_area_NO": "Novara (Piemonte)",
  "sign_up_form_enum_IT_area_NU": "Nuoro (Sardenha)",
  "sign_up_form_enum_IT_area_OT": "Olbia-Tempio (Sardenha)",
  "sign_up_form_enum_IT_area_OR": "Oristano (Sardenha)",
  "sign_up_form_enum_IT_area_PD": "Padova (Veneto)",
  "sign_up_form_enum_IT_area_PA": "Palermo (Sicília)",
  "sign_up_form_enum_IT_area_PR": "Parma (Emilia-Romagna)",
  "sign_up_form_enum_IT_area_PV": "Pavia (Lombardia)",
  "sign_up_form_enum_IT_area_PG": "Perugia (Umbria)",
  "sign_up_form_enum_IT_area_PU": "Pesaro e Urbino (Marche)",
  "sign_up_form_enum_IT_area_PE": "Pescara (Abruzzo)",
  "sign_up_form_enum_IT_area_PC": "Piacenza (Emilia-Romagna)",
  "sign_up_form_enum_IT_area_PI": "Pisa (Toscana)",
  "sign_up_form_enum_IT_area_PT": "Pistoia (Toscana)",
  "sign_up_form_enum_IT_area_PN": "Pordenone (Friuli-Venezia Giulia)",
  "sign_up_form_enum_IT_area_PZ": "Potenza (Basilicata)",
  "sign_up_form_enum_IT_area_PO": "Prato (Toscana)",
  "sign_up_form_enum_IT_area_RG": "Ragusa (Sicília)",
  "sign_up_form_enum_IT_area_RA": "Ravenna (Emilia-Romagna)",
  "sign_up_form_enum_IT_area_RC": "Reggio Calabria (Calabria)",
  "sign_up_form_enum_IT_area_RE": "Reggio Emilia (Emilia-Romagna)",
  "sign_up_form_enum_IT_area_RI": "Rieti (Lázio)",
  "sign_up_form_enum_IT_area_RN": "Rimini (Emilia-Romagna)",
  "sign_up_form_enum_IT_area_RM": "Roma (Lázio)",
  "sign_up_form_enum_IT_area_RO": "Rovigo (Veneto)",
  "sign_up_form_enum_IT_area_SA": "Salerno (Campania)",
  "sign_up_form_enum_IT_area_VS": "Medio Campidano (Sardenha)",
  "sign_up_form_enum_IT_area_SS": "Sassari (Sardenha)",
  "sign_up_form_enum_IT_area_SV": "Savona (Liguria)",
  "sign_up_form_enum_IT_area_SI": "Siena (Toscana)",
  "sign_up_form_enum_IT_area_SR": "Siracusa (Sicília)",
  "sign_up_form_enum_IT_area_SO": "Sondrio (Lombardia)",
  "sign_up_form_enum_IT_area_TA": "Taranto (Puglia)",
  "sign_up_form_enum_IT_area_TE": "Teramo (Abruzzo)",
  "sign_up_form_enum_IT_area_TR": "Terni (Umbria)",
  "sign_up_form_enum_IT_area_TO": "Torino (Piemonte)",
  "sign_up_form_enum_IT_area_OG": "Ogliastra (Sardenha)",
  "sign_up_form_enum_IT_area_TP": "Trapani (Sicília)",
  "sign_up_form_enum_IT_area_TN": "Trento (Trentino-Alto Adige)",
  "sign_up_form_enum_IT_area_TV": "Treviso (Veneto)",
  "sign_up_form_enum_IT_area_TS": "Trieste (Friuli-Venezia Giulia)",
  "sign_up_form_enum_IT_area_UD": "Udine (Friuli-Venezia Giulia)",
  "sign_up_form_enum_IT_area_VA": "Varese (Lombardia)",
  "sign_up_form_enum_IT_area_VE": "Venezia (Veneto)",
  "sign_up_form_enum_IT_area_VB": "Verbano-Cusio-Ossola (Piemonte)",
  "sign_up_form_enum_IT_area_VC": "Vercelli (Piemonte)",
  "sign_up_form_enum_IT_area_VR": "Verona (Veneto)",
  "sign_up_form_enum_IT_area_VV": "Vibo Valentia (Calabria)",
  "sign_up_form_enum_IT_area_VI": "Vicenza (Veneto)",
  "sign_up_form_enum_IT_area_VT": "Viterbo (Lázio)",
  "sign_up_form_enum_IT_area_BT": "Barletta-Andria-Trani (Puglia)",
  "sign_up_form_enum_IT_area_FM": "Fermo (Marche)",
  "sign_up_form_enum_IT_area_MB": "Monza E Brianza (Lombardia)",
  "sign_up_form_enum_IN_area_IN-AN": "Ilhas de Andamã e Nicobar",
  "sign_up_form_enum_IN_area_IN-CH": "Chandigar",
  "sign_up_form_enum_IN_area_IN-DH": "Dadra and Nagar Haveli and Daman and Diu",
  "sign_up_form_enum_IN_area_IN-DL": "Deli",
  "sign_up_form_enum_IN_area_IN-JK": "Jammu e Kashmir",
  "sign_up_form_enum_IN_area_IN-LA": "Ladaque",
  "sign_up_form_enum_IN_area_IN-LD": "Laquedivas",
  "sign_up_form_enum_IN_area_IN-PY": "Puducherry",
  "sign_up_form_enum_sex_female": "Feminino",
  "sign_up_form_enum_sex_male": "Masculino",
  "sign_up_form_enum_country_BV": "Noruega - Ilha Bouvet",
  "sign_up_form_enum_country_HM": "Reino Unido - Ilhas Heard e MacDonald"
}
