{
  "sign_up_form_enum_legalform_association": "Verein",
  "sign_up_form_enum_legalform_corporation": "Unternehmen",
  "sign_up_form_enum_legalform_personalcorporation": "Einpersonengesellschaft",
  "sign_up_form_enum_legalform_individual": "Privatperson",
  "sign_up_form_enum_legalform_administration": "Öffentliche Verwaltung",
  "sign_up_form_enum_legalform_other": "Andere",
  "sign_up_form_enum_country_AD": "Andorra",
  "sign_up_form_enum_country_AE": "Vereinigte Arabische Emirate",
  "sign_up_form_enum_country_AF": "Afghanistan",
  "sign_up_form_enum_country_AG": "Antigua und Barbuda",
  "sign_up_form_enum_country_AI": "Anguilla",
  "sign_up_form_enum_country_AL": "Albanien",
  "sign_up_form_enum_country_AM": "Armenien",
  "sign_up_form_enum_country_AO": "Angola",
  "sign_up_form_enum_country_AR": "Argentinien",
  "sign_up_form_enum_country_AS": "Amerikanisch-Samoa",
  "sign_up_form_enum_country_AT": "Österreich",
  "sign_up_form_enum_country_AU": "Australien",
  "sign_up_form_enum_country_AW": "Aruba",
  "sign_up_form_enum_country_AX": "Åland Inseln",
  "sign_up_form_enum_country_AZ": "Aserbaidschan",
  "sign_up_form_enum_country_BA": "Bosnien-Herzegowina",
  "sign_up_form_enum_country_BB": "Barbados",
  "sign_up_form_enum_country_BD": "Bangladesch",
  "sign_up_form_enum_country_BE": "Belgien",
  "sign_up_form_enum_country_BF": "Burkina Faso",
  "sign_up_form_enum_country_BG": "Bulgarien",
  "sign_up_form_enum_country_BH": "Bahrein",
  "sign_up_form_enum_country_BI": "Burundi",
  "sign_up_form_enum_country_BJ": "Benin",
  "sign_up_form_enum_country_BL": "Saint Barthélemy",
  "sign_up_form_enum_country_BM": "Bermuda",
  "sign_up_form_enum_country_BN": "Brunei Darussalam",
  "sign_up_form_enum_country_BO": "Bolivien",
  "sign_up_form_enum_country_BQ": "Karibische Niederlande",
  "sign_up_form_enum_country_BR": "Brasilien",
  "sign_up_form_enum_country_BS": "Bahamas",
  "sign_up_form_enum_country_BT": "Bhutan",
  "sign_up_form_enum_country_BW": "Botswana",
  "sign_up_form_enum_country_BY": "Weißrussland",
  "sign_up_form_enum_country_BZ": "Belize",
  "sign_up_form_enum_country_CA": "Kanada",
  "sign_up_form_enum_country_CC": "Cocos (Keeling) Islands",
  "sign_up_form_enum_country_CD": "Demokratische Republik Kongo",
  "sign_up_form_enum_country_CF": "Zentralafrikanische Republik",
  "sign_up_form_enum_country_CG": "Kongo",
  "sign_up_form_enum_country_CH": "Schweiz",
  "sign_up_form_enum_country_CI": "Elfenbeinküste",
  "sign_up_form_enum_country_CK": "Cook Islands",
  "sign_up_form_enum_country_CL": "Chile",
  "sign_up_form_enum_country_CM": "Kamerun",
  "sign_up_form_enum_country_CN": "China",
  "sign_up_form_enum_country_CO": "Kolumbien",
  "sign_up_form_enum_country_CR": "Costa Rica",
  "sign_up_form_enum_country_CU": "Kuba",
  "sign_up_form_enum_country_CV": "Kap Verde",
  "sign_up_form_enum_country_CW": "Curaçao",
  "sign_up_form_enum_country_CX": "Weihnachtsinsel",
  "sign_up_form_enum_country_CY": "Zypern",
  "sign_up_form_enum_country_CZ": "Tschechische Republik",
  "sign_up_form_enum_country_DE": "Deutschland",
  "sign_up_form_enum_country_DJ": "Dschibuti",
  "sign_up_form_enum_country_DK": "Dänemark",
  "sign_up_form_enum_country_DM": "Dominika",
  "sign_up_form_enum_country_DO": "Dominikanische Republik",
  "sign_up_form_enum_country_DZ": "Algerien",
  "sign_up_form_enum_country_EC": "Ecuador",
  "sign_up_form_enum_country_EE": "Estland",
  "sign_up_form_enum_country_EG": "Ägypten",
  "sign_up_form_enum_country_EH": "Westsahara",
  "sign_up_form_enum_country_ER": "Eritrea",
  "sign_up_form_enum_country_ES": "Spanien",
  "sign_up_form_enum_country_ET": "Äthiopien",
  "sign_up_form_enum_country_FI": "Finnland",
  "sign_up_form_enum_country_FJ": "Fidschi",
  "sign_up_form_enum_country_FK": "Falkland-Inseln (Malvinas)",
  "sign_up_form_enum_country_FM": "Mikronesien",
  "sign_up_form_enum_country_FO": "Färöer-Inseln",
  "sign_up_form_enum_country_FR": "Frankreich",
  "sign_up_form_enum_country_GA": "Gabun",
  "sign_up_form_enum_country_GB": "Vereinigtes Königreich",
  "sign_up_form_enum_country_GD": "Grenada",
  "sign_up_form_enum_country_GE": "Georgien",
  "sign_up_form_enum_country_GF": "Französisch-Guayana",
  "sign_up_form_enum_country_GG": "Guernesey",
  "sign_up_form_enum_country_GH": "Ghana",
  "sign_up_form_enum_country_GI": "Gibraltar",
  "sign_up_form_enum_country_GL": "Grönland",
  "sign_up_form_enum_country_GM": "Gambia",
  "sign_up_form_enum_country_GN": "Guinea",
  "sign_up_form_enum_country_GP": "Guadeloupe",
  "sign_up_form_enum_country_GQ": "Äquatorial-Guinea",
  "sign_up_form_enum_country_GR": "Griechenland",
  "sign_up_form_enum_country_GS": "Südgeorgien und Südliche Sandwichinseln",
  "sign_up_form_enum_country_GT": "Guatemala",
  "sign_up_form_enum_country_GU": "Guam",
  "sign_up_form_enum_country_GW": "Guinea-Bissau",
  "sign_up_form_enum_country_GY": "Guyana",
  "sign_up_form_enum_country_HK": "Hong-Kong",
  "sign_up_form_enum_country_HN": "Honduras",
  "sign_up_form_enum_country_HR": "Kroatien",
  "sign_up_form_enum_country_HT": "Haiti",
  "sign_up_form_enum_country_HU": "Ungarn",
  "sign_up_form_enum_country_ID": "Indonesien",
  "sign_up_form_enum_country_IE": "Irland",
  "sign_up_form_enum_country_IL": "Israel",
  "sign_up_form_enum_country_IM": "Isle of Man",
  "sign_up_form_enum_country_IN": "Indien",
  "sign_up_form_enum_country_IO": "Britisches Territorium im Indischen Ozean",
  "sign_up_form_enum_country_IQ": "Irak",
  "sign_up_form_enum_country_IR": "Iran",
  "sign_up_form_enum_country_IS": "Island",
  "sign_up_form_enum_country_IT": "Italien",
  "sign_up_form_enum_country_JE": "Jersey",
  "sign_up_form_enum_country_JM": "Jamaika",
  "sign_up_form_enum_country_JO": "Jordanien",
  "sign_up_form_enum_country_JP": "Japan",
  "sign_up_form_enum_country_KE": "Kenia",
  "sign_up_form_enum_country_KG": "Kirgisistan",
  "sign_up_form_enum_country_KH": "Kambodscha",
  "sign_up_form_enum_country_KI": "Kiribati",
  "sign_up_form_enum_country_KM": "Komoren",
  "sign_up_form_enum_country_KN": "St. Kitts und Nevis",
  "sign_up_form_enum_country_KP": "Demokratische Volksrepublik Korea",
  "sign_up_form_enum_country_KR": "Republik Korea",
  "sign_up_form_enum_country_KW": "Kuwait",
  "sign_up_form_enum_country_KY": "Cayman Islands",
  "sign_up_form_enum_country_KZ": "Kasachstan",
  "sign_up_form_enum_country_LA": "Laos, Demokratische Volksrepublik",
  "sign_up_form_enum_country_LB": "Libanon",
  "sign_up_form_enum_country_LC": "St. Lucia",
  "sign_up_form_enum_country_LI": "Liechtenstein",
  "sign_up_form_enum_country_LK": "Sri Lanka",
  "sign_up_form_enum_country_LR": "Liberia",
  "sign_up_form_enum_country_LS": "Lesotho",
  "sign_up_form_enum_country_LT": "Litauen",
  "sign_up_form_enum_country_LU": "Luxemburg",
  "sign_up_form_enum_country_LV": "Lettland",
  "sign_up_form_enum_country_LY": "Libyen",
  "sign_up_form_enum_country_MA": "Marokko*",
  "sign_up_form_enum_country_MC": "Monaco",
  "sign_up_form_enum_country_MD": "Moldawien",
  "sign_up_form_enum_country_ME": "Montenegro",
  "sign_up_form_enum_country_MF": "Saint Martin (französischer Teil)",
  "sign_up_form_enum_country_MG": "Madagaskar",
  "sign_up_form_enum_country_MH": "Marshall-Inseln",
  "sign_up_form_enum_country_MK": "Mazedonien",
  "sign_up_form_enum_country_ML": "Mali",
  "sign_up_form_enum_country_MM": "Myanmar",
  "sign_up_form_enum_country_MN": "Mongolei",
  "sign_up_form_enum_country_MO": "Macao",
  "sign_up_form_enum_country_MP": "Nördliche Marianen",
  "sign_up_form_enum_country_MQ": "Martinique",
  "sign_up_form_enum_country_MR": "Mauretanien",
  "sign_up_form_enum_country_MS": "Montserrat",
  "sign_up_form_enum_country_MT": "Malta",
  "sign_up_form_enum_country_MU": "Republik Mauritius",
  "sign_up_form_enum_country_MV": "Malediven",
  "sign_up_form_enum_country_MW": "Malawi",
  "sign_up_form_enum_country_MX": "Mexiko",
  "sign_up_form_enum_country_MY": "Malaysia",
  "sign_up_form_enum_country_MZ": "Mosambik",
  "sign_up_form_enum_country_NA": "Namibia",
  "sign_up_form_enum_country_NC": "Neukaledonien",
  "sign_up_form_enum_country_NE": "Niger",
  "sign_up_form_enum_country_NF": "Norfolk-Insel",
  "sign_up_form_enum_country_NG": "Nigeria",
  "sign_up_form_enum_country_NI": "Nicaragua",
  "sign_up_form_enum_country_NL": "Niederlande",
  "sign_up_form_enum_country_NO": "Norwegen",
  "sign_up_form_enum_country_NP": "Nepal",
  "sign_up_form_enum_country_NR": "Nauru",
  "sign_up_form_enum_country_NU": "Niue",
  "sign_up_form_enum_country_NZ": "Neuseeland",
  "sign_up_form_enum_country_OM": "Oman",
  "sign_up_form_enum_country_PA": "Panama",
  "sign_up_form_enum_country_PE": "Peru",
  "sign_up_form_enum_country_PF": "Französisch-Polynesien",
  "sign_up_form_enum_country_PG": "Papua-Neuguinea",
  "sign_up_form_enum_country_PH": "Philippinen",
  "sign_up_form_enum_country_PK": "Pakistan",
  "sign_up_form_enum_country_PL": "Polen",
  "sign_up_form_enum_country_PM": "Saint-Pierre und Miquelon",
  "sign_up_form_enum_country_PN": "Pitcairn",
  "sign_up_form_enum_country_PR": "Puerto Rico",
  "sign_up_form_enum_country_PS": "Palästinensische Autonomiegebiete",
  "sign_up_form_enum_country_PT": "Portugal",
  "sign_up_form_enum_country_PW": "Palau",
  "sign_up_form_enum_country_PY": "Paraguay",
  "sign_up_form_enum_country_QA": "Katar",
  "sign_up_form_enum_country_QC": "Quebec",
  "sign_up_form_enum_country_RE": "Insel La Réunion",
  "sign_up_form_enum_country_RO": "Rumänien",
  "sign_up_form_enum_country_RS": "Republik Serbien (vormals Serbien und Montenegro)",
  "sign_up_form_enum_country_RU": "Russland",
  "sign_up_form_enum_country_RW": "Ruanda",
  "sign_up_form_enum_country_SA": "Saudi-Arabien",
  "sign_up_form_enum_country_SB": "Salomon-Inseln",
  "sign_up_form_enum_country_SC": "Seychellen",
  "sign_up_form_enum_country_SD": "Sudan",
  "sign_up_form_enum_country_SE": "Schweden",
  "sign_up_form_enum_country_SG": "Singapur",
  "sign_up_form_enum_country_SH": "Sankt Helena",
  "sign_up_form_enum_country_SI": "Slowenien",
  "sign_up_form_enum_country_SJ": "Svalbard und Jan Mayen Insel",
  "sign_up_form_enum_country_SK": "Slowakei",
  "sign_up_form_enum_country_SL": "Sierra Leone",
  "sign_up_form_enum_country_SM": "San Marino",
  "sign_up_form_enum_country_SN": "Senegal*",
  "sign_up_form_enum_country_SO": "Somalia",
  "sign_up_form_enum_country_SR": "Suriname",
  "sign_up_form_enum_country_SS": "Süd-Sudan",
  "sign_up_form_enum_country_ST": "Sao Tome und Principe",
  "sign_up_form_enum_country_SV": "El Salvador",
  "sign_up_form_enum_country_SX": "Saint-Martin (Königreich der Niederlande)",
  "sign_up_form_enum_country_SY": "Syrien",
  "sign_up_form_enum_country_SZ": "Swasiland",
  "sign_up_form_enum_country_TC": "Turks- und Caicosinseln",
  "sign_up_form_enum_country_TD": "Tschad",
  "sign_up_form_enum_country_TF": "Südliche Französische Territorien",
  "sign_up_form_enum_country_TG": "Togo",
  "sign_up_form_enum_country_TH": "Thailand",
  "sign_up_form_enum_country_TJ": "Tadschikistan",
  "sign_up_form_enum_country_TK": "Tokelau",
  "sign_up_form_enum_country_TL": "Osttimor",
  "sign_up_form_enum_country_TM": "Turkmenistan",
  "sign_up_form_enum_country_TN": "Tunesien*",
  "sign_up_form_enum_country_TO": "Tonga",
  "sign_up_form_enum_country_TR": "Türkei",
  "sign_up_form_enum_country_TT": "Trinidad und Tobago",
  "sign_up_form_enum_country_TV": "Tuvalu",
  "sign_up_form_enum_country_TW": "Taïwan, Republik China",
  "sign_up_form_enum_country_TZ": "Tansania",
  "sign_up_form_enum_country_UA": "Ukraine",
  "sign_up_form_enum_country_UG": "Uganda",
  "sign_up_form_enum_country_UK": "Vereinigtes Königreich",
  "sign_up_form_enum_country_UM": "Kleinere Inselbesitzungen der Vereinigten Staaten",
  "sign_up_form_enum_country_US": "USA",
  "sign_up_form_enum_country_UY": "Uruguay",
  "sign_up_form_enum_country_UZ": "Usbekistan",
  "sign_up_form_enum_country_VA": "Vatikan",
  "sign_up_form_enum_country_VC": "St. Vincent und die Grenadinen",
  "sign_up_form_enum_country_VE": "Venezuela",
  "sign_up_form_enum_country_VG": "British Virgin Islands",
  "sign_up_form_enum_country_VI": "US-Jungferninseln",
  "sign_up_form_enum_country_VN": "Vietnam",
  "sign_up_form_enum_country_VU": "Vanuatu",
  "sign_up_form_enum_country_WF": "Wallis und Futuna",
  "sign_up_form_enum_country_WS": "Samoa",
  "sign_up_form_enum_country_YE": "Jemen",
  "sign_up_form_enum_country_YT": "Mayotte",
  "sign_up_form_enum_country_ZA": "Südafrika",
  "sign_up_form_enum_country_ZM": "Sambia",
  "sign_up_form_enum_country_ZW": "Simbabwe",
  "sign_up_form_enum_country_ASIA": "Asien",
  "sign_up_form_enum_country_EU": "Europa",
  "sign_up_form_enum_country_LTE": "Litauen",
  "sign_up_form_enum_country_WE": "USA",
  "sign_up_form_enum_country_AC": "Ascension",
  "sign_up_form_enum_country_AQ": "Antarktis",
  "sign_up_form_enum_country_DG": "Diego Garcia",
  "sign_up_form_enum_country_EA": "Ceuta",
  "sign_up_form_enum_country_IC": "Kanarische Inseln",
  "sign_up_form_enum_country_TA": "Tristan da Cunha (Archipel)",
  "sign_up_form_enum_country_XK": "Republik Kosovo",
  "sign_up_form_enum_language_de_DE": "Deutsch",
  "sign_up_form_enum_language_en_GB": "Englisch",
  "sign_up_form_enum_language_en_AU": "Englisch (Australien)",
  "sign_up_form_enum_language_en_US": "Englisch (USA)",
  "sign_up_form_enum_language_en_CA": "Englisch(Kanada)",
  "sign_up_form_enum_language_es_ES": "Spanisch",
  "sign_up_form_enum_language_fr_FR": "Französisch",
  "sign_up_form_enum_language_fr_CA": "Französisch (Kanada)",
  "sign_up_form_enum_language_fr_MA": "Französisch (Marokko)",
  "sign_up_form_enum_language_fr_SN": "Französisch (Senegal)",
  "sign_up_form_enum_language_fr_TN": "Französisch (Tunesien)",
  "sign_up_form_enum_language_pl_PL": "Polnisch",
  "sign_up_form_enum_language_cs_CZ": "Tschechisch",
  "sign_up_form_enum_language_fi_FI": "Finnisch",
  "sign_up_form_enum_language_en_IE": "Englisch (Irland)",
  "sign_up_form_enum_language_it_IT": "Italienisch",
  "sign_up_form_enum_language_lt_LT": "Litauisch",
  "sign_up_form_enum_language_nl_NL": "Niederländisch",
  "sign_up_form_enum_language_pt_PT": "Portugiesisch",
  "sign_up_form_enum_corporationtype_sapa": "SAPA",
  "sign_up_form_enum_corporationtype_sas": "SAS",
  "sign_up_form_enum_corporationtype_sc": "SC",
  "sign_up_form_enum_corporationtype_scarl": "SCARL",
  "sign_up_form_enum_corporationtype_snc": "SNC",
  "sign_up_form_enum_corporationtype_spa": "SPA",
  "sign_up_form_enum_corporationtype_srl": "SRL",
  "sign_up_form_enum_corporationtype_ss": "SS",
  "sign_up_form_enum_corporationtype_personnelle": "Privat",
  "sign_up_form_enum_AU_area_NSW": "New South Wales",
  "sign_up_form_enum_AU_area_QLD": "Queensland",
  "sign_up_form_enum_AU_area_SA": "Southern Australia",
  "sign_up_form_enum_AU_area_TAS": "Tasmanien",
  "sign_up_form_enum_AU_area_VIC": "Victoria",
  "sign_up_form_enum_AU_area_WA": "Western Australia",
  "sign_up_form_enum_AU_area_ACT": "Australian Capital Territory",
  "sign_up_form_enum_AU_area_NT": "Northern Territory",
  "sign_up_form_enum_WE_area_AL": "Alabama",
  "sign_up_form_enum_WE_area_AK": "Alaska",
  "sign_up_form_enum_WE_area_AZ": "Arizona",
  "sign_up_form_enum_WE_area_AR": "Arkansas",
  "sign_up_form_enum_WE_area_CA": "Kalifornien",
  "sign_up_form_enum_WE_area_CO": "Colorado",
  "sign_up_form_enum_WE_area_CT": "Connecticut",
  "sign_up_form_enum_WE_area_DE": "Delaware",
  "sign_up_form_enum_WE_area_DC": "District of Columbia",
  "sign_up_form_enum_WE_area_FL": "Florida",
  "sign_up_form_enum_WE_area_GA": "Georgia",
  "sign_up_form_enum_WE_area_HI": "Hawaii",
  "sign_up_form_enum_WE_area_ID": "Idaho",
  "sign_up_form_enum_WE_area_IL": "Illinois",
  "sign_up_form_enum_WE_area_IN": "Indiana",
  "sign_up_form_enum_WE_area_IA": "Iowa",
  "sign_up_form_enum_WE_area_KS": "Kansas",
  "sign_up_form_enum_WE_area_KY": "Kentucky",
  "sign_up_form_enum_WE_area_LA": "Louisiana",
  "sign_up_form_enum_WE_area_ME": "Maine",
  "sign_up_form_enum_WE_area_MD": "Maryland",
  "sign_up_form_enum_WE_area_MA": "Massachusetts",
  "sign_up_form_enum_WE_area_MI": "Michigan",
  "sign_up_form_enum_WE_area_MN": "Minnesota",
  "sign_up_form_enum_WE_area_MS": "Mississippi",
  "sign_up_form_enum_WE_area_MO": "Missouri",
  "sign_up_form_enum_WE_area_MT": "Montana",
  "sign_up_form_enum_WE_area_NE": "Nebraska",
  "sign_up_form_enum_WE_area_NV": "Nevada",
  "sign_up_form_enum_WE_area_NH": "New Hampshire",
  "sign_up_form_enum_WE_area_NJ": "New Jersey",
  "sign_up_form_enum_WE_area_NM": "New Mexico",
  "sign_up_form_enum_WE_area_NY": "New York",
  "sign_up_form_enum_WE_area_NC": "North Carolina",
  "sign_up_form_enum_WE_area_ND": "North Dakota",
  "sign_up_form_enum_WE_area_OH": "Ohio",
  "sign_up_form_enum_WE_area_OK": "Oklahoma",
  "sign_up_form_enum_WE_area_OR": "Oregon",
  "sign_up_form_enum_WE_area_PA": "Pennsylvania",
  "sign_up_form_enum_WE_area_RI": "Rhode Island",
  "sign_up_form_enum_WE_area_SC": "South Carolina",
  "sign_up_form_enum_WE_area_SD": "South Dakota",
  "sign_up_form_enum_WE_area_TN": "Tennessee",
  "sign_up_form_enum_WE_area_TX": "Texas",
  "sign_up_form_enum_WE_area_UT": "Utah",
  "sign_up_form_enum_WE_area_VT": "Vermont",
  "sign_up_form_enum_WE_area_VA": "Virginia",
  "sign_up_form_enum_WE_area_WA": "Washington",
  "sign_up_form_enum_WE_area_WV": "West Virginia",
  "sign_up_form_enum_WE_area_WI": "Wisconsin",
  "sign_up_form_enum_WE_area_WY": "Wyoming",
  "sign_up_form_enum_US_area_AL": "Alabama",
  "sign_up_form_enum_US_area_AK": "Alaska",
  "sign_up_form_enum_US_area_AZ": "Arizona",
  "sign_up_form_enum_US_area_AR": "Arkansas",
  "sign_up_form_enum_US_area_CA": "Kalifornien",
  "sign_up_form_enum_US_area_CO": "Colorado",
  "sign_up_form_enum_US_area_CT": "Connecticut",
  "sign_up_form_enum_US_area_DE": "Delaware",
  "sign_up_form_enum_US_area_DC": "District of Columbia",
  "sign_up_form_enum_US_area_FL": "Florida",
  "sign_up_form_enum_US_area_GA": "Georgia",
  "sign_up_form_enum_US_area_HI": "Hawaii",
  "sign_up_form_enum_US_area_ID": "Idaho",
  "sign_up_form_enum_US_area_IL": "Illinois",
  "sign_up_form_enum_US_area_IN": "Indiana",
  "sign_up_form_enum_US_area_IA": "Iowa",
  "sign_up_form_enum_US_area_KS": "Kansas",
  "sign_up_form_enum_US_area_KY": "Kentucky",
  "sign_up_form_enum_US_area_LA": "Louisiana",
  "sign_up_form_enum_US_area_ME": "Maine",
  "sign_up_form_enum_US_area_MD": "Maryland",
  "sign_up_form_enum_US_area_MA": "Massachusetts",
  "sign_up_form_enum_US_area_MI": "Michigan",
  "sign_up_form_enum_US_area_MN": "Minnesota",
  "sign_up_form_enum_US_area_MS": "Mississippi",
  "sign_up_form_enum_US_area_MO": "Missouri",
  "sign_up_form_enum_US_area_MT": "Montana",
  "sign_up_form_enum_US_area_NE": "Nebraska",
  "sign_up_form_enum_US_area_NV": "Nevada",
  "sign_up_form_enum_US_area_NH": "New Hampshire",
  "sign_up_form_enum_US_area_NJ": "New Jersey",
  "sign_up_form_enum_US_area_NM": "New Mexico",
  "sign_up_form_enum_US_area_NY": "New York",
  "sign_up_form_enum_US_area_NC": "North Carolina",
  "sign_up_form_enum_US_area_ND": "North Dakota",
  "sign_up_form_enum_US_area_OH": "Ohio",
  "sign_up_form_enum_US_area_OK": "Oklahoma",
  "sign_up_form_enum_US_area_OR": "Oregon",
  "sign_up_form_enum_US_area_PA": "Pennsylvania",
  "sign_up_form_enum_US_area_RI": "Rhode Island",
  "sign_up_form_enum_US_area_SC": "South Carolina",
  "sign_up_form_enum_US_area_SD": "South Dakota",
  "sign_up_form_enum_US_area_TN": "Tennessee",
  "sign_up_form_enum_US_area_TX": "Texas",
  "sign_up_form_enum_US_area_UT": "Utah",
  "sign_up_form_enum_US_area_VT": "Vermont",
  "sign_up_form_enum_US_area_VA": "Virginia",
  "sign_up_form_enum_US_area_WA": "Washington",
  "sign_up_form_enum_US_area_WV": "West Virginia",
  "sign_up_form_enum_US_area_WI": "Wisconsin",
  "sign_up_form_enum_US_area_WY": "Wyoming",
  "sign_up_form_enum_IE_area_CW": "Carlow",
  "sign_up_form_enum_IE_area_CN": "Cavan",
  "sign_up_form_enum_IE_area_CE": "Clare",
  "sign_up_form_enum_IE_area_CO": "Cork",
  "sign_up_form_enum_IE_area_DL": "Donegal",
  "sign_up_form_enum_IE_area_D": "Dublin",
  "sign_up_form_enum_IE_area_G": "Galway",
  "sign_up_form_enum_IE_area_KY": "Kerry",
  "sign_up_form_enum_IE_area_KE": "Kildare",
  "sign_up_form_enum_IE_area_KK": "Kilkenny",
  "sign_up_form_enum_IE_area_LS": "Laois",
  "sign_up_form_enum_IE_area_LM": "Leitrim",
  "sign_up_form_enum_IE_area_LK": "Limerick",
  "sign_up_form_enum_IE_area_LD": "Longford",
  "sign_up_form_enum_IE_area_LH": "Louth",
  "sign_up_form_enum_IE_area_MO": "Mayo",
  "sign_up_form_enum_IE_area_MH": "Meath",
  "sign_up_form_enum_IE_area_MN": "Monaghan",
  "sign_up_form_enum_IE_area_OY": "Offaly",
  "sign_up_form_enum_IE_area_RN": "Roscommon",
  "sign_up_form_enum_IE_area_SO": "Sligo",
  "sign_up_form_enum_IE_area_TA": "Tipperary",
  "sign_up_form_enum_IE_area_WD": "Waterford",
  "sign_up_form_enum_IE_area_WH": "Westmeath",
  "sign_up_form_enum_IE_area_WW": "Wexford",
  "sign_up_form_enum_IE_area_WX": "Wicklow",
  "sign_up_form_enum_IE_area_D1": "Dublin 1",
  "sign_up_form_enum_IE_area_D2": "Dublin 2",
  "sign_up_form_enum_IE_area_D3": "Dublin 3",
  "sign_up_form_enum_IE_area_D4": "Dublin 4",
  "sign_up_form_enum_IE_area_D5": "Dublin 5",
  "sign_up_form_enum_IE_area_D6": "Dublin 6",
  "sign_up_form_enum_IE_area_D7": "Dublin 7",
  "sign_up_form_enum_IE_area_D8": "Dublin 8",
  "sign_up_form_enum_IE_area_D9": "Dublin 9",
  "sign_up_form_enum_IE_area_D10": "Dublin 10",
  "sign_up_form_enum_IE_area_D11": "Dublin 11",
  "sign_up_form_enum_IE_area_D12": "Dublin 12",
  "sign_up_form_enum_IE_area_D13": "Dublin 13",
  "sign_up_form_enum_IE_area_D14": "Dublin 14",
  "sign_up_form_enum_IE_area_D15": "Dublin 15",
  "sign_up_form_enum_IE_area_D16": "Dublin 16",
  "sign_up_form_enum_IE_area_D17": "Dublin 17",
  "sign_up_form_enum_IE_area_D18": "Dublin 18",
  "sign_up_form_enum_IE_area_D19": "Dublin 19",
  "sign_up_form_enum_IE_area_D20": "Dublin 20",
  "sign_up_form_enum_IE_area_D21": "Dublin 21",
  "sign_up_form_enum_IE_area_D22": "Dublin 22",
  "sign_up_form_enum_IE_area_D23": "Dublin 23",
  "sign_up_form_enum_IE_area_D24": "Dublin 24",
  "sign_up_form_enum_CA_area_AB": "Alberta",
  "sign_up_form_enum_CA_area_BC": "British Columbia",
  "sign_up_form_enum_CA_area_MB": "Manitoba",
  "sign_up_form_enum_CA_area_NB": "New Brunswick",
  "sign_up_form_enum_CA_area_NL": "Neufundland und Labrador",
  "sign_up_form_enum_CA_area_NS": "Nova Scotia",
  "sign_up_form_enum_CA_area_NT": "Northwest Territories",
  "sign_up_form_enum_CA_area_NU": "Nunavut",
  "sign_up_form_enum_CA_area_ON": "Ontario",
  "sign_up_form_enum_CA_area_PE": "Prince Edward Island",
  "sign_up_form_enum_CA_area_QC": "Quebec",
  "sign_up_form_enum_CA_area_SK": "Saskatchewan",
  "sign_up_form_enum_CA_area_YT": "Yukon",
  "sign_up_form_enum_ES_area_01": "Álava",
  "sign_up_form_enum_ES_area_02": "Albacete",
  "sign_up_form_enum_ES_area_03": "Alicante",
  "sign_up_form_enum_ES_area_04": "Almería",
  "sign_up_form_enum_ES_area_05": "Ávila",
  "sign_up_form_enum_ES_area_06": "Badajoz",
  "sign_up_form_enum_ES_area_07": "Balearische Inseln",
  "sign_up_form_enum_ES_area_08": "Barcelona",
  "sign_up_form_enum_ES_area_09": "Burgos",
  "sign_up_form_enum_ES_area_10": "Cáceres",
  "sign_up_form_enum_ES_area_11": "Cádiz",
  "sign_up_form_enum_ES_area_12": "Castellón",
  "sign_up_form_enum_ES_area_13": "Ciudad Real",
  "sign_up_form_enum_ES_area_14": "Córdoba",
  "sign_up_form_enum_ES_area_15": "A Coruña",
  "sign_up_form_enum_ES_area_16": "Cuenca",
  "sign_up_form_enum_ES_area_17": "Gerona",
  "sign_up_form_enum_ES_area_18": "Granada",
  "sign_up_form_enum_ES_area_19": "Guadalajara",
  "sign_up_form_enum_ES_area_20": "Guipúzcoa",
  "sign_up_form_enum_ES_area_21": "Huelva",
  "sign_up_form_enum_ES_area_22": "Huesca",
  "sign_up_form_enum_ES_area_23": "Jaén",
  "sign_up_form_enum_ES_area_24": "León",
  "sign_up_form_enum_ES_area_25": "Lérida",
  "sign_up_form_enum_ES_area_26": "La Rioja",
  "sign_up_form_enum_ES_area_27": "Lugo",
  "sign_up_form_enum_ES_area_28": "Madrid",
  "sign_up_form_enum_ES_area_29": "Málaga",
  "sign_up_form_enum_ES_area_30": "Murcia",
  "sign_up_form_enum_ES_area_31": "Navarra",
  "sign_up_form_enum_ES_area_32": "Orense",
  "sign_up_form_enum_ES_area_33": "Asturias",
  "sign_up_form_enum_ES_area_34": "Palencia",
  "sign_up_form_enum_ES_area_35": "Las Palmas",
  "sign_up_form_enum_ES_area_36": "Pontevedra",
  "sign_up_form_enum_ES_area_37": "Salamanca",
  "sign_up_form_enum_ES_area_38": "Santa Cruz de Tenerife",
  "sign_up_form_enum_ES_area_39": "Cantabria",
  "sign_up_form_enum_ES_area_40": "Segovia",
  "sign_up_form_enum_ES_area_41": "Sevilla",
  "sign_up_form_enum_ES_area_42": "Soria",
  "sign_up_form_enum_ES_area_43": "Tarragona",
  "sign_up_form_enum_ES_area_44": "Teruel",
  "sign_up_form_enum_ES_area_45": "Toledo",
  "sign_up_form_enum_ES_area_46": "Valencia",
  "sign_up_form_enum_ES_area_47": "Valladolid",
  "sign_up_form_enum_ES_area_48": "Vizcaya",
  "sign_up_form_enum_ES_area_49": "Zamora",
  "sign_up_form_enum_ES_area_50": "Zaragoza",
  "sign_up_form_enum_ES_area_51": "Ceuta",
  "sign_up_form_enum_ES_area_52": "Melilla",
  "sign_up_form_enum_QC_area_AB": "Alberta",
  "sign_up_form_enum_QC_area_BC": "British Columbia",
  "sign_up_form_enum_QC_area_MB": "Manitoba",
  "sign_up_form_enum_QC_area_NB": "New Brunswick",
  "sign_up_form_enum_QC_area_NL": "Neufundland und Labrador",
  "sign_up_form_enum_QC_area_NS": "Nova Scotia",
  "sign_up_form_enum_QC_area_NT": "Northwest Territories",
  "sign_up_form_enum_QC_area_NU": "Nunavut",
  "sign_up_form_enum_QC_area_ON": "Ontario",
  "sign_up_form_enum_QC_area_PE": "Prince Edward Island",
  "sign_up_form_enum_QC_area_QC": "Quebec",
  "sign_up_form_enum_QC_area_SK": "Saskatchewan",
  "sign_up_form_enum_QC_area_YT": "Yukon",
  "sign_up_form_enum_IT_area_AG": "Agrigento (Sizilien)",
  "sign_up_form_enum_IT_area_AL": "Alessandria (Piemont)",
  "sign_up_form_enum_IT_area_AN": "Ancona (Marken)",
  "sign_up_form_enum_IT_area_AO": "Aosta (Aostatal)",
  "sign_up_form_enum_IT_area_AR": "Arezzo (Toskana)",
  "sign_up_form_enum_IT_area_AP": "Ascoli Piceno (Marken)",
  "sign_up_form_enum_IT_area_AT": "Asti (Piemont)",
  "sign_up_form_enum_IT_area_AV": "Avellino (Kampanien)",
  "sign_up_form_enum_IT_area_BA": "Bari (Apulien)",
  "sign_up_form_enum_IT_area_BL": "Belluno (Venetien)",
  "sign_up_form_enum_IT_area_BN": "Benevento (Kampanien)",
  "sign_up_form_enum_IT_area_BG": "Bergamo (Lombardei)",
  "sign_up_form_enum_IT_area_BI": "Biella (Piemont)",
  "sign_up_form_enum_IT_area_BO": "Bologna (Emilia-Romagna)",
  "sign_up_form_enum_IT_area_BZ": "Bolzano (Trentino-Südtirol)",
  "sign_up_form_enum_IT_area_BS": "Brescia (Lombardei)",
  "sign_up_form_enum_IT_area_BR": "Brindisi (Apulien)",
  "sign_up_form_enum_IT_area_CA": "Cagliari (Sardinien)",
  "sign_up_form_enum_IT_area_CL": "Caltanissetta (Sizilien)",
  "sign_up_form_enum_IT_area_CB": "Campobasso (Molise)",
  "sign_up_form_enum_IT_area_CI": "Carbonia-Iglesias (Sardinien)",
  "sign_up_form_enum_IT_area_CE": "Caserta (Kampanien)",
  "sign_up_form_enum_IT_area_CT": "Catania (Sizilien)",
  "sign_up_form_enum_IT_area_CZ": "Catanzaro (Kalabrien)",
  "sign_up_form_enum_IT_area_CH": "Chieti (Abruzzen)",
  "sign_up_form_enum_IT_area_CO": "Como (Lombardei)",
  "sign_up_form_enum_IT_area_CS": "Cosenza (Kalabrien)",
  "sign_up_form_enum_IT_area_CR": "Cremona (Lombardei)",
  "sign_up_form_enum_IT_area_KR": "Crotone (Kalabrien)",
  "sign_up_form_enum_IT_area_CN": "Cuneo (Piemont)",
  "sign_up_form_enum_IT_area_EN": "Enna (Sizilien)",
  "sign_up_form_enum_IT_area_FE": "Ferrara (Emilia-Romagna)",
  "sign_up_form_enum_IT_area_FI": "Firenze (Toskana)",
  "sign_up_form_enum_IT_area_FG": "Foggia (Apulien)",
  "sign_up_form_enum_IT_area_FC": "Forlì-Cesena (Emilia-Romagna)",
  "sign_up_form_enum_IT_area_FR": "Frosinone (Latium)",
  "sign_up_form_enum_IT_area_GE": "Genua (Ligurien)",
  "sign_up_form_enum_IT_area_GO": "Görz (Friaul-Julisch Venetien)",
  "sign_up_form_enum_IT_area_GR": "Grosseto (Toskana)",
  "sign_up_form_enum_IT_area_IM": "Imperia (Ligurien)",
  "sign_up_form_enum_IT_area_IS": "Isernia (Molise)",
  "sign_up_form_enum_IT_area_SP": "La Spezia (Ligurien)",
  "sign_up_form_enum_IT_area_AQ": "L'Aquila (Abruzzen)",
  "sign_up_form_enum_IT_area_LT": "Latina (Latium)",
  "sign_up_form_enum_IT_area_LE": "Lecce (Apulien)",
  "sign_up_form_enum_IT_area_LC": "Lecco (Lombardei)",
  "sign_up_form_enum_IT_area_LI": "Livorno (Toskana)",
  "sign_up_form_enum_IT_area_LO": "Lodi (Lombardei)",
  "sign_up_form_enum_IT_area_LU": "Lucca (Toskana)",
  "sign_up_form_enum_IT_area_MC": "Macerata (Marken)",
  "sign_up_form_enum_IT_area_MN": "Mantova (Lombardei)",
  "sign_up_form_enum_IT_area_MS": "Massa-Carrara (Toskana)",
  "sign_up_form_enum_IT_area_MT": "Matera (Basilikata)",
  "sign_up_form_enum_IT_area_ME": "Messina (Sizilien)",
  "sign_up_form_enum_IT_area_MI": "Mailand (Lombardei)",
  "sign_up_form_enum_IT_area_MO": "Modena (Emilia-Romagna)",
  "sign_up_form_enum_IT_area_NA": "Neapel (Kampanien)",
  "sign_up_form_enum_IT_area_NO": "Novara (Piemont)",
  "sign_up_form_enum_IT_area_NU": "Nuoro (Sardinien)",
  "sign_up_form_enum_IT_area_OT": "Olbia-Tempio (Sardinien)",
  "sign_up_form_enum_IT_area_OR": "Oristano (Sardinien)",
  "sign_up_form_enum_IT_area_PD": "Padova (Venetien)",
  "sign_up_form_enum_IT_area_PA": "Palermo (Sizilien)",
  "sign_up_form_enum_IT_area_PR": "Parma (Emilia-Romagna)",
  "sign_up_form_enum_IT_area_PV": "Pavia (Lombardei)",
  "sign_up_form_enum_IT_area_PG": "Perugia (Umbrien)",
  "sign_up_form_enum_IT_area_PU": "Pesaro und Urbino (Marken)",
  "sign_up_form_enum_IT_area_PE": "Pescara (Abruzzen)",
  "sign_up_form_enum_IT_area_PC": "Piacenza (Emilia-Romagna)",
  "sign_up_form_enum_IT_area_PI": "Pisa (Toskana)",
  "sign_up_form_enum_IT_area_PT": "Pistoia (Toskana)",
  "sign_up_form_enum_IT_area_PN": "Pordenone (Friaul-Julisch Venetien)",
  "sign_up_form_enum_IT_area_PZ": "Potenza (Basilikata)",
  "sign_up_form_enum_IT_area_PO": "Prato (Toskana)",
  "sign_up_form_enum_IT_area_RG": "Ragusa (Sizilien)",
  "sign_up_form_enum_IT_area_RA": "Ravenna (Emilia-Romagna)",
  "sign_up_form_enum_IT_area_RC": "Reggio Calabria (Kalabrien)",
  "sign_up_form_enum_IT_area_RE": "Reggio Emilia (Emilia-Romagna)",
  "sign_up_form_enum_IT_area_RI": "Rieti (Latium)",
  "sign_up_form_enum_IT_area_RN": "Rimini (Emilia-Romagna)",
  "sign_up_form_enum_IT_area_RM": "Roma (Latium)",
  "sign_up_form_enum_IT_area_RO": "Rovigo (Venetien)",
  "sign_up_form_enum_IT_area_SA": "Salerno (Kampanien)",
  "sign_up_form_enum_IT_area_VS": "Medio Campidano (Sardinien)",
  "sign_up_form_enum_IT_area_SS": "Sassari (Sardinien)",
  "sign_up_form_enum_IT_area_SV": "Savona (Ligurien)",
  "sign_up_form_enum_IT_area_SI": "Siena (Toskana)",
  "sign_up_form_enum_IT_area_SR": "Siracusa (Sizilien)",
  "sign_up_form_enum_IT_area_SO": "Sondrio (Lombardei)",
  "sign_up_form_enum_IT_area_TA": "Tarent (Apulien)",
  "sign_up_form_enum_IT_area_TE": "Teramo (Abruzzen)",
  "sign_up_form_enum_IT_area_TR": "Terni (Umbrien)",
  "sign_up_form_enum_IT_area_TO": "Torino (Piemont)",
  "sign_up_form_enum_IT_area_OG": "Ogliastra (Sardinien)",
  "sign_up_form_enum_IT_area_TP": "Trapani (Sizilien)",
  "sign_up_form_enum_IT_area_TN": "Trient (Trentino-Südtirol)",
  "sign_up_form_enum_IT_area_TV": "Treviso (Venetien)",
  "sign_up_form_enum_IT_area_TS": "Trieste (Friaul-Julisch Venetien)",
  "sign_up_form_enum_IT_area_UD": "Udine (Friaul-Julisch Venetien)",
  "sign_up_form_enum_IT_area_VA": "Varese (Lombardei)",
  "sign_up_form_enum_IT_area_VE": "Venezia (Venetien)",
  "sign_up_form_enum_IT_area_VB": "Verbano-Cusio-Ossola (Piemont)",
  "sign_up_form_enum_IT_area_VC": "Vercelli (Piemont)",
  "sign_up_form_enum_IT_area_VR": "Verona (Venetien)",
  "sign_up_form_enum_IT_area_VV": "Vibo Valentia (Kalabrien)",
  "sign_up_form_enum_IT_area_VI": "Vicenza (Venetien)",
  "sign_up_form_enum_IT_area_VT": "Viterbo (Latium)",
  "sign_up_form_enum_IT_area_BT": "Barletta-Andria-Trani (Apulien)",
  "sign_up_form_enum_IT_area_FM": "Fermo (Marken)",
  "sign_up_form_enum_IT_area_MB": "Monza E Brianza (Lombardei)"
}
