{
  "title": "Listing page",
  "listing_resultats": "resultados",
  "key_management_service_listing_resultats": "resultados",
  "key_management_service_listing_name_cell": "Nome",
  "key_management_service_listing_id_cell": "ID",
  "key_management_service_listing_region_cell": "Região",
  "key_management_service_listing_clipboard_success_label": "Copiado",
  "key_management_service_listing_clipboard_error_label": "Erro",
  "key_management_service_listing_add_kms_button": "Encomendar um KMS",
  "key_management_service_listing_title": "Key Management Service",
  "key_management_service_listing_terminate": "Rescindir",
  "key_management_service_listing_region_eu_west_par": "Europa (França - Paris)",
  "key_management_service_listing_region_eu_west_gra": "Europa (França - Gravelines)",
  "key_management_service_listing_region_eu_west_rbx": "Europa (França - Roubaix)",
  "key_management_service_listing_region_eu_west_sbg": "Europa (França - Estrasburgo)",
  "key_management_service_listing_region_eu_west_lim": "Europa (Alemanha - Limburgo)",
  "key_management_service_listing_region_eu_central_waw": "Europa (Polónia - Varsóvia)",
  "key_management_service_listing_region_eu_west_eri": "Europa (Reino Unido - Erith)",
  "key_management_service_listing_region_us_east_vin": "América do Norte (EUA - East - Vinthill)",
  "key_management_service_listing_region_us_west_hil": "América do Norte (EUA - West - Hillboro)",
  "key_management_service_listing_region_ca_east_bhs": "América do Norte (Canadá - East - Beauharnois)",
  "key_management_service_listing_region_ap_southeast_sgp": "Ásia-Pacífico (Singapura - Singapura)",
  "key_management_service_listing_region_ap_southeast_syd": "Ásia-Pacífico (Austrália - Sydney)",
  "key_management_service_listing_region_eu_west_rbx_snc": "Europa (França - Roubaix) (SNC)",
  "key_management_service_listing_region_eu_west_sbg_snc": "Europa (França - Estrasburgo) (SNC)",
  "key_management_service_listing_region_ca_east_tor": "América do Norte (Canadá - East - Toronto)",
  "key_management_service_listing_region_ap_south_mum": "Ásia-Pacífico (Índia - Mumbai)",
  "key_management_service_listing_region_labeu_west_1_preprod": "LABEU (França - Croix) (PREPROD)",
  "key_management_service_listing_region_labeu_west_1_dev_1": "LABEU (França - Croix) (DEV-1)",
  "key_management_service_listing_region_labeu_west_1_dev_2": "LABEU (França - Croix) (DEV-2)",
  "key_management_service_listing_status_cell": "Estado",
  "key_management_service_listing_service_key_cell": "Chaves",
  "key_management_service_listing_kmip_cell": "KMIP"
}
